[
  {
    "id": 1777889974294.2458,
    "ts": "2026-05-04T10:19:34.294Z",
    "level": "warn",
    "message": "[Customer:M.Con Connectors] attempt 5/5 failed (429) — HTTP 429: \"<!DOCTYPE html>\\n<html lang=\\\"en\\\">\\n\\n<head>\\n    <meta charset=\\\"utf-8\\\">\\n    <title>Daily Usage Limit Reached</title>\\n    <style>\\n        html {\\n            -webkit-font-smoothing: antialiased;\\n            -moz-osx-font-smoothing: grayscale;\\n        }\\n\\n        body {\\n            font-fa — retrying in 30892ms",
    "meta": {},
    "company": null
  },
  {
    "id": 1777889973460.8813,
    "ts": "2026-05-04T10:19:33.460Z",
    "level": "warn",
    "message": "[Customer:M  Computer] attempt 5/5 failed (429) — HTTP 429: \"<!DOCTYPE html>\\n<html lang=\\\"en\\\">\\n\\n<head>\\n    <meta charset=\\\"utf-8\\\">\\n    <title>Daily Usage Limit Reached</title>\\n    <style>\\n        html {\\n            -webkit-font-smoothing: antialiased;\\n            -moz-osx-font-smoothing: grayscale;\\n        }\\n\\n        body {\\n            font-fa — retrying in 30635ms",
    "meta": {},
    "company": null
  },
  {
    "id": 1777889973147.0498,
    "ts": "2026-05-04T10:19:33.147Z",
    "level": "warn",
    "message": "[Customer:MCO Interactive Private Limited] attempt 5/5 failed (429) — HTTP 429: \"<!DOCTYPE html>\\n<html lang=\\\"en\\\">\\n\\n<head>\\n    <meta charset=\\\"utf-8\\\">\\n    <title>Daily Usage Limit Reached</title>\\n    <style>\\n        html {\\n            -webkit-font-smoothing: antialiased;\\n            -moz-osx-font-smoothing: grayscale;\\n        }\\n\\n        body {\\n            font-fa — retrying in 31483ms",
    "meta": {},
    "company": null
  },
  {
    "id": 1777889972295.8984,
    "ts": "2026-05-04T10:19:32.295Z",
    "level": "warn",
    "message": "[Customer:Md. Ali Abdul Qadar Shaikh] attempt 5/5 failed (429) — HTTP 429: \"<!DOCTYPE html>\\n<html lang=\\\"en\\\">\\n\\n<head>\\n    <meta charset=\\\"utf-8\\\">\\n    <title>Daily Usage Limit Reached</title>\\n    <style>\\n        html {\\n            -webkit-font-smoothing: antialiased;\\n            -moz-osx-font-smoothing: grayscale;\\n        }\\n\\n        body {\\n            font-fa — retrying in 31164ms",
    "meta": {},
    "company": null
  },
  {
    "id": 1777889972269.5527,
    "ts": "2026-05-04T10:19:32.269Z",
    "level": "warn",
    "message": "[Customer:Mcneil Instruments Inc] attempt 5/5 failed (429) — HTTP 429: \"<!DOCTYPE html>\\n<html lang=\\\"en\\\">\\n\\n<head>\\n    <meta charset=\\\"utf-8\\\">\\n    <title>Daily Usage Limit Reached</title>\\n    <style>\\n        html {\\n            -webkit-font-smoothing: antialiased;\\n            -moz-osx-font-smoothing: grayscale;\\n        }\\n\\n        body {\\n            font-fa — retrying in 31207ms",
    "meta": {},
    "company": null
  },
  {
    "id": 1777889971740.8916,
    "ts": "2026-05-04T10:19:31.740Z",
    "level": "warn",
    "message": "[Customer:MC Services & Engineers Pvt Ltd] attempt 5/5 failed (429) — HTTP 429: \"<!DOCTYPE html>\\n<html lang=\\\"en\\\">\\n\\n<head>\\n    <meta charset=\\\"utf-8\\\">\\n    <title>Daily Usage Limit Reached</title>\\n    <style>\\n        html {\\n            -webkit-font-smoothing: antialiased;\\n            -moz-osx-font-smoothing: grayscale;\\n        }\\n\\n        body {\\n            font-fa — retrying in 30787ms",
    "meta": {},
    "company": null
  },
  {
    "id": 1777889971341.58,
    "ts": "2026-05-04T10:19:31.341Z",
    "level": "warn",
    "message": "[Customer:MDA SUPERGRITS] attempt 5/5 failed (429) — HTTP 429: \"<!DOCTYPE html>\\n<html lang=\\\"en\\\">\\n\\n<head>\\n    <meta charset=\\\"utf-8\\\">\\n    <title>Daily Usage Limit Reached</title>\\n    <style>\\n        html {\\n            -webkit-font-smoothing: antialiased;\\n            -moz-osx-font-smoothing: grayscale;\\n        }\\n\\n        body {\\n            font-fa — retrying in 31300ms",
    "meta": {},
    "company": null
  },
  {
    "id": 1777889971095.6226,
    "ts": "2026-05-04T10:19:31.095Z",
    "level": "warn",
    "message": "[Customer:M.C.Saraiya & Co] attempt 5/5 failed (429) — HTTP 429: \"<!DOCTYPE html>\\n<html lang=\\\"en\\\">\\n\\n<head>\\n    <meta charset=\\\"utf-8\\\">\\n    <title>Daily Usage Limit Reached</title>\\n    <style>\\n        html {\\n            -webkit-font-smoothing: antialiased;\\n            -moz-osx-font-smoothing: grayscale;\\n        }\\n\\n        body {\\n            font-fa — retrying in 30569ms",
    "meta": {},
    "company": null
  },
  {
    "id": 1777889943562.3052,
    "ts": "2026-05-04T10:19:03.562Z",
    "level": "warn",
    "message": "[Customer:M.Con Connectors] attempt 4/5 failed (429) — HTTP 429: \"<!DOCTYPE html>\\n<html lang=\\\"en\\\">\\n\\n<head>\\n    <meta charset=\\\"utf-8\\\">\\n    <title>Daily Usage Limit Reached</title>\\n    <style>\\n        html {\\n            -webkit-font-smoothing: antialiased;\\n            -moz-osx-font-smoothing: grayscale;\\n        }\\n\\n        body {\\n            font-fa — retrying in 30436ms",
    "meta": {},
    "company": null
  },
  {
    "id": 1777889942118.6133,
    "ts": "2026-05-04T10:19:02.118Z",
    "level": "warn",
    "message": "[Customer:Md. Ali Abdul Qadar Shaikh] attempt 4/5 failed (429) — HTTP 429: \"<!DOCTYPE html>\\n<html lang=\\\"en\\\">\\n\\n<head>\\n    <meta charset=\\\"utf-8\\\">\\n    <title>Daily Usage Limit Reached</title>\\n    <style>\\n        html {\\n            -webkit-font-smoothing: antialiased;\\n            -moz-osx-font-smoothing: grayscale;\\n        }\\n\\n        body {\\n            font-fa — retrying in 30113ms",
    "meta": {},
    "company": null
  },
  {
    "id": 1777889941976.98,
    "ts": "2026-05-04T10:19:01.976Z",
    "level": "warn",
    "message": "[Customer:M  Computer] attempt 4/5 failed (429) — HTTP 429: \"<!DOCTYPE html>\\n<html lang=\\\"en\\\">\\n\\n<head>\\n    <meta charset=\\\"utf-8\\\">\\n    <title>Daily Usage Limit Reached</title>\\n    <style>\\n        html {\\n            -webkit-font-smoothing: antialiased;\\n            -moz-osx-font-smoothing: grayscale;\\n        }\\n\\n        body {\\n            font-fa — retrying in 31405ms",
    "meta": {},
    "company": null
  },
  {
    "id": 1777889941935.077,
    "ts": "2026-05-04T10:19:01.935Z",
    "level": "warn",
    "message": "[Customer:Mcneil Instruments Inc] attempt 4/5 failed (429) — HTTP 429: \"<!DOCTYPE html>\\n<html lang=\\\"en\\\">\\n\\n<head>\\n    <meta charset=\\\"utf-8\\\">\\n    <title>Daily Usage Limit Reached</title>\\n    <style>\\n        html {\\n            -webkit-font-smoothing: antialiased;\\n            -moz-osx-font-smoothing: grayscale;\\n        }\\n\\n        body {\\n            font-fa — retrying in 30290ms",
    "meta": {},
    "company": null
  },
  {
    "id": 1777889941822.1587,
    "ts": "2026-05-04T10:19:01.822Z",
    "level": "warn",
    "message": "[Customer:MCO Interactive Private Limited] attempt 4/5 failed (429) — HTTP 429: \"<!DOCTYPE html>\\n<html lang=\\\"en\\\">\\n\\n<head>\\n    <meta charset=\\\"utf-8\\\">\\n    <title>Daily Usage Limit Reached</title>\\n    <style>\\n        html {\\n            -webkit-font-smoothing: antialiased;\\n            -moz-osx-font-smoothing: grayscale;\\n        }\\n\\n        body {\\n            font-fa — retrying in 31292ms",
    "meta": {},
    "company": null
  },
  {
    "id": 1777889941551.1685,
    "ts": "2026-05-04T10:19:01.551Z",
    "level": "warn",
    "message": "[Customer:MC Services & Engineers Pvt Ltd] attempt 4/5 failed (429) — HTTP 429: \"<!DOCTYPE html>\\n<html lang=\\\"en\\\">\\n\\n<head>\\n    <meta charset=\\\"utf-8\\\">\\n    <title>Daily Usage Limit Reached</title>\\n    <style>\\n        html {\\n            -webkit-font-smoothing: antialiased;\\n            -moz-osx-font-smoothing: grayscale;\\n        }\\n\\n        body {\\n            font-fa — retrying in 30143ms",
    "meta": {},
    "company": null
  },
  {
    "id": 1777889940846.1104,
    "ts": "2026-05-04T10:19:00.846Z",
    "level": "warn",
    "message": "[Customer:M.C.Saraiya & Co] attempt 4/5 failed (429) — HTTP 429: \"<!DOCTYPE html>\\n<html lang=\\\"en\\\">\\n\\n<head>\\n    <meta charset=\\\"utf-8\\\">\\n    <title>Daily Usage Limit Reached</title>\\n    <style>\\n        html {\\n            -webkit-font-smoothing: antialiased;\\n            -moz-osx-font-smoothing: grayscale;\\n        }\\n\\n        body {\\n            font-fa — retrying in 30175ms",
    "meta": {},
    "company": null
  },
  {
    "id": 1777889940747.2153,
    "ts": "2026-05-04T10:19:00.747Z",
    "level": "warn",
    "message": "[Customer:MDA SUPERGRITS] attempt 4/5 failed (429) — HTTP 429: \"<!DOCTYPE html>\\n<html lang=\\\"en\\\">\\n\\n<head>\\n    <meta charset=\\\"utf-8\\\">\\n    <title>Daily Usage Limit Reached</title>\\n    <style>\\n        html {\\n            -webkit-font-smoothing: antialiased;\\n            -moz-osx-font-smoothing: grayscale;\\n        }\\n\\n        body {\\n            font-fa — retrying in 30554ms",
    "meta": {},
    "company": null
  },
  {
    "id": 1777889912285.729,
    "ts": "2026-05-04T10:18:32.285Z",
    "level": "warn",
    "message": "[Customer:M.Con Connectors] attempt 3/5 failed (429) — HTTP 429: \"<!DOCTYPE html>\\n<html lang=\\\"en\\\">\\n\\n<head>\\n    <meta charset=\\\"utf-8\\\">\\n    <title>Daily Usage Limit Reached</title>\\n    <style>\\n        html {\\n            -webkit-font-smoothing: antialiased;\\n            -moz-osx-font-smoothing: grayscale;\\n        }\\n\\n        body {\\n            font-fa — retrying in 31241ms",
    "meta": {},
    "company": null
  },
  {
    "id": 1777889911797.206,
    "ts": "2026-05-04T10:18:31.797Z",
    "level": "warn",
    "message": "[Customer:M  Computer] attempt 3/5 failed (429) — HTTP 429: \"<!DOCTYPE html>\\n<html lang=\\\"en\\\">\\n\\n<head>\\n    <meta charset=\\\"utf-8\\\">\\n    <title>Daily Usage Limit Reached</title>\\n    <style>\\n        html {\\n            -webkit-font-smoothing: antialiased;\\n            -moz-osx-font-smoothing: grayscale;\\n        }\\n\\n        body {\\n            font-fa — retrying in 30146ms",
    "meta": {},
    "company": null
  },
  {
    "id": 1777889911600.622,
    "ts": "2026-05-04T10:18:31.600Z",
    "level": "warn",
    "message": "[Customer:Md. Ali Abdul Qadar Shaikh] attempt 3/5 failed (429) — HTTP 429: \"<!DOCTYPE html>\\n<html lang=\\\"en\\\">\\n\\n<head>\\n    <meta charset=\\\"utf-8\\\">\\n    <title>Daily Usage Limit Reached</title>\\n    <style>\\n        html {\\n            -webkit-font-smoothing: antialiased;\\n            -moz-osx-font-smoothing: grayscale;\\n        }\\n\\n        body {\\n            font-fa — retrying in 30424ms",
    "meta": {},
    "company": null
  },
  {
    "id": 1777889911578.955,
    "ts": "2026-05-04T10:18:31.578Z",
    "level": "warn",
    "message": "[Customer:Mcneil Instruments Inc] attempt 3/5 failed (429) — HTTP 429: \"<!DOCTYPE html>\\n<html lang=\\\"en\\\">\\n\\n<head>\\n    <meta charset=\\\"utf-8\\\">\\n    <title>Daily Usage Limit Reached</title>\\n    <style>\\n        html {\\n            -webkit-font-smoothing: antialiased;\\n            -moz-osx-font-smoothing: grayscale;\\n        }\\n\\n        body {\\n            font-fa — retrying in 30327ms",
    "meta": {},
    "company": null
  },
  {
    "id": 1777889911252.4194,
    "ts": "2026-05-04T10:18:31.252Z",
    "level": "warn",
    "message": "[Customer:MCO Interactive Private Limited] attempt 3/5 failed (429) — HTTP 429: \"<!DOCTYPE html>\\n<html lang=\\\"en\\\">\\n\\n<head>\\n    <meta charset=\\\"utf-8\\\">\\n    <title>Daily Usage Limit Reached</title>\\n    <style>\\n        html {\\n            -webkit-font-smoothing: antialiased;\\n            -moz-osx-font-smoothing: grayscale;\\n        }\\n\\n        body {\\n            font-fa — retrying in 30516ms",
    "meta": {},
    "company": null
  },
  {
    "id": 1777889911119.7158,
    "ts": "2026-05-04T10:18:31.119Z",
    "level": "warn",
    "message": "[Customer:MC Services & Engineers Pvt Ltd] attempt 3/5 failed (429) — HTTP 429: \"<!DOCTYPE html>\\n<html lang=\\\"en\\\">\\n\\n<head>\\n    <meta charset=\\\"utf-8\\\">\\n    <title>Daily Usage Limit Reached</title>\\n    <style>\\n        html {\\n            -webkit-font-smoothing: antialiased;\\n            -moz-osx-font-smoothing: grayscale;\\n        }\\n\\n        body {\\n            font-fa — retrying in 30398ms",
    "meta": {},
    "company": null
  },
  {
    "id": 1777889910455.6855,
    "ts": "2026-05-04T10:18:30.455Z",
    "level": "warn",
    "message": "[Customer:M.C.Saraiya & Co] attempt 3/5 failed (429) — HTTP 429: \"<!DOCTYPE html>\\n<html lang=\\\"en\\\">\\n\\n<head>\\n    <meta charset=\\\"utf-8\\\">\\n    <title>Daily Usage Limit Reached</title>\\n    <style>\\n        html {\\n            -webkit-font-smoothing: antialiased;\\n            -moz-osx-font-smoothing: grayscale;\\n        }\\n\\n        body {\\n            font-fa — retrying in 30347ms",
    "meta": {},
    "company": null
  },
  {
    "id": 1777889910292.376,
    "ts": "2026-05-04T10:18:30.292Z",
    "level": "warn",
    "message": "[Customer:MDA SUPERGRITS] attempt 3/5 failed (429) — HTTP 429: \"<!DOCTYPE html>\\n<html lang=\\\"en\\\">\\n\\n<head>\\n    <meta charset=\\\"utf-8\\\">\\n    <title>Daily Usage Limit Reached</title>\\n    <style>\\n        html {\\n            -webkit-font-smoothing: antialiased;\\n            -moz-osx-font-smoothing: grayscale;\\n        }\\n\\n        body {\\n            font-fa — retrying in 30366ms",
    "meta": {},
    "company": null
  },
  {
    "id": 1777889895129.0916,
    "ts": "2026-05-04T10:18:15.129Z",
    "level": "warn",
    "message": "[Customer:MCO Interactive Private Limited] attempt 2/5 failed (429) — HTTP 429: \"<!DOCTYPE html>\\n<html lang=\\\"en\\\">\\n\\n<head>\\n    <meta charset=\\\"utf-8\\\">\\n    <title>Daily Usage Limit Reached</title>\\n    <style>\\n        html {\\n            -webkit-font-smoothing: antialiased;\\n            -moz-osx-font-smoothing: grayscale;\\n        }\\n\\n        body {\\n            font-fa — retrying in 16087ms",
    "meta": {},
    "company": null
  },
  {
    "id": 1777889894982.2703,
    "ts": "2026-05-04T10:18:14.982Z",
    "level": "warn",
    "message": "[Customer:Md. Ali Abdul Qadar Shaikh] attempt 2/5 failed (429) — HTTP 429: \"<!DOCTYPE html>\\n<html lang=\\\"en\\\">\\n\\n<head>\\n    <meta charset=\\\"utf-8\\\">\\n    <title>Daily Usage Limit Reached</title>\\n    <style>\\n        html {\\n            -webkit-font-smoothing: antialiased;\\n            -moz-osx-font-smoothing: grayscale;\\n        }\\n\\n        body {\\n            font-fa — retrying in 16594ms",
    "meta": {},
    "company": null
  },
  {
    "id": 1777889894975.096,
    "ts": "2026-05-04T10:18:14.975Z",
    "level": "warn",
    "message": "[Customer:Mcneil Instruments Inc] attempt 2/5 failed (429) — HTTP 429: \"<!DOCTYPE html>\\n<html lang=\\\"en\\\">\\n\\n<head>\\n    <meta charset=\\\"utf-8\\\">\\n    <title>Daily Usage Limit Reached</title>\\n    <style>\\n        html {\\n            -webkit-font-smoothing: antialiased;\\n            -moz-osx-font-smoothing: grayscale;\\n        }\\n\\n        body {\\n            font-fa — retrying in 16568ms",
    "meta": {},
    "company": null
  },
  {
    "id": 1777889894817.2134,
    "ts": "2026-05-04T10:18:14.817Z",
    "level": "warn",
    "message": "[Customer:M.Con Connectors] attempt 2/5 failed (429) — HTTP 429: \"<!DOCTYPE html>\\n<html lang=\\\"en\\\">\\n\\n<head>\\n    <meta charset=\\\"utf-8\\\">\\n    <title>Daily Usage Limit Reached</title>\\n    <style>\\n        html {\\n            -webkit-font-smoothing: antialiased;\\n            -moz-osx-font-smoothing: grayscale;\\n        }\\n\\n        body {\\n            font-fa — retrying in 17433ms",
    "meta": {},
    "company": null
  },
  {
    "id": 1777889894407.4402,
    "ts": "2026-05-04T10:18:14.407Z",
    "level": "warn",
    "message": "[Customer:M  Computer] attempt 2/5 failed (429) — HTTP 429: \"<!DOCTYPE html>\\n<html lang=\\\"en\\\">\\n\\n<head>\\n    <meta charset=\\\"utf-8\\\">\\n    <title>Daily Usage Limit Reached</title>\\n    <style>\\n        html {\\n            -webkit-font-smoothing: antialiased;\\n            -moz-osx-font-smoothing: grayscale;\\n        }\\n\\n        body {\\n            font-fa — retrying in 17352ms",
    "meta": {},
    "company": null
  },
  {
    "id": 1777889894009.381,
    "ts": "2026-05-04T10:18:14.009Z",
    "level": "warn",
    "message": "[Customer:M.C.Saraiya & Co] attempt 2/5 failed (429) — HTTP 429: \"<!DOCTYPE html>\\n<html lang=\\\"en\\\">\\n\\n<head>\\n    <meta charset=\\\"utf-8\\\">\\n    <title>Daily Usage Limit Reached</title>\\n    <style>\\n        html {\\n            -webkit-font-smoothing: antialiased;\\n            -moz-osx-font-smoothing: grayscale;\\n        }\\n\\n        body {\\n            font-fa — retrying in 16406ms",
    "meta": {},
    "company": null
  },
  {
    "id": 1777889893971.6614,
    "ts": "2026-05-04T10:18:13.971Z",
    "level": "warn",
    "message": "[Customer:MC Services & Engineers Pvt Ltd] attempt 2/5 failed (429) — HTTP 429: \"<!DOCTYPE html>\\n<html lang=\\\"en\\\">\\n\\n<head>\\n    <meta charset=\\\"utf-8\\\">\\n    <title>Daily Usage Limit Reached</title>\\n    <style>\\n        html {\\n            -webkit-font-smoothing: antialiased;\\n            -moz-osx-font-smoothing: grayscale;\\n        }\\n\\n        body {\\n            font-fa — retrying in 17124ms",
    "meta": {},
    "company": null
  },
  {
    "id": 1777889893836.0664,
    "ts": "2026-05-04T10:18:13.836Z",
    "level": "warn",
    "message": "[Customer:MDA SUPERGRITS] attempt 2/5 failed (429) — HTTP 429: \"<!DOCTYPE html>\\n<html lang=\\\"en\\\">\\n\\n<head>\\n    <meta charset=\\\"utf-8\\\">\\n    <title>Daily Usage Limit Reached</title>\\n    <style>\\n        html {\\n            -webkit-font-smoothing: antialiased;\\n            -moz-osx-font-smoothing: grayscale;\\n        }\\n\\n        body {\\n            font-fa — retrying in 16383ms",
    "meta": {},
    "company": null
  },
  {
    "id": 1777889885655.0908,
    "ts": "2026-05-04T10:18:05.655Z",
    "level": "warn",
    "message": "[Customer:MCO Interactive Private Limited] attempt 1/5 failed (429) — HTTP 429: \"<!DOCTYPE html>\\n<html lang=\\\"en\\\">\\n\\n<head>\\n    <meta charset=\\\"utf-8\\\">\\n    <title>Daily Usage Limit Reached</title>\\n    <style>\\n        html {\\n            -webkit-font-smoothing: antialiased;\\n            -moz-osx-font-smoothing: grayscale;\\n        }\\n\\n        body {\\n            font-fa — retrying in 9425ms",
    "meta": {},
    "company": null
  },
  {
    "id": 1777889885646.491,
    "ts": "2026-05-04T10:18:05.646Z",
    "level": "warn",
    "message": "[Customer:MDA SUPERGRITS] attempt 1/5 failed (429) — HTTP 429: \"<!DOCTYPE html>\\n<html lang=\\\"en\\\">\\n\\n<head>\\n    <meta charset=\\\"utf-8\\\">\\n    <title>Daily Usage Limit Reached</title>\\n    <style>\\n        html {\\n            -webkit-font-smoothing: antialiased;\\n            -moz-osx-font-smoothing: grayscale;\\n        }\\n\\n        body {\\n            font-fa — retrying in 8029ms",
    "meta": {},
    "company": null
  },
  {
    "id": 1777889885637.3333,
    "ts": "2026-05-04T10:18:05.637Z",
    "level": "warn",
    "message": "[Customer:Md. Ali Abdul Qadar Shaikh] attempt 1/5 failed (429) — HTTP 429: \"<!DOCTYPE html>\\n<html lang=\\\"en\\\">\\n\\n<head>\\n    <meta charset=\\\"utf-8\\\">\\n    <title>Daily Usage Limit Reached</title>\\n    <style>\\n        html {\\n            -webkit-font-smoothing: antialiased;\\n            -moz-osx-font-smoothing: grayscale;\\n        }\\n\\n        body {\\n            font-fa — retrying in 9304ms",
    "meta": {},
    "company": null
  },
  {
    "id": 1777889885628.0764,
    "ts": "2026-05-04T10:18:05.628Z",
    "level": "warn",
    "message": "[Customer:MC Services & Engineers Pvt Ltd] attempt 1/5 failed (429) — HTTP 429: \"<!DOCTYPE html>\\n<html lang=\\\"en\\\">\\n\\n<head>\\n    <meta charset=\\\"utf-8\\\">\\n    <title>Daily Usage Limit Reached</title>\\n    <style>\\n        html {\\n            -webkit-font-smoothing: antialiased;\\n            -moz-osx-font-smoothing: grayscale;\\n        }\\n\\n        body {\\n            font-fa — retrying in 8298ms",
    "meta": {},
    "company": null
  },
  {
    "id": 1777889885617.098,
    "ts": "2026-05-04T10:18:05.617Z",
    "level": "warn",
    "message": "[Customer:M.C.Saraiya & Co] attempt 1/5 failed (429) — HTTP 429: \"<!DOCTYPE html>\\n<html lang=\\\"en\\\">\\n\\n<head>\\n    <meta charset=\\\"utf-8\\\">\\n    <title>Daily Usage Limit Reached</title>\\n    <style>\\n        html {\\n            -webkit-font-smoothing: antialiased;\\n            -moz-osx-font-smoothing: grayscale;\\n        }\\n\\n        body {\\n            font-fa — retrying in 8334ms",
    "meta": {},
    "company": null
  },
  {
    "id": 1777889885606.9795,
    "ts": "2026-05-04T10:18:05.606Z",
    "level": "warn",
    "message": "[Customer:M  Computer] attempt 1/5 failed (429) — HTTP 429: \"<!DOCTYPE html>\\n<html lang=\\\"en\\\">\\n\\n<head>\\n    <meta charset=\\\"utf-8\\\">\\n    <title>Daily Usage Limit Reached</title>\\n    <style>\\n        html {\\n            -webkit-font-smoothing: antialiased;\\n            -moz-osx-font-smoothing: grayscale;\\n        }\\n\\n        body {\\n            font-fa — retrying in 8758ms",
    "meta": {},
    "company": null
  },
  {
    "id": 1777889885596.2751,
    "ts": "2026-05-04T10:18:05.596Z",
    "level": "warn",
    "message": "[Customer:M.Con Connectors] attempt 1/5 failed (429) — HTTP 429: \"<!DOCTYPE html>\\n<html lang=\\\"en\\\">\\n\\n<head>\\n    <meta charset=\\\"utf-8\\\">\\n    <title>Daily Usage Limit Reached</title>\\n    <style>\\n        html {\\n            -webkit-font-smoothing: antialiased;\\n            -moz-osx-font-smoothing: grayscale;\\n        }\\n\\n        body {\\n            font-fa — retrying in 9176ms",
    "meta": {},
    "company": null
  },
  {
    "id": 1777889885588.0198,
    "ts": "2026-05-04T10:18:05.588Z",
    "level": "warn",
    "message": "[Customer:Mcneil Instruments Inc] attempt 1/5 failed (429) — HTTP 429: \"<!DOCTYPE html>\\n<html lang=\\\"en\\\">\\n\\n<head>\\n    <meta charset=\\\"utf-8\\\">\\n    <title>Daily Usage Limit Reached</title>\\n    <style>\\n        html {\\n            -webkit-font-smoothing: antialiased;\\n            -moz-osx-font-smoothing: grayscale;\\n        }\\n\\n        body {\\n            font-fa — retrying in 9344ms",
    "meta": {},
    "company": null
  },
  {
    "id": 1777889839139.54,
    "ts": "2026-05-04T10:17:19.139Z",
    "level": "warn",
    "message": "[Customer:Mclube Asia Pvt Ltd] attempt 5/5 failed (429) — HTTP 429: \"<!DOCTYPE html>\\n<html lang=\\\"en\\\">\\n\\n<head>\\n    <meta charset=\\\"utf-8\\\">\\n    <title>Daily Usage Limit Reached</title>\\n    <style>\\n        html {\\n            -webkit-font-smoothing: antialiased;\\n            -moz-osx-font-smoothing: grayscale;\\n        }\\n\\n        body {\\n            font-fa — retrying in 31067ms",
    "meta": {},
    "company": null
  },
  {
    "id": 1777889837825.2874,
    "ts": "2026-05-04T10:17:17.825Z",
    "level": "warn",
    "message": "[Customer:MBA Foundation (Regd.)] attempt 5/5 failed (429) — HTTP 429: \"<!DOCTYPE html>\\n<html lang=\\\"en\\\">\\n\\n<head>\\n    <meta charset=\\\"utf-8\\\">\\n    <title>Daily Usage Limit Reached</title>\\n    <style>\\n        html {\\n            -webkit-font-smoothing: antialiased;\\n            -moz-osx-font-smoothing: grayscale;\\n        }\\n\\n        body {\\n            font-fa — retrying in 30285ms",
    "meta": {},
    "company": null
  },
  {
    "id": 1777889837732.1045,
    "ts": "2026-05-04T10:17:17.732Z",
    "level": "warn",
    "message": "[Customer:M.B. Stores] attempt 5/5 failed (429) — HTTP 429: \"<!DOCTYPE html>\\n<html lang=\\\"en\\\">\\n\\n<head>\\n    <meta charset=\\\"utf-8\\\">\\n    <title>Daily Usage Limit Reached</title>\\n    <style>\\n        html {\\n            -webkit-font-smoothing: antialiased;\\n            -moz-osx-font-smoothing: grayscale;\\n        }\\n\\n        body {\\n            font-fa — retrying in 30297ms",
    "meta": {},
    "company": null
  },
  {
    "id": 1777889837098.6406,
    "ts": "2026-05-04T10:17:17.098Z",
    "level": "warn",
    "message": "[Customer:M.C Bhabhera & Co] attempt 5/5 failed (429) — HTTP 429: \"<!DOCTYPE html>\\n<html lang=\\\"en\\\">\\n\\n<head>\\n    <meta charset=\\\"utf-8\\\">\\n    <title>Daily Usage Limit Reached</title>\\n    <style>\\n        html {\\n            -webkit-font-smoothing: antialiased;\\n            -moz-osx-font-smoothing: grayscale;\\n        }\\n\\n        body {\\n            font-fa — retrying in 30488ms",
    "meta": {},
    "company": null
  },
  {
    "id": 1777889837011.366,
    "ts": "2026-05-04T10:17:17.011Z",
    "level": "warn",
    "message": "[Customer:M. Chitnis & Co.] attempt 5/5 failed (429) — HTTP 429: \"<!DOCTYPE html>\\n<html lang=\\\"en\\\">\\n\\n<head>\\n    <meta charset=\\\"utf-8\\\">\\n    <title>Daily Usage Limit Reached</title>\\n    <style>\\n        html {\\n            -webkit-font-smoothing: antialiased;\\n            -moz-osx-font-smoothing: grayscale;\\n        }\\n\\n        body {\\n            font-fa — retrying in 31231ms",
    "meta": {},
    "company": null
  },
  {
    "id": 1777889836824.6816,
    "ts": "2026-05-04T10:17:16.824Z",
    "level": "warn",
    "message": "[Customer:MBBI Educational Trust] attempt 5/5 failed (429) — HTTP 429: \"<!DOCTYPE html>\\n<html lang=\\\"en\\\">\\n\\n<head>\\n    <meta charset=\\\"utf-8\\\">\\n    <title>Daily Usage Limit Reached</title>\\n    <style>\\n        html {\\n            -webkit-font-smoothing: antialiased;\\n            -moz-osx-font-smoothing: grayscale;\\n        }\\n\\n        body {\\n            font-fa — retrying in 30550ms",
    "meta": {},
    "company": null
  },
  {
    "id": 1777889836665.5544,
    "ts": "2026-05-04T10:17:16.665Z",
    "level": "warn",
    "message": "[Customer:Mccoy Pharma Pvt.Ltd] attempt 5/5 failed (429) — HTTP 429: \"<!DOCTYPE html>\\n<html lang=\\\"en\\\">\\n\\n<head>\\n    <meta charset=\\\"utf-8\\\">\\n    <title>Daily Usage Limit Reached</title>\\n    <style>\\n        html {\\n            -webkit-font-smoothing: antialiased;\\n            -moz-osx-font-smoothing: grayscale;\\n        }\\n\\n        body {\\n            font-fa — retrying in 30978ms",
    "meta": {},
    "company": null
  },
  {
    "id": 1777889836092.1294,
    "ts": "2026-05-04T10:17:16.092Z",
    "level": "warn",
    "message": "[Customer:Mc Coy Pharma] attempt 5/5 failed (429) — HTTP 429: \"<!DOCTYPE html>\\n<html lang=\\\"en\\\">\\n\\n<head>\\n    <meta charset=\\\"utf-8\\\">\\n    <title>Daily Usage Limit Reached</title>\\n    <style>\\n        html {\\n            -webkit-font-smoothing: antialiased;\\n            -moz-osx-font-smoothing: grayscale;\\n        }\\n\\n        body {\\n            font-fa — retrying in 30864ms",
    "meta": {},
    "company": null
  },
  {
    "id": 1777889807871.9097,
    "ts": "2026-05-04T10:16:47.871Z",
    "level": "warn",
    "message": "[Customer:Mclube Asia Pvt Ltd] attempt 4/5 failed (429) — HTTP 429: \"<!DOCTYPE html>\\n<html lang=\\\"en\\\">\\n\\n<head>\\n    <meta charset=\\\"utf-8\\\">\\n    <title>Daily Usage Limit Reached</title>\\n    <style>\\n        html {\\n            -webkit-font-smoothing: antialiased;\\n            -moz-osx-font-smoothing: grayscale;\\n        }\\n\\n        body {\\n            font-fa — retrying in 31229ms",
    "meta": {},
    "company": null
  },
  {
    "id": 1777889806871.0154,
    "ts": "2026-05-04T10:16:46.871Z",
    "level": "warn",
    "message": "[Customer:M.B. Stores] attempt 4/5 failed (429) — HTTP 429: \"<!DOCTYPE html>\\n<html lang=\\\"en\\\">\\n\\n<head>\\n    <meta charset=\\\"utf-8\\\">\\n    <title>Daily Usage Limit Reached</title>\\n    <style>\\n        html {\\n            -webkit-font-smoothing: antialiased;\\n            -moz-osx-font-smoothing: grayscale;\\n        }\\n\\n        body {\\n            font-fa — retrying in 30820ms",
    "meta": {},
    "company": null
  },
  {
    "id": 1777889806860.5457,
    "ts": "2026-05-04T10:16:46.860Z",
    "level": "warn",
    "message": "[Customer:MBA Foundation (Regd.)] attempt 4/5 failed (429) — HTTP 429: \"<!DOCTYPE html>\\n<html lang=\\\"en\\\">\\n\\n<head>\\n    <meta charset=\\\"utf-8\\\">\\n    <title>Daily Usage Limit Reached</title>\\n    <style>\\n        html {\\n            -webkit-font-smoothing: antialiased;\\n            -moz-osx-font-smoothing: grayscale;\\n        }\\n\\n        body {\\n            font-fa — retrying in 30924ms",
    "meta": {},
    "company": null
  },
  {
    "id": 1777889806821.5276,
    "ts": "2026-05-04T10:16:46.821Z",
    "level": "warn",
    "message": "[Customer:M. Chitnis & Co.] attempt 4/5 failed (429) — HTTP 429: \"<!DOCTYPE html>\\n<html lang=\\\"en\\\">\\n\\n<head>\\n    <meta charset=\\\"utf-8\\\">\\n    <title>Daily Usage Limit Reached</title>\\n    <style>\\n        html {\\n            -webkit-font-smoothing: antialiased;\\n            -moz-osx-font-smoothing: grayscale;\\n        }\\n\\n        body {\\n            font-fa — retrying in 30149ms",
    "meta": {},
    "company": null
  },
  {
    "id": 1777889806689.9375,
    "ts": "2026-05-04T10:16:46.689Z",
    "level": "warn",
    "message": "[Customer:M.C Bhabhera & Co] attempt 4/5 failed (429) — HTTP 429: \"<!DOCTYPE html>\\n<html lang=\\\"en\\\">\\n\\n<head>\\n    <meta charset=\\\"utf-8\\\">\\n    <title>Daily Usage Limit Reached</title>\\n    <style>\\n        html {\\n            -webkit-font-smoothing: antialiased;\\n            -moz-osx-font-smoothing: grayscale;\\n        }\\n\\n        body {\\n            font-fa — retrying in 30379ms",
    "meta": {},
    "company": null
  },
  {
    "id": 1777889806534.0105,
    "ts": "2026-05-04T10:16:46.534Z",
    "level": "warn",
    "message": "[Customer:Mccoy Pharma Pvt.Ltd] attempt 4/5 failed (429) — HTTP 429: \"<!DOCTYPE html>\\n<html lang=\\\"en\\\">\\n\\n<head>\\n    <meta charset=\\\"utf-8\\\">\\n    <title>Daily Usage Limit Reached</title>\\n    <style>\\n        html {\\n            -webkit-font-smoothing: antialiased;\\n            -moz-osx-font-smoothing: grayscale;\\n        }\\n\\n        body {\\n            font-fa — retrying in 30079ms",
    "meta": {},
    "company": null
  },
  {
    "id": 1777889805911.5427,
    "ts": "2026-05-04T10:16:45.911Z",
    "level": "warn",
    "message": "[Customer:Mc Coy Pharma] attempt 4/5 failed (429) — HTTP 429: \"<!DOCTYPE html>\\n<html lang=\\\"en\\\">\\n\\n<head>\\n    <meta charset=\\\"utf-8\\\">\\n    <title>Daily Usage Limit Reached</title>\\n    <style>\\n        html {\\n            -webkit-font-smoothing: antialiased;\\n            -moz-osx-font-smoothing: grayscale;\\n        }\\n\\n        body {\\n            font-fa — retrying in 30106ms",
    "meta": {},
    "company": null
  },
  {
    "id": 1777889805514.3835,
    "ts": "2026-05-04T10:16:45.514Z",
    "level": "warn",
    "message": "[Customer:MBBI Educational Trust] attempt 4/5 failed (429) — HTTP 429: \"<!DOCTYPE html>\\n<html lang=\\\"en\\\">\\n\\n<head>\\n    <meta charset=\\\"utf-8\\\">\\n    <title>Daily Usage Limit Reached</title>\\n    <style>\\n        html {\\n            -webkit-font-smoothing: antialiased;\\n            -moz-osx-font-smoothing: grayscale;\\n        }\\n\\n        body {\\n            font-fa — retrying in 31278ms",
    "meta": {},
    "company": null
  },
  {
    "id": 1777889776458.8547,
    "ts": "2026-05-04T10:16:16.458Z",
    "level": "warn",
    "message": "[Customer:Mclube Asia Pvt Ltd] attempt 3/5 failed (429) — HTTP 429: \"<!DOCTYPE html>\\n<html lang=\\\"en\\\">\\n\\n<head>\\n    <meta charset=\\\"utf-8\\\">\\n    <title>Daily Usage Limit Reached</title>\\n    <style>\\n        html {\\n            -webkit-font-smoothing: antialiased;\\n            -moz-osx-font-smoothing: grayscale;\\n        }\\n\\n        body {\\n            font-fa — retrying in 31376ms",
    "meta": {},
    "company": null
  },
  {
    "id": 1777889776231.7966,
    "ts": "2026-05-04T10:16:16.231Z",
    "level": "warn",
    "message": "[Customer:M.B. Stores] attempt 3/5 failed (429) — HTTP 429: \"<!DOCTYPE html>\\n<html lang=\\\"en\\\">\\n\\n<head>\\n    <meta charset=\\\"utf-8\\\">\\n    <title>Daily Usage Limit Reached</title>\\n    <style>\\n        html {\\n            -webkit-font-smoothing: antialiased;\\n            -moz-osx-font-smoothing: grayscale;\\n        }\\n\\n        body {\\n            font-fa — retrying in 30574ms",
    "meta": {},
    "company": null
  },
  {
    "id": 1777889776137.8894,
    "ts": "2026-05-04T10:16:16.137Z",
    "level": "warn",
    "message": "[Customer:M.C Bhabhera & Co] attempt 3/5 failed (429) — HTTP 429: \"<!DOCTYPE html>\\n<html lang=\\\"en\\\">\\n\\n<head>\\n    <meta charset=\\\"utf-8\\\">\\n    <title>Daily Usage Limit Reached</title>\\n    <style>\\n        html {\\n            -webkit-font-smoothing: antialiased;\\n            -moz-osx-font-smoothing: grayscale;\\n        }\\n\\n        body {\\n            font-fa — retrying in 30519ms",
    "meta": {},
    "company": null
  },
  {
    "id": 1777889775874.0173,
    "ts": "2026-05-04T10:16:15.874Z",
    "level": "warn",
    "message": "[Customer:M. Chitnis & Co.] attempt 3/5 failed (429) — HTTP 429: \"<!DOCTYPE html>\\n<html lang=\\\"en\\\">\\n\\n<head>\\n    <meta charset=\\\"utf-8\\\">\\n    <title>Daily Usage Limit Reached</title>\\n    <style>\\n        html {\\n            -webkit-font-smoothing: antialiased;\\n            -moz-osx-font-smoothing: grayscale;\\n        }\\n\\n        body {\\n            font-fa — retrying in 30901ms",
    "meta": {},
    "company": null
  },
  {
    "id": 1777889775863.442,
    "ts": "2026-05-04T10:16:15.863Z",
    "level": "warn",
    "message": "[Customer:MBA Foundation (Regd.)] attempt 3/5 failed (429) — HTTP 429: \"<!DOCTYPE html>\\n<html lang=\\\"en\\\">\\n\\n<head>\\n    <meta charset=\\\"utf-8\\\">\\n    <title>Daily Usage Limit Reached</title>\\n    <style>\\n        html {\\n            -webkit-font-smoothing: antialiased;\\n            -moz-osx-font-smoothing: grayscale;\\n        }\\n\\n        body {\\n            font-fa — retrying in 30917ms",
    "meta": {},
    "company": null
  },
  {
    "id": 1777889775747.896,
    "ts": "2026-05-04T10:16:15.747Z",
    "level": "warn",
    "message": "[Customer:Mccoy Pharma Pvt.Ltd] attempt 3/5 failed (429) — HTTP 429: \"<!DOCTYPE html>\\n<html lang=\\\"en\\\">\\n\\n<head>\\n    <meta charset=\\\"utf-8\\\">\\n    <title>Daily Usage Limit Reached</title>\\n    <style>\\n        html {\\n            -webkit-font-smoothing: antialiased;\\n            -moz-osx-font-smoothing: grayscale;\\n        }\\n\\n        body {\\n            font-fa — retrying in 30743ms",
    "meta": {},
    "company": null
  },
  {
    "id": 1777889775490.7156,
    "ts": "2026-05-04T10:16:15.490Z",
    "level": "warn",
    "message": "[Customer:Mc Coy Pharma] attempt 3/5 failed (429) — HTTP 429: \"<!DOCTYPE html>\\n<html lang=\\\"en\\\">\\n\\n<head>\\n    <meta charset=\\\"utf-8\\\">\\n    <title>Daily Usage Limit Reached</title>\\n    <style>\\n        html {\\n            -webkit-font-smoothing: antialiased;\\n            -moz-osx-font-smoothing: grayscale;\\n        }\\n\\n        body {\\n            font-fa — retrying in 30383ms",
    "meta": {},
    "company": null
  },
  {
    "id": 1777889774824.4265,
    "ts": "2026-05-04T10:16:14.824Z",
    "level": "warn",
    "message": "[Customer:MBBI Educational Trust] attempt 3/5 failed (429) — HTTP 429: \"<!DOCTYPE html>\\n<html lang=\\\"en\\\">\\n\\n<head>\\n    <meta charset=\\\"utf-8\\\">\\n    <title>Daily Usage Limit Reached</title>\\n    <style>\\n        html {\\n            -webkit-font-smoothing: antialiased;\\n            -moz-osx-font-smoothing: grayscale;\\n        }\\n\\n        body {\\n            font-fa — retrying in 30458ms",
    "meta": {},
    "company": null
  },
  {
    "id": 1777889759461.2917,
    "ts": "2026-05-04T10:15:59.461Z",
    "level": "warn",
    "message": "[Customer:Mclube Asia Pvt Ltd] attempt 2/5 failed (429) — HTTP 429: \"<!DOCTYPE html>\\n<html lang=\\\"en\\\">\\n\\n<head>\\n    <meta charset=\\\"utf-8\\\">\\n    <title>Daily Usage Limit Reached</title>\\n    <style>\\n        html {\\n            -webkit-font-smoothing: antialiased;\\n            -moz-osx-font-smoothing: grayscale;\\n        }\\n\\n        body {\\n            font-fa — retrying in 16964ms",
    "meta": {},
    "company": null
  },
  {
    "id": 1777889759411.7993,
    "ts": "2026-05-04T10:15:59.411Z",
    "level": "warn",
    "message": "[Customer:Mccoy Pharma Pvt.Ltd] attempt 2/5 failed (429) — HTTP 429: \"<!DOCTYPE html>\\n<html lang=\\\"en\\\">\\n\\n<head>\\n    <meta charset=\\\"utf-8\\\">\\n    <title>Daily Usage Limit Reached</title>\\n    <style>\\n        html {\\n            -webkit-font-smoothing: antialiased;\\n            -moz-osx-font-smoothing: grayscale;\\n        }\\n\\n        body {\\n            font-fa — retrying in 16279ms",
    "meta": {},
    "company": null
  },
  {
    "id": 1777889759349.4653,
    "ts": "2026-05-04T10:15:59.349Z",
    "level": "warn",
    "message": "[Customer:M.B. Stores] attempt 2/5 failed (429) — HTTP 429: \"<!DOCTYPE html>\\n<html lang=\\\"en\\\">\\n\\n<head>\\n    <meta charset=\\\"utf-8\\\">\\n    <title>Daily Usage Limit Reached</title>\\n    <style>\\n        html {\\n            -webkit-font-smoothing: antialiased;\\n            -moz-osx-font-smoothing: grayscale;\\n        }\\n\\n        body {\\n            font-fa — retrying in 16831ms",
    "meta": {},
    "company": null
  },
  {
    "id": 1777889759272.564,
    "ts": "2026-05-04T10:15:59.272Z",
    "level": "warn",
    "message": "[Customer:MBA Foundation (Regd.)] attempt 2/5 failed (429) — HTTP 429: \"<!DOCTYPE html>\\n<html lang=\\\"en\\\">\\n\\n<head>\\n    <meta charset=\\\"utf-8\\\">\\n    <title>Daily Usage Limit Reached</title>\\n    <style>\\n        html {\\n            -webkit-font-smoothing: antialiased;\\n            -moz-osx-font-smoothing: grayscale;\\n        }\\n\\n        body {\\n            font-fa — retrying in 16454ms",
    "meta": {},
    "company": null
  },
  {
    "id": 1777889758801.3442,
    "ts": "2026-05-04T10:15:58.801Z",
    "level": "warn",
    "message": "[Customer:M. Chitnis & Co.] attempt 2/5 failed (429) — HTTP 429: \"<!DOCTYPE html>\\n<html lang=\\\"en\\\">\\n\\n<head>\\n    <meta charset=\\\"utf-8\\\">\\n    <title>Daily Usage Limit Reached</title>\\n    <style>\\n        html {\\n            -webkit-font-smoothing: antialiased;\\n            -moz-osx-font-smoothing: grayscale;\\n        }\\n\\n        body {\\n            font-fa — retrying in 16997ms",
    "meta": {},
    "company": null
  },
  {
    "id": 1777889758775.822,
    "ts": "2026-05-04T10:15:58.775Z",
    "level": "warn",
    "message": "[Customer:Mc Coy Pharma] attempt 2/5 failed (429) — HTTP 429: \"<!DOCTYPE html>\\n<html lang=\\\"en\\\">\\n\\n<head>\\n    <meta charset=\\\"utf-8\\\">\\n    <title>Daily Usage Limit Reached</title>\\n    <style>\\n        html {\\n            -webkit-font-smoothing: antialiased;\\n            -moz-osx-font-smoothing: grayscale;\\n        }\\n\\n        body {\\n            font-fa — retrying in 16675ms",
    "meta": {},
    "company": null
  },
  {
    "id": 1777889758678.4646,
    "ts": "2026-05-04T10:15:58.678Z",
    "level": "warn",
    "message": "[Customer:M.C Bhabhera & Co] attempt 2/5 failed (429) — HTTP 429: \"<!DOCTYPE html>\\n<html lang=\\\"en\\\">\\n\\n<head>\\n    <meta charset=\\\"utf-8\\\">\\n    <title>Daily Usage Limit Reached</title>\\n    <style>\\n        html {\\n            -webkit-font-smoothing: antialiased;\\n            -moz-osx-font-smoothing: grayscale;\\n        }\\n\\n        body {\\n            font-fa — retrying in 17303ms",
    "meta": {},
    "company": null
  },
  {
    "id": 1777889758361.183,
    "ts": "2026-05-04T10:15:58.361Z",
    "level": "warn",
    "message": "[Customer:MBBI Educational Trust] attempt 2/5 failed (429) — HTTP 429: \"<!DOCTYPE html>\\n<html lang=\\\"en\\\">\\n\\n<head>\\n    <meta charset=\\\"utf-8\\\">\\n    <title>Daily Usage Limit Reached</title>\\n    <style>\\n        html {\\n            -webkit-font-smoothing: antialiased;\\n            -moz-osx-font-smoothing: grayscale;\\n        }\\n\\n        body {\\n            font-fa — retrying in 16369ms",
    "meta": {},
    "company": null
  },
  {
    "id": 1777889750307.356,
    "ts": "2026-05-04T10:15:50.307Z",
    "level": "warn",
    "message": "[Customer:Mclube Asia Pvt Ltd] attempt 1/5 failed (429) — HTTP 429: \"<!DOCTYPE html>\\n<html lang=\\\"en\\\">\\n\\n<head>\\n    <meta charset=\\\"utf-8\\\">\\n    <title>Daily Usage Limit Reached</title>\\n    <style>\\n        html {\\n            -webkit-font-smoothing: antialiased;\\n            -moz-osx-font-smoothing: grayscale;\\n        }\\n\\n        body {\\n            font-fa — retrying in 9111ms",
    "meta": {},
    "company": null
  },
  {
    "id": 1777889750297.235,
    "ts": "2026-05-04T10:15:50.297Z",
    "level": "warn",
    "message": "[Customer:M.B. Stores] attempt 1/5 failed (429) — HTTP 429: \"<!DOCTYPE html>\\n<html lang=\\\"en\\\">\\n\\n<head>\\n    <meta charset=\\\"utf-8\\\">\\n    <title>Daily Usage Limit Reached</title>\\n    <style>\\n        html {\\n            -webkit-font-smoothing: antialiased;\\n            -moz-osx-font-smoothing: grayscale;\\n        }\\n\\n        body {\\n            font-fa — retrying in 9012ms",
    "meta": {},
    "company": null
  },
  {
    "id": 1777889750287.5356,
    "ts": "2026-05-04T10:15:50.287Z",
    "level": "warn",
    "message": "[Customer:Mccoy Pharma Pvt.Ltd] attempt 1/5 failed (429) — HTTP 429: \"<!DOCTYPE html>\\n<html lang=\\\"en\\\">\\n\\n<head>\\n    <meta charset=\\\"utf-8\\\">\\n    <title>Daily Usage Limit Reached</title>\\n    <style>\\n        html {\\n            -webkit-font-smoothing: antialiased;\\n            -moz-osx-font-smoothing: grayscale;\\n        }\\n\\n        body {\\n            font-fa — retrying in 9084ms",
    "meta": {},
    "company": null
  },
  {
    "id": 1777889750263.827,
    "ts": "2026-05-04T10:15:50.263Z",
    "level": "warn",
    "message": "[Customer:M.C Bhabhera & Co] attempt 1/5 failed (429) — HTTP 429: \"<!DOCTYPE html>\\n<html lang=\\\"en\\\">\\n\\n<head>\\n    <meta charset=\\\"utf-8\\\">\\n    <title>Daily Usage Limit Reached</title>\\n    <style>\\n        html {\\n            -webkit-font-smoothing: antialiased;\\n            -moz-osx-font-smoothing: grayscale;\\n        }\\n\\n        body {\\n            font-fa — retrying in 8368ms",
    "meta": {},
    "company": null
  },
  {
    "id": 1777889750253.4949,
    "ts": "2026-05-04T10:15:50.253Z",
    "level": "warn",
    "message": "[Customer:MBA Foundation (Regd.)] attempt 1/5 failed (429) — HTTP 429: \"<!DOCTYPE html>\\n<html lang=\\\"en\\\">\\n\\n<head>\\n    <meta charset=\\\"utf-8\\\">\\n    <title>Daily Usage Limit Reached</title>\\n    <style>\\n        html {\\n            -webkit-font-smoothing: antialiased;\\n            -moz-osx-font-smoothing: grayscale;\\n        }\\n\\n        body {\\n            font-fa — retrying in 8976ms",
    "meta": {},
    "company": null
  },
  {
    "id": 1777889750245.254,
    "ts": "2026-05-04T10:15:50.245Z",
    "level": "warn",
    "message": "[Customer:MBBI Educational Trust] attempt 1/5 failed (429) — HTTP 429: \"<!DOCTYPE html>\\n<html lang=\\\"en\\\">\\n\\n<head>\\n    <meta charset=\\\"utf-8\\\">\\n    <title>Daily Usage Limit Reached</title>\\n    <style>\\n        html {\\n            -webkit-font-smoothing: antialiased;\\n            -moz-osx-font-smoothing: grayscale;\\n        }\\n\\n        body {\\n            font-fa — retrying in 8004ms",
    "meta": {},
    "company": null
  },
  {
    "id": 1777889749920.1472,
    "ts": "2026-05-04T10:15:49.920Z",
    "level": "warn",
    "message": "[Customer:M. Chitnis & Co.] attempt 1/5 failed (429) — HTTP 429: \"<!DOCTYPE html>\\n<html lang=\\\"en\\\">\\n\\n<head>\\n    <meta charset=\\\"utf-8\\\">\\n    <title>Daily Usage Limit Reached</title>\\n    <style>\\n        html {\\n            -webkit-font-smoothing: antialiased;\\n            -moz-osx-font-smoothing: grayscale;\\n        }\\n\\n        body {\\n            font-fa — retrying in 8843ms",
    "meta": {},
    "company": null
  },
  {
    "id": 1777889749912.426,
    "ts": "2026-05-04T10:15:49.912Z",
    "level": "warn",
    "message": "[Customer:Mc Coy Pharma] attempt 1/5 failed (429) — HTTP 429: \"<!DOCTYPE html>\\n<html lang=\\\"en\\\">\\n\\n<head>\\n    <meta charset=\\\"utf-8\\\">\\n    <title>Daily Usage Limit Reached</title>\\n    <style>\\n        html {\\n            -webkit-font-smoothing: antialiased;\\n            -moz-osx-font-smoothing: grayscale;\\n        }\\n\\n        body {\\n            font-fa — retrying in 8824ms",
    "meta": {},
    "company": null
  },
  {
    "id": 1777889729178.3289,
    "ts": "2026-05-04T10:15:29.178Z",
    "level": "info",
    "message": "[Customer] 360/481 synced - pausing 17000ms (throttled +15000ms)",
    "meta": {},
    "company": null
  },
  {
    "id": 1777889682664.4668,
    "ts": "2026-05-04T10:14:42.664Z",
    "level": "warn",
    "message": "[Customer:M Babulal & Company] attempt 5/5 failed (429) — HTTP 429: \"<!DOCTYPE html>\\n<html lang=\\\"en\\\">\\n\\n<head>\\n    <meta charset=\\\"utf-8\\\">\\n    <title>Daily Usage Limit Reached</title>\\n    <style>\\n        html {\\n            -webkit-font-smoothing: antialiased;\\n            -moz-osx-font-smoothing: grayscale;\\n        }\\n\\n        body {\\n            font-fa — retrying in 31196ms",
    "meta": {},
    "company": null
  },
  {
    "id": 1777889682143.3982,
    "ts": "2026-05-04T10:14:42.143Z",
    "level": "warn",
    "message": "[Customer:Mayur Print N Pack] attempt 5/5 failed (429) — HTTP 429: \"<!DOCTYPE html>\\n<html lang=\\\"en\\\">\\n\\n<head>\\n    <meta charset=\\\"utf-8\\\">\\n    <title>Daily Usage Limit Reached</title>\\n    <style>\\n        html {\\n            -webkit-font-smoothing: antialiased;\\n            -moz-osx-font-smoothing: grayscale;\\n        }\\n\\n        body {\\n            font-fa — retrying in 31376ms",
    "meta": {},
    "company": null
  },
  {
    "id": 1777889681279.1704,
    "ts": "2026-05-04T10:14:41.279Z",
    "level": "warn",
    "message": "[Customer:Mayur Navinchandra Shah] attempt 5/5 failed (429) — HTTP 429: \"<!DOCTYPE html>\\n<html lang=\\\"en\\\">\\n\\n<head>\\n    <meta charset=\\\"utf-8\\\">\\n    <title>Daily Usage Limit Reached</title>\\n    <style>\\n        html {\\n            -webkit-font-smoothing: antialiased;\\n            -moz-osx-font-smoothing: grayscale;\\n        }\\n\\n        body {\\n            font-fa — retrying in 30665ms",
    "meta": {},
    "company": null
  },
  {
    "id": 1777889681137.336,
    "ts": "2026-05-04T10:14:41.137Z",
    "level": "warn",
    "message": "[Customer:Mayur Thubrikar] attempt 5/5 failed (429) — HTTP 429: \"<!DOCTYPE html>\\n<html lang=\\\"en\\\">\\n\\n<head>\\n    <meta charset=\\\"utf-8\\\">\\n    <title>Daily Usage Limit Reached</title>\\n    <style>\\n        html {\\n            -webkit-font-smoothing: antialiased;\\n            -moz-osx-font-smoothing: grayscale;\\n        }\\n\\n        body {\\n            font-fa — retrying in 30833ms",
    "meta": {},
    "company": null
  },
  {
    "id": 1777889680501.554,
    "ts": "2026-05-04T10:14:40.501Z",
    "level": "warn",
    "message": "[Customer:Mayur Screen] attempt 5/5 failed (429) — HTTP 429: \"<!DOCTYPE html>\\n<html lang=\\\"en\\\">\\n\\n<head>\\n    <meta charset=\\\"utf-8\\\">\\n    <title>Daily Usage Limit Reached</title>\\n    <style>\\n        html {\\n            -webkit-font-smoothing: antialiased;\\n            -moz-osx-font-smoothing: grayscale;\\n        }\\n\\n        body {\\n            font-fa — retrying in 30329ms",
    "meta": {},
    "company": null
  },
  {
    "id": 1777889680317.0784,
    "ts": "2026-05-04T10:14:40.317Z",
    "level": "warn",
    "message": "[Customer:Mazaf International Agencies Pvt Ltd] attempt 5/5 failed (429) — HTTP 429: \"<!DOCTYPE html>\\n<html lang=\\\"en\\\">\\n\\n<head>\\n    <meta charset=\\\"utf-8\\\">\\n    <title>Daily Usage Limit Reached</title>\\n    <style>\\n        html {\\n            -webkit-font-smoothing: antialiased;\\n            -moz-osx-font-smoothing: grayscale;\\n        }\\n\\n        body {\\n            font-fa — retrying in 30816ms",
    "meta": {},
    "company": null
  },
  {
    "id": 1777889680278.063,
    "ts": "2026-05-04T10:14:40.278Z",
    "level": "warn",
    "message": "[Customer:Mayur Springs] attempt 5/5 failed (429) — HTTP 429: \"<!DOCTYPE html>\\n<html lang=\\\"en\\\">\\n\\n<head>\\n    <meta charset=\\\"utf-8\\\">\\n    <title>Daily Usage Limit Reached</title>\\n    <style>\\n        html {\\n            -webkit-font-smoothing: antialiased;\\n            -moz-osx-font-smoothing: grayscale;\\n        }\\n\\n        body {\\n            font-fa — retrying in 31126ms",
    "meta": {},
    "company": null
  },
  {
    "id": 1777889680115.1802,
    "ts": "2026-05-04T10:14:40.115Z",
    "level": "warn",
    "message": "[Customer:Mayur Packaging] attempt 5/5 failed (429) — HTTP 429: \"<!DOCTYPE html>\\n<html lang=\\\"en\\\">\\n\\n<head>\\n    <meta charset=\\\"utf-8\\\">\\n    <title>Daily Usage Limit Reached</title>\\n    <style>\\n        html {\\n            -webkit-font-smoothing: antialiased;\\n            -moz-osx-font-smoothing: grayscale;\\n        }\\n\\n        body {\\n            font-fa — retrying in 30871ms",
    "meta": {},
    "company": null
  },
  {
    "id": 1777889651197.4453,
    "ts": "2026-05-04T10:14:11.197Z",
    "level": "warn",
    "message": "[Customer:M Babulal & Company] attempt 4/5 failed (429) — HTTP 429: \"<!DOCTYPE html>\\n<html lang=\\\"en\\\">\\n\\n<head>\\n    <meta charset=\\\"utf-8\\\">\\n    <title>Daily Usage Limit Reached</title>\\n    <style>\\n        html {\\n            -webkit-font-smoothing: antialiased;\\n            -moz-osx-font-smoothing: grayscale;\\n        }\\n\\n        body {\\n            font-fa — retrying in 31421ms",
    "meta": {},
    "company": null
  },
  {
    "id": 1777889650838.6484,
    "ts": "2026-05-04T10:14:10.838Z",
    "level": "warn",
    "message": "[Customer:Mayur Print N Pack] attempt 4/5 failed (429) — HTTP 429: \"<!DOCTYPE html>\\n<html lang=\\\"en\\\">\\n\\n<head>\\n    <meta charset=\\\"utf-8\\\">\\n    <title>Daily Usage Limit Reached</title>\\n    <style>\\n        html {\\n            -webkit-font-smoothing: antialiased;\\n            -moz-osx-font-smoothing: grayscale;\\n        }\\n\\n        body {\\n            font-fa — retrying in 31267ms",
    "meta": {},
    "company": null
  },
  {
    "id": 1777889650828.0217,
    "ts": "2026-05-04T10:14:10.828Z",
    "level": "warn",
    "message": "[Customer:Mayur Thubrikar] attempt 4/5 failed (429) — HTTP 429: \"<!DOCTYPE html>\\n<html lang=\\\"en\\\">\\n\\n<head>\\n    <meta charset=\\\"utf-8\\\">\\n    <title>Daily Usage Limit Reached</title>\\n    <style>\\n        html {\\n            -webkit-font-smoothing: antialiased;\\n            -moz-osx-font-smoothing: grayscale;\\n        }\\n\\n        body {\\n            font-fa — retrying in 30272ms",
    "meta": {},
    "company": null
  },
  {
    "id": 1777889649844.1738,
    "ts": "2026-05-04T10:14:09.844Z",
    "level": "warn",
    "message": "[Customer:Mazaf International Agencies Pvt Ltd] attempt 4/5 failed (429) — HTTP 429: \"<!DOCTYPE html>\\n<html lang=\\\"en\\\">\\n\\n<head>\\n    <meta charset=\\\"utf-8\\\">\\n    <title>Daily Usage Limit Reached</title>\\n    <style>\\n        html {\\n            -webkit-font-smoothing: antialiased;\\n            -moz-osx-font-smoothing: grayscale;\\n        }\\n\\n        body {\\n            font-fa — retrying in 30401ms",
    "meta": {},
    "company": null
  },
  {
    "id": 1777889649837.1577,
    "ts": "2026-05-04T10:14:09.837Z",
    "level": "warn",
    "message": "[Customer:Mayur Navinchandra Shah] attempt 4/5 failed (429) — HTTP 429: \"<!DOCTYPE html>\\n<html lang=\\\"en\\\">\\n\\n<head>\\n    <meta charset=\\\"utf-8\\\">\\n    <title>Daily Usage Limit Reached</title>\\n    <style>\\n        html {\\n            -webkit-font-smoothing: antialiased;\\n            -moz-osx-font-smoothing: grayscale;\\n        }\\n\\n        body {\\n            font-fa — retrying in 31408ms",
    "meta": {},
    "company": null
  },
  {
    "id": 1777889649447.01,
    "ts": "2026-05-04T10:14:09.447Z",
    "level": "warn",
    "message": "[Customer:Mayur Screen] attempt 4/5 failed (429) — HTTP 429: \"<!DOCTYPE html>\\n<html lang=\\\"en\\\">\\n\\n<head>\\n    <meta charset=\\\"utf-8\\\">\\n    <title>Daily Usage Limit Reached</title>\\n    <style>\\n        html {\\n            -webkit-font-smoothing: antialiased;\\n            -moz-osx-font-smoothing: grayscale;\\n        }\\n\\n        body {\\n            font-fa — retrying in 31017ms",
    "meta": {},
    "company": null
  },
  {
    "id": 1777889649409.5276,
    "ts": "2026-05-04T10:14:09.409Z",
    "level": "warn",
    "message": "[Customer:Mayur Springs] attempt 4/5 failed (429) — HTTP 429: \"<!DOCTYPE html>\\n<html lang=\\\"en\\\">\\n\\n<head>\\n    <meta charset=\\\"utf-8\\\">\\n    <title>Daily Usage Limit Reached</title>\\n    <style>\\n        html {\\n            -webkit-font-smoothing: antialiased;\\n            -moz-osx-font-smoothing: grayscale;\\n        }\\n\\n        body {\\n            font-fa — retrying in 30777ms",
    "meta": {},
    "company": null
  },
  {
    "id": 1777889649335.0513,
    "ts": "2026-05-04T10:14:09.335Z",
    "level": "warn",
    "message": "[Customer:Mayur Packaging] attempt 4/5 failed (429) — HTTP 429: \"<!DOCTYPE html>\\n<html lang=\\\"en\\\">\\n\\n<head>\\n    <meta charset=\\\"utf-8\\\">\\n    <title>Daily Usage Limit Reached</title>\\n    <style>\\n        html {\\n            -webkit-font-smoothing: antialiased;\\n            -moz-osx-font-smoothing: grayscale;\\n        }\\n\\n        body {\\n            font-fa — retrying in 30697ms",
    "meta": {},
    "company": null
  },
  {
    "id": 1777889620076.0571,
    "ts": "2026-05-04T10:13:40.076Z",
    "level": "warn",
    "message": "[Customer:M Babulal & Company] attempt 3/5 failed (429) — HTTP 429: \"<!DOCTYPE html>\\n<html lang=\\\"en\\\">\\n\\n<head>\\n    <meta charset=\\\"utf-8\\\">\\n    <title>Daily Usage Limit Reached</title>\\n    <style>\\n        html {\\n            -webkit-font-smoothing: antialiased;\\n            -moz-osx-font-smoothing: grayscale;\\n        }\\n\\n        body {\\n            font-fa — retrying in 31024ms",
    "meta": {},
    "company": null
  },
  {
    "id": 1777889620011.5837,
    "ts": "2026-05-04T10:13:40.011Z",
    "level": "warn",
    "message": "[Customer:Mayur Print N Pack] attempt 3/5 failed (429) — HTTP 429: \"<!DOCTYPE html>\\n<html lang=\\\"en\\\">\\n\\n<head>\\n    <meta charset=\\\"utf-8\\\">\\n    <title>Daily Usage Limit Reached</title>\\n    <style>\\n        html {\\n            -webkit-font-smoothing: antialiased;\\n            -moz-osx-font-smoothing: grayscale;\\n        }\\n\\n        body {\\n            font-fa — retrying in 30799ms",
    "meta": {},
    "company": null
  },
  {
    "id": 1777889619309.5894,
    "ts": "2026-05-04T10:13:39.309Z",
    "level": "warn",
    "message": "[Customer:Mayur Thubrikar] attempt 3/5 failed (429) — HTTP 429: \"<!DOCTYPE html>\\n<html lang=\\\"en\\\">\\n\\n<head>\\n    <meta charset=\\\"utf-8\\\">\\n    <title>Daily Usage Limit Reached</title>\\n    <style>\\n        html {\\n            -webkit-font-smoothing: antialiased;\\n            -moz-osx-font-smoothing: grayscale;\\n        }\\n\\n        body {\\n            font-fa — retrying in 31480ms",
    "meta": {},
    "company": null
  },
  {
    "id": 1777889619137.816,
    "ts": "2026-05-04T10:13:39.137Z",
    "level": "warn",
    "message": "[Customer:Mazaf International Agencies Pvt Ltd] attempt 3/5 failed (429) — HTTP 429: \"<!DOCTYPE html>\\n<html lang=\\\"en\\\">\\n\\n<head>\\n    <meta charset=\\\"utf-8\\\">\\n    <title>Daily Usage Limit Reached</title>\\n    <style>\\n        html {\\n            -webkit-font-smoothing: antialiased;\\n            -moz-osx-font-smoothing: grayscale;\\n        }\\n\\n        body {\\n            font-fa — retrying in 30674ms",
    "meta": {},
    "company": null
  },
  {
    "id": 1777889619034.842,
    "ts": "2026-05-04T10:13:39.034Z",
    "level": "warn",
    "message": "[Customer:Mayur Packaging] attempt 3/5 failed (429) — HTTP 429: \"<!DOCTYPE html>\\n<html lang=\\\"en\\\">\\n\\n<head>\\n    <meta charset=\\\"utf-8\\\">\\n    <title>Daily Usage Limit Reached</title>\\n    <style>\\n        html {\\n            -webkit-font-smoothing: antialiased;\\n            -moz-osx-font-smoothing: grayscale;\\n        }\\n\\n        body {\\n            font-fa — retrying in 30189ms",
    "meta": {},
    "company": null
  },
  {
    "id": 1777889618739.898,
    "ts": "2026-05-04T10:13:38.739Z",
    "level": "warn",
    "message": "[Customer:Mayur Screen] attempt 3/5 failed (429) — HTTP 429: \"<!DOCTYPE html>\\n<html lang=\\\"en\\\">\\n\\n<head>\\n    <meta charset=\\\"utf-8\\\">\\n    <title>Daily Usage Limit Reached</title>\\n    <style>\\n        html {\\n            -webkit-font-smoothing: antialiased;\\n            -moz-osx-font-smoothing: grayscale;\\n        }\\n\\n        body {\\n            font-fa — retrying in 30644ms",
    "meta": {},
    "company": null
  },
  {
    "id": 1777889618567.082,
    "ts": "2026-05-04T10:13:38.567Z",
    "level": "warn",
    "message": "[Customer:Mayur Navinchandra Shah] attempt 3/5 failed (429) — HTTP 429: \"<!DOCTYPE html>\\n<html lang=\\\"en\\\">\\n\\n<head>\\n    <meta charset=\\\"utf-8\\\">\\n    <title>Daily Usage Limit Reached</title>\\n    <style>\\n        html {\\n            -webkit-font-smoothing: antialiased;\\n            -moz-osx-font-smoothing: grayscale;\\n        }\\n\\n        body {\\n            font-fa — retrying in 31213ms",
    "meta": {},
    "company": null
  },
  {
    "id": 1777889618475.6792,
    "ts": "2026-05-04T10:13:38.475Z",
    "level": "warn",
    "message": "[Customer:Mayur Springs] attempt 3/5 failed (429) — HTTP 429: \"<!DOCTYPE html>\\n<html lang=\\\"en\\\">\\n\\n<head>\\n    <meta charset=\\\"utf-8\\\">\\n    <title>Daily Usage Limit Reached</title>\\n    <style>\\n        html {\\n            -webkit-font-smoothing: antialiased;\\n            -moz-osx-font-smoothing: grayscale;\\n        }\\n\\n        body {\\n            font-fa — retrying in 30891ms",
    "meta": {},
    "company": null
  },
  {
    "id": 1777889602754.3098,
    "ts": "2026-05-04T10:13:22.754Z",
    "level": "warn",
    "message": "[Customer:M Babulal & Company] attempt 2/5 failed (429) — HTTP 429: \"<!DOCTYPE html>\\n<html lang=\\\"en\\\">\\n\\n<head>\\n    <meta charset=\\\"utf-8\\\">\\n    <title>Daily Usage Limit Reached</title>\\n    <style>\\n        html {\\n            -webkit-font-smoothing: antialiased;\\n            -moz-osx-font-smoothing: grayscale;\\n        }\\n\\n        body {\\n            font-fa — retrying in 17286ms",
    "meta": {},
    "company": null
  },
  {
    "id": 1777889602698.3928,
    "ts": "2026-05-04T10:13:22.698Z",
    "level": "warn",
    "message": "[Customer:Mayur Print N Pack] attempt 2/5 failed (429) — HTTP 429: \"<!DOCTYPE html>\\n<html lang=\\\"en\\\">\\n\\n<head>\\n    <meta charset=\\\"utf-8\\\">\\n    <title>Daily Usage Limit Reached</title>\\n    <style>\\n        html {\\n            -webkit-font-smoothing: antialiased;\\n            -moz-osx-font-smoothing: grayscale;\\n        }\\n\\n        body {\\n            font-fa — retrying in 17274ms",
    "meta": {},
    "company": null
  },
  {
    "id": 1777889602473.4473,
    "ts": "2026-05-04T10:13:22.473Z",
    "level": "warn",
    "message": "[Customer:Mayur Navinchandra Shah] attempt 2/5 failed (429) — HTTP 429: \"<!DOCTYPE html>\\n<html lang=\\\"en\\\">\\n\\n<head>\\n    <meta charset=\\\"utf-8\\\">\\n    <title>Daily Usage Limit Reached</title>\\n    <style>\\n        html {\\n            -webkit-font-smoothing: antialiased;\\n            -moz-osx-font-smoothing: grayscale;\\n        }\\n\\n        body {\\n            font-fa — retrying in 16024ms",
    "meta": {},
    "company": null
  },
  {
    "id": 1777889602280.2085,
    "ts": "2026-05-04T10:13:22.280Z",
    "level": "warn",
    "message": "[Customer:Mazaf International Agencies Pvt Ltd] attempt 2/5 failed (429) — HTTP 429: \"<!DOCTYPE html>\\n<html lang=\\\"en\\\">\\n\\n<head>\\n    <meta charset=\\\"utf-8\\\">\\n    <title>Daily Usage Limit Reached</title>\\n    <style>\\n        html {\\n            -webkit-font-smoothing: antialiased;\\n            -moz-osx-font-smoothing: grayscale;\\n        }\\n\\n        body {\\n            font-fa — retrying in 16819ms",
    "meta": {},
    "company": null
  },
  {
    "id": 1777889602271.2212,
    "ts": "2026-05-04T10:13:22.271Z",
    "level": "warn",
    "message": "[Customer:Mayur Thubrikar] attempt 2/5 failed (429) — HTTP 429: \"<!DOCTYPE html>\\n<html lang=\\\"en\\\">\\n\\n<head>\\n    <meta charset=\\\"utf-8\\\">\\n    <title>Daily Usage Limit Reached</title>\\n    <style>\\n        html {\\n            -webkit-font-smoothing: antialiased;\\n            -moz-osx-font-smoothing: grayscale;\\n        }\\n\\n        body {\\n            font-fa — retrying in 16996ms",
    "meta": {},
    "company": null
  },
  {
    "id": 1777889602127.0276,
    "ts": "2026-05-04T10:13:22.127Z",
    "level": "warn",
    "message": "[Customer:Mayur Springs] attempt 2/5 failed (429) — HTTP 429: \"<!DOCTYPE html>\\n<html lang=\\\"en\\\">\\n\\n<head>\\n    <meta charset=\\\"utf-8\\\">\\n    <title>Daily Usage Limit Reached</title>\\n    <style>\\n        html {\\n            -webkit-font-smoothing: antialiased;\\n            -moz-osx-font-smoothing: grayscale;\\n        }\\n\\n        body {\\n            font-fa — retrying in 16282ms",
    "meta": {},
    "company": null
  },
  {
    "id": 1777889602091.38,
    "ts": "2026-05-04T10:13:22.091Z",
    "level": "warn",
    "message": "[Customer:Mayur Screen] attempt 2/5 failed (429) — HTTP 429: \"<!DOCTYPE html>\\n<html lang=\\\"en\\\">\\n\\n<head>\\n    <meta charset=\\\"utf-8\\\">\\n    <title>Daily Usage Limit Reached</title>\\n    <style>\\n        html {\\n            -webkit-font-smoothing: antialiased;\\n            -moz-osx-font-smoothing: grayscale;\\n        }\\n\\n        body {\\n            font-fa — retrying in 16498ms",
    "meta": {},
    "company": null
  },
  {
    "id": 1777889601733.9556,
    "ts": "2026-05-04T10:13:21.733Z",
    "level": "warn",
    "message": "[Customer:Mayur Packaging] attempt 2/5 failed (429) — HTTP 429: \"<!DOCTYPE html>\\n<html lang=\\\"en\\\">\\n\\n<head>\\n    <meta charset=\\\"utf-8\\\">\\n    <title>Daily Usage Limit Reached</title>\\n    <style>\\n        html {\\n            -webkit-font-smoothing: antialiased;\\n            -moz-osx-font-smoothing: grayscale;\\n        }\\n\\n        body {\\n            font-fa — retrying in 17252ms",
    "meta": {},
    "company": null
  },
  {
    "id": 1777889593629.8599,
    "ts": "2026-05-04T10:13:13.629Z",
    "level": "warn",
    "message": "[Customer:Mayur Navinchandra Shah] attempt 1/5 failed (429) — HTTP 429: \"<!DOCTYPE html>\\n<html lang=\\\"en\\\">\\n\\n<head>\\n    <meta charset=\\\"utf-8\\\">\\n    <title>Daily Usage Limit Reached</title>\\n    <style>\\n        html {\\n            -webkit-font-smoothing: antialiased;\\n            -moz-osx-font-smoothing: grayscale;\\n        }\\n\\n        body {\\n            font-fa — retrying in 8799ms",
    "meta": {},
    "company": null
  },
  {
    "id": 1777889593616.7432,
    "ts": "2026-05-04T10:13:13.616Z",
    "level": "warn",
    "message": "[Customer:Mayur Thubrikar] attempt 1/5 failed (429) — HTTP 429: \"<!DOCTYPE html>\\n<html lang=\\\"en\\\">\\n\\n<head>\\n    <meta charset=\\\"utf-8\\\">\\n    <title>Daily Usage Limit Reached</title>\\n    <style>\\n        html {\\n            -webkit-font-smoothing: antialiased;\\n            -moz-osx-font-smoothing: grayscale;\\n        }\\n\\n        body {\\n            font-fa — retrying in 8616ms",
    "meta": {},
    "company": null
  },
  {
    "id": 1777889593607.3936,
    "ts": "2026-05-04T10:13:13.607Z",
    "level": "warn",
    "message": "[Customer:Mayur Screen] attempt 1/5 failed (429) — HTTP 429: \"<!DOCTYPE html>\\n<html lang=\\\"en\\\">\\n\\n<head>\\n    <meta charset=\\\"utf-8\\\">\\n    <title>Daily Usage Limit Reached</title>\\n    <style>\\n        html {\\n            -webkit-font-smoothing: antialiased;\\n            -moz-osx-font-smoothing: grayscale;\\n        }\\n\\n        body {\\n            font-fa — retrying in 8441ms",
    "meta": {},
    "company": null
  },
  {
    "id": 1777889593596.0793,
    "ts": "2026-05-04T10:13:13.596Z",
    "level": "warn",
    "message": "[Customer:Mayur Print N Pack] attempt 1/5 failed (429) — HTTP 429: \"<!DOCTYPE html>\\n<html lang=\\\"en\\\">\\n\\n<head>\\n    <meta charset=\\\"utf-8\\\">\\n    <title>Daily Usage Limit Reached</title>\\n    <style>\\n        html {\\n            -webkit-font-smoothing: antialiased;\\n            -moz-osx-font-smoothing: grayscale;\\n        }\\n\\n        body {\\n            font-fa — retrying in 9066ms",
    "meta": {},
    "company": null
  },
  {
    "id": 1777889593585.6162,
    "ts": "2026-05-04T10:13:13.585Z",
    "level": "warn",
    "message": "[Customer:Mayur Packaging] attempt 1/5 failed (429) — HTTP 429: \"<!DOCTYPE html>\\n<html lang=\\\"en\\\">\\n\\n<head>\\n    <meta charset=\\\"utf-8\\\">\\n    <title>Daily Usage Limit Reached</title>\\n    <style>\\n        html {\\n            -webkit-font-smoothing: antialiased;\\n            -moz-osx-font-smoothing: grayscale;\\n        }\\n\\n        body {\\n            font-fa — retrying in 8012ms",
    "meta": {},
    "company": null
  },
  {
    "id": 1777889593575.015,
    "ts": "2026-05-04T10:13:13.575Z",
    "level": "warn",
    "message": "[Customer:Mayur Springs] attempt 1/5 failed (429) — HTTP 429: \"<!DOCTYPE html>\\n<html lang=\\\"en\\\">\\n\\n<head>\\n    <meta charset=\\\"utf-8\\\">\\n    <title>Daily Usage Limit Reached</title>\\n    <style>\\n        html {\\n            -webkit-font-smoothing: antialiased;\\n            -moz-osx-font-smoothing: grayscale;\\n        }\\n\\n        body {\\n            font-fa — retrying in 8493ms",
    "meta": {},
    "company": null
  },
  {
    "id": 1777889593563.113,
    "ts": "2026-05-04T10:13:13.563Z",
    "level": "warn",
    "message": "[Customer:Mazaf International Agencies Pvt Ltd] attempt 1/5 failed (429) — HTTP 429: \"<!DOCTYPE html>\\n<html lang=\\\"en\\\">\\n\\n<head>\\n    <meta charset=\\\"utf-8\\\">\\n    <title>Daily Usage Limit Reached</title>\\n    <style>\\n        html {\\n            -webkit-font-smoothing: antialiased;\\n            -moz-osx-font-smoothing: grayscale;\\n        }\\n\\n        body {\\n            font-fa — retrying in 8654ms",
    "meta": {},
    "company": null
  },
  {
    "id": 1777889593555.5452,
    "ts": "2026-05-04T10:13:13.555Z",
    "level": "warn",
    "message": "[Customer:M Babulal & Company] attempt 1/5 failed (429) — HTTP 429: \"<!DOCTYPE html>\\n<html lang=\\\"en\\\">\\n\\n<head>\\n    <meta charset=\\\"utf-8\\\">\\n    <title>Daily Usage Limit Reached</title>\\n    <style>\\n        html {\\n            -webkit-font-smoothing: antialiased;\\n            -moz-osx-font-smoothing: grayscale;\\n        }\\n\\n        body {\\n            font-fa — retrying in 9155ms",
    "meta": {},
    "company": null
  },
  {
    "id": 1777889547153.5613,
    "ts": "2026-05-04T10:12:27.153Z",
    "level": "warn",
    "message": "[Customer:Mayur Jeweler] attempt 5/5 failed (429) — HTTP 429: \"<!DOCTYPE html>\\n<html lang=\\\"en\\\">\\n\\n<head>\\n    <meta charset=\\\"utf-8\\\">\\n    <title>Daily Usage Limit Reached</title>\\n    <style>\\n        html {\\n            -webkit-font-smoothing: antialiased;\\n            -moz-osx-font-smoothing: grayscale;\\n        }\\n\\n        body {\\n            font-fa — retrying in 30929ms",
    "meta": {},
    "company": null
  },
  {
    "id": 1777889546471.9504,
    "ts": "2026-05-04T10:12:26.471Z",
    "level": "warn",
    "message": "[Customer:Mayur Gosrani and Associates] attempt 5/5 failed (429) — HTTP 429: \"<!DOCTYPE html>\\n<html lang=\\\"en\\\">\\n\\n<head>\\n    <meta charset=\\\"utf-8\\\">\\n    <title>Daily Usage Limit Reached</title>\\n    <style>\\n        html {\\n            -webkit-font-smoothing: antialiased;\\n            -moz-osx-font-smoothing: grayscale;\\n        }\\n\\n        body {\\n            font-fa — retrying in 30787ms",
    "meta": {},
    "company": null
  },
  {
    "id": 1777889546234.738,
    "ts": "2026-05-04T10:12:26.234Z",
    "level": "warn",
    "message": "[Customer:Mayur Gandhi & Co.] attempt 5/5 failed (429) — HTTP 429: \"<!DOCTYPE html>\\n<html lang=\\\"en\\\">\\n\\n<head>\\n    <meta charset=\\\"utf-8\\\">\\n    <title>Daily Usage Limit Reached</title>\\n    <style>\\n        html {\\n            -webkit-font-smoothing: antialiased;\\n            -moz-osx-font-smoothing: grayscale;\\n        }\\n\\n        body {\\n            font-fa — retrying in 30280ms",
    "meta": {},
    "company": null
  },
  {
    "id": 1777889546133.5896,
    "ts": "2026-05-04T10:12:26.133Z",
    "level": "warn",
    "message": "[Customer:Mayuresh Khanolkar] attempt 5/5 failed (429) — HTTP 429: \"<!DOCTYPE html>\\n<html lang=\\\"en\\\">\\n\\n<head>\\n    <meta charset=\\\"utf-8\\\">\\n    <title>Daily Usage Limit Reached</title>\\n    <style>\\n        html {\\n            -webkit-font-smoothing: antialiased;\\n            -moz-osx-font-smoothing: grayscale;\\n        }\\n\\n        body {\\n            font-fa — retrying in 30506ms",
    "meta": {},
    "company": null
  },
  {
    "id": 1777889545962.2827,
    "ts": "2026-05-04T10:12:25.962Z",
    "level": "warn",
    "message": "[Customer:Mayuresh Laxman Gangan] attempt 5/5 failed (429) — HTTP 429: \"<!DOCTYPE html>\\n<html lang=\\\"en\\\">\\n\\n<head>\\n    <meta charset=\\\"utf-8\\\">\\n    <title>Daily Usage Limit Reached</title>\\n    <style>\\n        html {\\n            -webkit-font-smoothing: antialiased;\\n            -moz-osx-font-smoothing: grayscale;\\n        }\\n\\n        body {\\n            font-fa — retrying in 30059ms",
    "meta": {},
    "company": null
  },
  {
    "id": 1777889544662.4102,
    "ts": "2026-05-04T10:12:24.662Z",
    "level": "warn",
    "message": "[Customer:Mayuri Deepak Mundekar] attempt 5/5 failed (429) — HTTP 429: \"<!DOCTYPE html>\\n<html lang=\\\"en\\\">\\n\\n<head>\\n    <meta charset=\\\"utf-8\\\">\\n    <title>Daily Usage Limit Reached</title>\\n    <style>\\n        html {\\n            -webkit-font-smoothing: antialiased;\\n            -moz-osx-font-smoothing: grayscale;\\n        }\\n\\n        body {\\n            font-fa — retrying in 30453ms",
    "meta": {},
    "company": null
  },
  {
    "id": 1777889544288.7754,
    "ts": "2026-05-04T10:12:24.288Z",
    "level": "warn",
    "message": "[Customer:Mayuri Sharad Deshmukh] attempt 5/5 failed (429) — HTTP 429: \"<!DOCTYPE html>\\n<html lang=\\\"en\\\">\\n\\n<head>\\n    <meta charset=\\\"utf-8\\\">\\n    <title>Daily Usage Limit Reached</title>\\n    <style>\\n        html {\\n            -webkit-font-smoothing: antialiased;\\n            -moz-osx-font-smoothing: grayscale;\\n        }\\n\\n        body {\\n            font-fa — retrying in 30734ms",
    "meta": {},
    "company": null
  },
  {
    "id": 1777889544207.9792,
    "ts": "2026-05-04T10:12:24.207Z",
    "level": "warn",
    "message": "[Customer:MAYUR METAL����] attempt 5/5 failed (429) — HTTP 429: \"<!DOCTYPE html>\\n<html lang=\\\"en\\\">\\n\\n<head>\\n    <meta charset=\\\"utf-8\\\">\\n    <title>Daily Usage Limit Reached</title>\\n    <style>\\n        html {\\n            -webkit-font-smoothing: antialiased;\\n            -moz-osx-font-smoothing: grayscale;\\n        }\\n\\n        body {\\n            font-fa — retrying in 31132ms",
    "meta": {},
    "company": null
  },
  {
    "id": 1777889516149.2246,
    "ts": "2026-05-04T10:11:56.149Z",
    "level": "warn",
    "message": "[Customer:Mayur Jeweler] attempt 4/5 failed (429) — HTTP 429: \"<!DOCTYPE html>\\n<html lang=\\\"en\\\">\\n\\n<head>\\n    <meta charset=\\\"utf-8\\\">\\n    <title>Daily Usage Limit Reached</title>\\n    <style>\\n        html {\\n            -webkit-font-smoothing: antialiased;\\n            -moz-osx-font-smoothing: grayscale;\\n        }\\n\\n        body {\\n            font-fa — retrying in 30967ms",
    "meta": {},
    "company": null
  },
  {
    "id": 1777889515472.1194,
    "ts": "2026-05-04T10:11:55.472Z",
    "level": "warn",
    "message": "[Customer:Mayuresh Khanolkar] attempt 4/5 failed (429) — HTTP 429: \"<!DOCTYPE html>\\n<html lang=\\\"en\\\">\\n\\n<head>\\n    <meta charset=\\\"utf-8\\\">\\n    <title>Daily Usage Limit Reached</title>\\n    <style>\\n        html {\\n            -webkit-font-smoothing: antialiased;\\n            -moz-osx-font-smoothing: grayscale;\\n        }\\n\\n        body {\\n            font-fa — retrying in 30525ms",
    "meta": {},
    "company": null
  },
  {
    "id": 1777889515330.8752,
    "ts": "2026-05-04T10:11:55.330Z",
    "level": "warn",
    "message": "[Customer:Mayur Gosrani and Associates] attempt 4/5 failed (429) — HTTP 429: \"<!DOCTYPE html>\\n<html lang=\\\"en\\\">\\n\\n<head>\\n    <meta charset=\\\"utf-8\\\">\\n    <title>Daily Usage Limit Reached</title>\\n    <style>\\n        html {\\n            -webkit-font-smoothing: antialiased;\\n            -moz-osx-font-smoothing: grayscale;\\n        }\\n\\n        body {\\n            font-fa — retrying in 31111ms",
    "meta": {},
    "company": null
  },
  {
    "id": 1777889515306.5916,
    "ts": "2026-05-04T10:11:55.306Z",
    "level": "warn",
    "message": "[Customer:Mayuresh Laxman Gangan] attempt 4/5 failed (429) — HTTP 429: \"<!DOCTYPE html>\\n<html lang=\\\"en\\\">\\n\\n<head>\\n    <meta charset=\\\"utf-8\\\">\\n    <title>Daily Usage Limit Reached</title>\\n    <style>\\n        html {\\n            -webkit-font-smoothing: antialiased;\\n            -moz-osx-font-smoothing: grayscale;\\n        }\\n\\n        body {\\n            font-fa — retrying in 30616ms",
    "meta": {},
    "company": null
  },
  {
    "id": 1777889515054.1316,
    "ts": "2026-05-04T10:11:55.054Z",
    "level": "warn",
    "message": "[Customer:Mayur Gandhi & Co.] attempt 4/5 failed (429) — HTTP 429: \"<!DOCTYPE html>\\n<html lang=\\\"en\\\">\\n\\n<head>\\n    <meta charset=\\\"utf-8\\\">\\n    <title>Daily Usage Limit Reached</title>\\n    <style>\\n        html {\\n            -webkit-font-smoothing: antialiased;\\n            -moz-osx-font-smoothing: grayscale;\\n        }\\n\\n        body {\\n            font-fa — retrying in 31125ms",
    "meta": {},
    "company": null
  },
  {
    "id": 1777889514486.7793,
    "ts": "2026-05-04T10:11:54.486Z",
    "level": "warn",
    "message": "[Customer:Mayuri Deepak Mundekar] attempt 4/5 failed (429) — HTTP 429: \"<!DOCTYPE html>\\n<html lang=\\\"en\\\">\\n\\n<head>\\n    <meta charset=\\\"utf-8\\\">\\n    <title>Daily Usage Limit Reached</title>\\n    <style>\\n        html {\\n            -webkit-font-smoothing: antialiased;\\n            -moz-osx-font-smoothing: grayscale;\\n        }\\n\\n        body {\\n            font-fa — retrying in 30082ms",
    "meta": {},
    "company": null
  },
  {
    "id": 1777889513722.7449,
    "ts": "2026-05-04T10:11:53.722Z",
    "level": "warn",
    "message": "[Customer:Mayuri Sharad Deshmukh] attempt 4/5 failed (429) — HTTP 429: \"<!DOCTYPE html>\\n<html lang=\\\"en\\\">\\n\\n<head>\\n    <meta charset=\\\"utf-8\\\">\\n    <title>Daily Usage Limit Reached</title>\\n    <style>\\n        html {\\n            -webkit-font-smoothing: antialiased;\\n            -moz-osx-font-smoothing: grayscale;\\n        }\\n\\n        body {\\n            font-fa — retrying in 30522ms",
    "meta": {},
    "company": null
  },
  {
    "id": 1777889513042.7178,
    "ts": "2026-05-04T10:11:53.042Z",
    "level": "warn",
    "message": "[Customer:MAYUR METAL����] attempt 4/5 failed (429) — HTTP 429: \"<!DOCTYPE html>\\n<html lang=\\\"en\\\">\\n\\n<head>\\n    <meta charset=\\\"utf-8\\\">\\n    <title>Daily Usage Limit Reached</title>\\n    <style>\\n        html {\\n            -webkit-font-smoothing: antialiased;\\n            -moz-osx-font-smoothing: grayscale;\\n        }\\n\\n        body {\\n            font-fa — retrying in 31064ms",
    "meta": {},
    "company": null
  },
  {
    "id": 1777889484815.282,
    "ts": "2026-05-04T10:11:24.815Z",
    "level": "warn",
    "message": "[Customer:Mayuresh Khanolkar] attempt 3/5 failed (429) — HTTP 429: \"<!DOCTYPE html>\\n<html lang=\\\"en\\\">\\n\\n<head>\\n    <meta charset=\\\"utf-8\\\">\\n    <title>Daily Usage Limit Reached</title>\\n    <style>\\n        html {\\n            -webkit-font-smoothing: antialiased;\\n            -moz-osx-font-smoothing: grayscale;\\n        }\\n\\n        body {\\n            font-fa — retrying in 30625ms",
    "meta": {},
    "company": null
  },
  {
    "id": 1777889484634.4507,
    "ts": "2026-05-04T10:11:24.634Z",
    "level": "warn",
    "message": "[Customer:Mayur Jeweler] attempt 3/5 failed (429) — HTTP 429: \"<!DOCTYPE html>\\n<html lang=\\\"en\\\">\\n\\n<head>\\n    <meta charset=\\\"utf-8\\\">\\n    <title>Daily Usage Limit Reached</title>\\n    <style>\\n        html {\\n            -webkit-font-smoothing: antialiased;\\n            -moz-osx-font-smoothing: grayscale;\\n        }\\n\\n        body {\\n            font-fa — retrying in 31481ms",
    "meta": {},
    "company": null
  },
  {
    "id": 1777889484403.9338,
    "ts": "2026-05-04T10:11:24.403Z",
    "level": "warn",
    "message": "[Customer:Mayur Gandhi & Co.] attempt 3/5 failed (429) — HTTP 429: \"<!DOCTYPE html>\\n<html lang=\\\"en\\\">\\n\\n<head>\\n    <meta charset=\\\"utf-8\\\">\\n    <title>Daily Usage Limit Reached</title>\\n    <style>\\n        html {\\n            -webkit-font-smoothing: antialiased;\\n            -moz-osx-font-smoothing: grayscale;\\n        }\\n\\n        body {\\n            font-fa — retrying in 30613ms",
    "meta": {},
    "company": null
  },
  {
    "id": 1777889483826.0215,
    "ts": "2026-05-04T10:11:23.826Z",
    "level": "warn",
    "message": "[Customer:Mayur Gosrani and Associates] attempt 3/5 failed (429) — HTTP 429: \"<!DOCTYPE html>\\n<html lang=\\\"en\\\">\\n\\n<head>\\n    <meta charset=\\\"utf-8\\\">\\n    <title>Daily Usage Limit Reached</title>\\n    <style>\\n        html {\\n            -webkit-font-smoothing: antialiased;\\n            -moz-osx-font-smoothing: grayscale;\\n        }\\n\\n        body {\\n            font-fa — retrying in 31444ms",
    "meta": {},
    "company": null
  },
  {
    "id": 1777889483766.682,
    "ts": "2026-05-04T10:11:23.766Z",
    "level": "warn",
    "message": "[Customer:Mayuresh Laxman Gangan] attempt 3/5 failed (429) — HTTP 429: \"<!DOCTYPE html>\\n<html lang=\\\"en\\\">\\n\\n<head>\\n    <meta charset=\\\"utf-8\\\">\\n    <title>Daily Usage Limit Reached</title>\\n    <style>\\n        html {\\n            -webkit-font-smoothing: antialiased;\\n            -moz-osx-font-smoothing: grayscale;\\n        }\\n\\n        body {\\n            font-fa — retrying in 31500ms",
    "meta": {},
    "company": null
  },
  {
    "id": 1777889483587.359,
    "ts": "2026-05-04T10:11:23.587Z",
    "level": "warn",
    "message": "[Customer:Mayuri Sharad Deshmukh] attempt 3/5 failed (429) — HTTP 429: \"<!DOCTYPE html>\\n<html lang=\\\"en\\\">\\n\\n<head>\\n    <meta charset=\\\"utf-8\\\">\\n    <title>Daily Usage Limit Reached</title>\\n    <style>\\n        html {\\n            -webkit-font-smoothing: antialiased;\\n            -moz-osx-font-smoothing: grayscale;\\n        }\\n\\n        body {\\n            font-fa — retrying in 30106ms",
    "meta": {},
    "company": null
  },
  {
    "id": 1777889483151.194,
    "ts": "2026-05-04T10:11:23.151Z",
    "level": "warn",
    "message": "[Customer:Mayuri Deepak Mundekar] attempt 3/5 failed (429) — HTTP 429: \"<!DOCTYPE html>\\n<html lang=\\\"en\\\">\\n\\n<head>\\n    <meta charset=\\\"utf-8\\\">\\n    <title>Daily Usage Limit Reached</title>\\n    <style>\\n        html {\\n            -webkit-font-smoothing: antialiased;\\n            -moz-osx-font-smoothing: grayscale;\\n        }\\n\\n        body {\\n            font-fa — retrying in 31305ms",
    "meta": {},
    "company": null
  },
  {
    "id": 1777889482947.1008,
    "ts": "2026-05-04T10:11:22.947Z",
    "level": "warn",
    "message": "[Customer:MAYUR METAL����] attempt 3/5 failed (429) — HTTP 429: \"<!DOCTYPE html>\\n<html lang=\\\"en\\\">\\n\\n<head>\\n    <meta charset=\\\"utf-8\\\">\\n    <title>Daily Usage Limit Reached</title>\\n    <style>\\n        html {\\n            -webkit-font-smoothing: antialiased;\\n            -moz-osx-font-smoothing: grayscale;\\n        }\\n\\n        body {\\n            font-fa — retrying in 30022ms",
    "meta": {},
    "company": null
  },
  {
    "id": 1777889468027.2207,
    "ts": "2026-05-04T10:11:08.027Z",
    "level": "warn",
    "message": "[Customer:Mayuresh Khanolkar] attempt 2/5 failed (429) — HTTP 429: \"<!DOCTYPE html>\\n<html lang=\\\"en\\\">\\n\\n<head>\\n    <meta charset=\\\"utf-8\\\">\\n    <title>Daily Usage Limit Reached</title>\\n    <style>\\n        html {\\n            -webkit-font-smoothing: antialiased;\\n            -moz-osx-font-smoothing: grayscale;\\n        }\\n\\n        body {\\n            font-fa — retrying in 16738ms",
    "meta": {},
    "company": null
  },
  {
    "id": 1777889468020.9202,
    "ts": "2026-05-04T10:11:08.020Z",
    "level": "warn",
    "message": "[Customer:Mayur Jeweler] attempt 2/5 failed (429) — HTTP 429: \"<!DOCTYPE html>\\n<html lang=\\\"en\\\">\\n\\n<head>\\n    <meta charset=\\\"utf-8\\\">\\n    <title>Daily Usage Limit Reached</title>\\n    <style>\\n        html {\\n            -webkit-font-smoothing: antialiased;\\n            -moz-osx-font-smoothing: grayscale;\\n        }\\n\\n        body {\\n            font-fa — retrying in 16578ms",
    "meta": {},
    "company": null
  },
  {
    "id": 1777889467437.0137,
    "ts": "2026-05-04T10:11:07.437Z",
    "level": "warn",
    "message": "[Customer:Mayuri Sharad Deshmukh] attempt 2/5 failed (429) — HTTP 429: \"<!DOCTYPE html>\\n<html lang=\\\"en\\\">\\n\\n<head>\\n    <meta charset=\\\"utf-8\\\">\\n    <title>Daily Usage Limit Reached</title>\\n    <style>\\n        html {\\n            -webkit-font-smoothing: antialiased;\\n            -moz-osx-font-smoothing: grayscale;\\n        }\\n\\n        body {\\n            font-fa — retrying in 16096ms",
    "meta": {},
    "company": null
  },
  {
    "id": 1777889466921.9832,
    "ts": "2026-05-04T10:11:06.921Z",
    "level": "warn",
    "message": "[Customer:Mayuri Deepak Mundekar] attempt 2/5 failed (429) — HTTP 429: \"<!DOCTYPE html>\\n<html lang=\\\"en\\\">\\n\\n<head>\\n    <meta charset=\\\"utf-8\\\">\\n    <title>Daily Usage Limit Reached</title>\\n    <style>\\n        html {\\n            -webkit-font-smoothing: antialiased;\\n            -moz-osx-font-smoothing: grayscale;\\n        }\\n\\n        body {\\n            font-fa — retrying in 16185ms",
    "meta": {},
    "company": null
  },
  {
    "id": 1777889466881.637,
    "ts": "2026-05-04T10:11:06.881Z",
    "level": "warn",
    "message": "[Customer:Mayur Gandhi & Co.] attempt 2/5 failed (429) — HTTP 429: \"<!DOCTYPE html>\\n<html lang=\\\"en\\\">\\n\\n<head>\\n    <meta charset=\\\"utf-8\\\">\\n    <title>Daily Usage Limit Reached</title>\\n    <style>\\n        html {\\n            -webkit-font-smoothing: antialiased;\\n            -moz-osx-font-smoothing: grayscale;\\n        }\\n\\n        body {\\n            font-fa — retrying in 17477ms",
    "meta": {},
    "company": null
  },
  {
    "id": 1777889466874.1748,
    "ts": "2026-05-04T10:11:06.874Z",
    "level": "warn",
    "message": "[Customer:MAYUR METAL����] attempt 2/5 failed (429) — HTTP 429: \"<!DOCTYPE html>\\n<html lang=\\\"en\\\">\\n\\n<head>\\n    <meta charset=\\\"utf-8\\\">\\n    <title>Daily Usage Limit Reached</title>\\n    <style>\\n        html {\\n            -webkit-font-smoothing: antialiased;\\n            -moz-osx-font-smoothing: grayscale;\\n        }\\n\\n        body {\\n            font-fa — retrying in 16006ms",
    "meta": {},
    "company": null
  },
  {
    "id": 1777889466727.4595,
    "ts": "2026-05-04T10:11:06.727Z",
    "level": "warn",
    "message": "[Customer:Mayur Gosrani and Associates] attempt 2/5 failed (429) — HTTP 429: \"<!DOCTYPE html>\\n<html lang=\\\"en\\\">\\n\\n<head>\\n    <meta charset=\\\"utf-8\\\">\\n    <title>Daily Usage Limit Reached</title>\\n    <style>\\n        html {\\n            -webkit-font-smoothing: antialiased;\\n            -moz-osx-font-smoothing: grayscale;\\n        }\\n\\n        body {\\n            font-fa — retrying in 17061ms",
    "meta": {},
    "company": null
  },
  {
    "id": 1777889466720.2756,
    "ts": "2026-05-04T10:11:06.720Z",
    "level": "warn",
    "message": "[Customer:Mayuresh Laxman Gangan] attempt 2/5 failed (429) — HTTP 429: \"<!DOCTYPE html>\\n<html lang=\\\"en\\\">\\n\\n<head>\\n    <meta charset=\\\"utf-8\\\">\\n    <title>Daily Usage Limit Reached</title>\\n    <style>\\n        html {\\n            -webkit-font-smoothing: antialiased;\\n            -moz-osx-font-smoothing: grayscale;\\n        }\\n\\n        body {\\n            font-fa — retrying in 17003ms",
    "meta": {},
    "company": null
  },
  {
    "id": 1777889458802.5786,
    "ts": "2026-05-04T10:10:58.802Z",
    "level": "warn",
    "message": "[Customer:Mayur Gandhi & Co.] attempt 1/5 failed (429) — HTTP 429: \"<!DOCTYPE html>\\n<html lang=\\\"en\\\">\\n\\n<head>\\n    <meta charset=\\\"utf-8\\\">\\n    <title>Daily Usage Limit Reached</title>\\n    <style>\\n        html {\\n            -webkit-font-smoothing: antialiased;\\n            -moz-osx-font-smoothing: grayscale;\\n        }\\n\\n        body {\\n            font-fa — retrying in 8050ms",
    "meta": {},
    "company": null
  },
  {
    "id": 1777889458794.284,
    "ts": "2026-05-04T10:10:58.794Z",
    "level": "warn",
    "message": "[Customer:Mayur Jeweler] attempt 1/5 failed (429) — HTTP 429: \"<!DOCTYPE html>\\n<html lang=\\\"en\\\">\\n\\n<head>\\n    <meta charset=\\\"utf-8\\\">\\n    <title>Daily Usage Limit Reached</title>\\n    <style>\\n        html {\\n            -webkit-font-smoothing: antialiased;\\n            -moz-osx-font-smoothing: grayscale;\\n        }\\n\\n        body {\\n            font-fa — retrying in 9176ms",
    "meta": {},
    "company": null
  },
  {
    "id": 1777889458785.1873,
    "ts": "2026-05-04T10:10:58.785Z",
    "level": "warn",
    "message": "[Customer:Mayuresh Khanolkar] attempt 1/5 failed (429) — HTTP 429: \"<!DOCTYPE html>\\n<html lang=\\\"en\\\">\\n\\n<head>\\n    <meta charset=\\\"utf-8\\\">\\n    <title>Daily Usage Limit Reached</title>\\n    <style>\\n        html {\\n            -webkit-font-smoothing: antialiased;\\n            -moz-osx-font-smoothing: grayscale;\\n        }\\n\\n        body {\\n            font-fa — retrying in 9181ms",
    "meta": {},
    "company": null
  },
  {
    "id": 1777889458477.1804,
    "ts": "2026-05-04T10:10:58.477Z",
    "level": "warn",
    "message": "[Customer:Mayur Gosrani and Associates] attempt 1/5 failed (429) — HTTP 429: \"<!DOCTYPE html>\\n<html lang=\\\"en\\\">\\n\\n<head>\\n    <meta charset=\\\"utf-8\\\">\\n    <title>Daily Usage Limit Reached</title>\\n    <style>\\n        html {\\n            -webkit-font-smoothing: antialiased;\\n            -moz-osx-font-smoothing: grayscale;\\n        }\\n\\n        body {\\n            font-fa — retrying in 8194ms",
    "meta": {},
    "company": null
  },
  {
    "id": 1777889458384.8062,
    "ts": "2026-05-04T10:10:58.384Z",
    "level": "warn",
    "message": "[Customer:Mayuri Deepak Mundekar] attempt 1/5 failed (429) — HTTP 429: \"<!DOCTYPE html>\\n<html lang=\\\"en\\\">\\n\\n<head>\\n    <meta charset=\\\"utf-8\\\">\\n    <title>Daily Usage Limit Reached</title>\\n    <style>\\n        html {\\n            -webkit-font-smoothing: antialiased;\\n            -moz-osx-font-smoothing: grayscale;\\n        }\\n\\n        body {\\n            font-fa — retrying in 8502ms",
    "meta": {},
    "company": null
  },
  {
    "id": 1777889458375.2756,
    "ts": "2026-05-04T10:10:58.375Z",
    "level": "warn",
    "message": "[Customer:MAYUR METAL����] attempt 1/5 failed (429) — HTTP 429: \"<!DOCTYPE html>\\n<html lang=\\\"en\\\">\\n\\n<head>\\n    <meta charset=\\\"utf-8\\\">\\n    <title>Daily Usage Limit Reached</title>\\n    <style>\\n        html {\\n            -webkit-font-smoothing: antialiased;\\n            -moz-osx-font-smoothing: grayscale;\\n        }\\n\\n        body {\\n            font-fa — retrying in 8464ms",
    "meta": {},
    "company": null
  },
  {
    "id": 1777889458074.243,
    "ts": "2026-05-04T10:10:58.074Z",
    "level": "warn",
    "message": "[Customer:Mayuri Sharad Deshmukh] attempt 1/5 failed (429) — HTTP 429: \"<!DOCTYPE html>\\n<html lang=\\\"en\\\">\\n\\n<head>\\n    <meta charset=\\\"utf-8\\\">\\n    <title>Daily Usage Limit Reached</title>\\n    <style>\\n        html {\\n            -webkit-font-smoothing: antialiased;\\n            -moz-osx-font-smoothing: grayscale;\\n        }\\n\\n        body {\\n            font-fa — retrying in 9336ms",
    "meta": {},
    "company": null
  },
  {
    "id": 1777889458067.845,
    "ts": "2026-05-04T10:10:58.067Z",
    "level": "warn",
    "message": "[Customer:Mayuresh Laxman Gangan] attempt 1/5 failed (429) — HTTP 429: \"<!DOCTYPE html>\\n<html lang=\\\"en\\\">\\n\\n<head>\\n    <meta charset=\\\"utf-8\\\">\\n    <title>Daily Usage Limit Reached</title>\\n    <style>\\n        html {\\n            -webkit-font-smoothing: antialiased;\\n            -moz-osx-font-smoothing: grayscale;\\n        }\\n\\n        body {\\n            font-fa — retrying in 8586ms",
    "meta": {},
    "company": null
  },
  {
    "id": 1777889409939.5928,
    "ts": "2026-05-04T10:10:09.939Z",
    "level": "warn",
    "message": "[Customer:Mayuresh Kanheiya Gawli] attempt 5/5 failed (429) — HTTP 429: \"<!DOCTYPE html>\\n<html lang=\\\"en\\\">\\n\\n<head>\\n    <meta charset=\\\"utf-8\\\">\\n    <title>Daily Usage Limit Reached</title>\\n    <style>\\n        html {\\n            -webkit-font-smoothing: antialiased;\\n            -moz-osx-font-smoothing: grayscale;\\n        }\\n\\n        body {\\n            font-fa — retrying in 31432ms",
    "meta": {},
    "company": null
  },
  {
    "id": 1777889409537.1042,
    "ts": "2026-05-04T10:10:09.537Z",
    "level": "warn",
    "message": "[Customer:Mayur Enterprises] attempt 5/5 failed (429) — HTTP 429: \"<!DOCTYPE html>\\n<html lang=\\\"en\\\">\\n\\n<head>\\n    <meta charset=\\\"utf-8\\\">\\n    <title>Daily Usage Limit Reached</title>\\n    <style>\\n        html {\\n            -webkit-font-smoothing: antialiased;\\n            -moz-osx-font-smoothing: grayscale;\\n        }\\n\\n        body {\\n            font-fa — retrying in 30352ms",
    "meta": {},
    "company": null
  },
  {
    "id": 1777889409416.3958,
    "ts": "2026-05-04T10:10:09.416Z",
    "level": "warn",
    "message": "[Customer:Mayur Electronics] attempt 5/5 failed (429) — HTTP 429: \"<!DOCTYPE html>\\n<html lang=\\\"en\\\">\\n\\n<head>\\n    <meta charset=\\\"utf-8\\\">\\n    <title>Daily Usage Limit Reached</title>\\n    <style>\\n        html {\\n            -webkit-font-smoothing: antialiased;\\n            -moz-osx-font-smoothing: grayscale;\\n        }\\n\\n        body {\\n            font-fa — retrying in 30704ms",
    "meta": {},
    "company": null
  },
  {
    "id": 1777889408505.1387,
    "ts": "2026-05-04T10:10:08.505Z",
    "level": "warn",
    "message": "[Customer:Mayfair Creations] attempt 5/5 failed (429) — HTTP 429: \"<!DOCTYPE html>\\n<html lang=\\\"en\\\">\\n\\n<head>\\n    <meta charset=\\\"utf-8\\\">\\n    <title>Daily Usage Limit Reached</title>\\n    <style>\\n        html {\\n            -webkit-font-smoothing: antialiased;\\n            -moz-osx-font-smoothing: grayscale;\\n        }\\n\\n        body {\\n            font-fa — retrying in 30477ms",
    "meta": {},
    "company": null
  },
  {
    "id": 1777889408410.6904,
    "ts": "2026-05-04T10:10:08.410Z",
    "level": "warn",
    "message": "[Customer:Mayur Electonics (Lamington)] attempt 5/5 failed (429) — HTTP 429: \"<!DOCTYPE html>\\n<html lang=\\\"en\\\">\\n\\n<head>\\n    <meta charset=\\\"utf-8\\\">\\n    <title>Daily Usage Limit Reached</title>\\n    <style>\\n        html {\\n            -webkit-font-smoothing: antialiased;\\n            -moz-osx-font-smoothing: grayscale;\\n        }\\n\\n        body {\\n            font-fa — retrying in 30262ms",
    "meta": {},
    "company": null
  },
  {
    "id": 1777889408401.944,
    "ts": "2026-05-04T10:10:08.401Z",
    "level": "warn",
    "message": "[Customer:Mayur A. Desai] attempt 5/5 failed (429) — HTTP 429: \"<!DOCTYPE html>\\n<html lang=\\\"en\\\">\\n\\n<head>\\n    <meta charset=\\\"utf-8\\\">\\n    <title>Daily Usage Limit Reached</title>\\n    <style>\\n        html {\\n            -webkit-font-smoothing: antialiased;\\n            -moz-osx-font-smoothing: grayscale;\\n        }\\n\\n        body {\\n            font-fa — retrying in 30374ms",
    "meta": {},
    "company": null
  },
  {
    "id": 1777889407380.405,
    "ts": "2026-05-04T10:10:07.380Z",
    "level": "warn",
    "message": "[Customer:Mayuresh Gangan] attempt 5/5 failed (429) — HTTP 429: \"<!DOCTYPE html>\\n<html lang=\\\"en\\\">\\n\\n<head>\\n    <meta charset=\\\"utf-8\\\">\\n    <title>Daily Usage Limit Reached</title>\\n    <style>\\n        html {\\n            -webkit-font-smoothing: antialiased;\\n            -moz-osx-font-smoothing: grayscale;\\n        }\\n\\n        body {\\n            font-fa — retrying in 31379ms",
    "meta": {},
    "company": null
  },
  {
    "id": 1777889406252.4329,
    "ts": "2026-05-04T10:10:06.252Z",
    "level": "warn",
    "message": "[Customer:Mayur Bauva] attempt 5/5 failed (429) — HTTP 429: \"<!DOCTYPE html>\\n<html lang=\\\"en\\\">\\n\\n<head>\\n    <meta charset=\\\"utf-8\\\">\\n    <title>Daily Usage Limit Reached</title>\\n    <style>\\n        html {\\n            -webkit-font-smoothing: antialiased;\\n            -moz-osx-font-smoothing: grayscale;\\n        }\\n\\n        body {\\n            font-fa — retrying in 30735ms",
    "meta": {},
    "company": null
  },
  {
    "id": 1777889374297.1382,
    "ts": "2026-05-04T10:09:34.297Z",
    "level": "warn",
    "message": "[Customer:Mayur A. Desai] attempt 4/5 failed (429) — HTTP 429: \"<!DOCTYPE html>\\n<html lang=\\\"en\\\">\\n\\n<head>\\n    <meta charset=\\\"utf-8\\\">\\n    <title>Daily Usage Limit Reached</title>\\n    <style>\\n        html {\\n            -webkit-font-smoothing: antialiased;\\n            -moz-osx-font-smoothing: grayscale;\\n        }\\n\\n        body {\\n            font-fa — retrying in 31373ms",
    "meta": {},
    "company": null
  },
  {
    "id": 1777889374232.593,
    "ts": "2026-05-04T10:09:34.232Z",
    "level": "warn",
    "message": "[Customer:Mayuresh Kanheiya Gawli] attempt 4/5 failed (429) — HTTP 429: \"<!DOCTYPE html>\\n<html lang=\\\"en\\\">\\n\\n<head>\\n    <meta charset=\\\"utf-8\\\">\\n    <title>Daily Usage Limit Reached</title>\\n    <style>\\n        html {\\n            -webkit-font-smoothing: antialiased;\\n            -moz-osx-font-smoothing: grayscale;\\n        }\\n\\n        body {\\n            font-fa — retrying in 30200ms",
    "meta": {},
    "company": null
  },
  {
    "id": 1777889373966.6792,
    "ts": "2026-05-04T10:09:33.966Z",
    "level": "warn",
    "message": "[Customer:Mayfair Creations] attempt 4/5 failed (429) — HTTP 429: \"<!DOCTYPE html>\\n<html lang=\\\"en\\\">\\n\\n<head>\\n    <meta charset=\\\"utf-8\\\">\\n    <title>Daily Usage Limit Reached</title>\\n    <style>\\n        html {\\n            -webkit-font-smoothing: antialiased;\\n            -moz-osx-font-smoothing: grayscale;\\n        }\\n\\n        body {\\n            font-fa — retrying in 30968ms",
    "meta": {},
    "company": null
  },
  {
    "id": 1777889373709.4514,
    "ts": "2026-05-04T10:09:33.709Z",
    "level": "warn",
    "message": "[Customer:Mayur Electonics (Lamington)] attempt 4/5 failed (429) — HTTP 429: \"<!DOCTYPE html>\\n<html lang=\\\"en\\\">\\n\\n<head>\\n    <meta charset=\\\"utf-8\\\">\\n    <title>Daily Usage Limit Reached</title>\\n    <style>\\n        html {\\n            -webkit-font-smoothing: antialiased;\\n            -moz-osx-font-smoothing: grayscale;\\n        }\\n\\n        body {\\n            font-fa — retrying in 30964ms",
    "meta": {},
    "company": null
  },
  {
    "id": 1777889373543.5002,
    "ts": "2026-05-04T10:09:33.543Z",
    "level": "warn",
    "message": "[Customer:Mayur Enterprises] attempt 4/5 failed (429) — HTTP 429: \"<!DOCTYPE html>\\n<html lang=\\\"en\\\">\\n\\n<head>\\n    <meta charset=\\\"utf-8\\\">\\n    <title>Daily Usage Limit Reached</title>\\n    <style>\\n        html {\\n            -webkit-font-smoothing: antialiased;\\n            -moz-osx-font-smoothing: grayscale;\\n        }\\n\\n        body {\\n            font-fa — retrying in 30824ms",
    "meta": {},
    "company": null
  },
  {
    "id": 1777889373211.4473,
    "ts": "2026-05-04T10:09:33.211Z",
    "level": "warn",
    "message": "[Customer:Mayur Electronics] attempt 4/5 failed (429) — HTTP 429: \"<!DOCTYPE html>\\n<html lang=\\\"en\\\">\\n\\n<head>\\n    <meta charset=\\\"utf-8\\\">\\n    <title>Daily Usage Limit Reached</title>\\n    <style>\\n        html {\\n            -webkit-font-smoothing: antialiased;\\n            -moz-osx-font-smoothing: grayscale;\\n        }\\n\\n        body {\\n            font-fa — retrying in 31065ms",
    "meta": {},
    "company": null
  },
  {
    "id": 1777889372768.262,
    "ts": "2026-05-04T10:09:32.768Z",
    "level": "warn",
    "message": "[Customer:Mayuresh Gangan] attempt 4/5 failed (429) — HTTP 429: \"<!DOCTYPE html>\\n<html lang=\\\"en\\\">\\n\\n<head>\\n    <meta charset=\\\"utf-8\\\">\\n    <title>Daily Usage Limit Reached</title>\\n    <style>\\n        html {\\n            -webkit-font-smoothing: antialiased;\\n            -moz-osx-font-smoothing: grayscale;\\n        }\\n\\n        body {\\n            font-fa — retrying in 30777ms",
    "meta": {},
    "company": null
  },
  {
    "id": 1777889372398.8713,
    "ts": "2026-05-04T10:09:32.398Z",
    "level": "warn",
    "message": "[Customer:Mayur Bauva] attempt 4/5 failed (429) — HTTP 429: \"<!DOCTYPE html>\\n<html lang=\\\"en\\\">\\n\\n<head>\\n    <meta charset=\\\"utf-8\\\">\\n    <title>Daily Usage Limit Reached</title>\\n    <style>\\n        html {\\n            -webkit-font-smoothing: antialiased;\\n            -moz-osx-font-smoothing: grayscale;\\n        }\\n\\n        body {\\n            font-fa — retrying in 30328ms",
    "meta": {},
    "company": null
  },
  {
    "id": 1777889343255.4534,
    "ts": "2026-05-04T10:09:03.255Z",
    "level": "warn",
    "message": "[Customer:Mayur A. Desai] attempt 3/5 failed (429) — HTTP 429: \"<!DOCTYPE html>\\n<html lang=\\\"en\\\">\\n\\n<head>\\n    <meta charset=\\\"utf-8\\\">\\n    <title>Daily Usage Limit Reached</title>\\n    <style>\\n        html {\\n            -webkit-font-smoothing: antialiased;\\n            -moz-osx-font-smoothing: grayscale;\\n        }\\n\\n        body {\\n            font-fa — retrying in 31009ms",
    "meta": {},
    "company": null
  },
  {
    "id": 1777889343026.3484,
    "ts": "2026-05-04T10:09:03.026Z",
    "level": "warn",
    "message": "[Customer:Mayuresh Kanheiya Gawli] attempt 3/5 failed (429) — HTTP 429: \"<!DOCTYPE html>\\n<html lang=\\\"en\\\">\\n\\n<head>\\n    <meta charset=\\\"utf-8\\\">\\n    <title>Daily Usage Limit Reached</title>\\n    <style>\\n        html {\\n            -webkit-font-smoothing: antialiased;\\n            -moz-osx-font-smoothing: grayscale;\\n        }\\n\\n        body {\\n            font-fa — retrying in 31172ms",
    "meta": {},
    "company": null
  },
  {
    "id": 1777889343014.4026,
    "ts": "2026-05-04T10:09:03.014Z",
    "level": "warn",
    "message": "[Customer:Mayur Electonics (Lamington)] attempt 3/5 failed (429) — HTTP 429: \"<!DOCTYPE html>\\n<html lang=\\\"en\\\">\\n\\n<head>\\n    <meta charset=\\\"utf-8\\\">\\n    <title>Daily Usage Limit Reached</title>\\n    <style>\\n        html {\\n            -webkit-font-smoothing: antialiased;\\n            -moz-osx-font-smoothing: grayscale;\\n        }\\n\\n        body {\\n            font-fa — retrying in 30645ms",
    "meta": {},
    "company": null
  },
  {
    "id": 1777889342694.633,
    "ts": "2026-05-04T10:09:02.694Z",
    "level": "warn",
    "message": "[Customer:Mayfair Creations] attempt 3/5 failed (429) — HTTP 429: \"<!DOCTYPE html>\\n<html lang=\\\"en\\\">\\n\\n<head>\\n    <meta charset=\\\"utf-8\\\">\\n    <title>Daily Usage Limit Reached</title>\\n    <style>\\n        html {\\n            -webkit-font-smoothing: antialiased;\\n            -moz-osx-font-smoothing: grayscale;\\n        }\\n\\n        body {\\n            font-fa — retrying in 31236ms",
    "meta": {},
    "company": null
  },
  {
    "id": 1777889342666.2434,
    "ts": "2026-05-04T10:09:02.666Z",
    "level": "warn",
    "message": "[Customer:Mayur Electronics] attempt 3/5 failed (429) — HTTP 429: \"<!DOCTYPE html>\\n<html lang=\\\"en\\\">\\n\\n<head>\\n    <meta charset=\\\"utf-8\\\">\\n    <title>Daily Usage Limit Reached</title>\\n    <style>\\n        html {\\n            -webkit-font-smoothing: antialiased;\\n            -moz-osx-font-smoothing: grayscale;\\n        }\\n\\n        body {\\n            font-fa — retrying in 30503ms",
    "meta": {},
    "company": null
  },
  {
    "id": 1777889342164.1985,
    "ts": "2026-05-04T10:09:02.164Z",
    "level": "warn",
    "message": "[Customer:Mayur Enterprises] attempt 3/5 failed (429) — HTTP 429: \"<!DOCTYPE html>\\n<html lang=\\\"en\\\">\\n\\n<head>\\n    <meta charset=\\\"utf-8\\\">\\n    <title>Daily Usage Limit Reached</title>\\n    <style>\\n        html {\\n            -webkit-font-smoothing: antialiased;\\n            -moz-osx-font-smoothing: grayscale;\\n        }\\n\\n        body {\\n            font-fa — retrying in 31336ms",
    "meta": {},
    "company": null
  },
  {
    "id": 1777889341861.2979,
    "ts": "2026-05-04T10:09:01.861Z",
    "level": "warn",
    "message": "[Customer:Mayur Bauva] attempt 3/5 failed (429) — HTTP 429: \"<!DOCTYPE html>\\n<html lang=\\\"en\\\">\\n\\n<head>\\n    <meta charset=\\\"utf-8\\\">\\n    <title>Daily Usage Limit Reached</title>\\n    <style>\\n        html {\\n            -webkit-font-smoothing: antialiased;\\n            -moz-osx-font-smoothing: grayscale;\\n        }\\n\\n        body {\\n            font-fa — retrying in 30438ms",
    "meta": {},
    "company": null
  },
  {
    "id": 1777889341425.411,
    "ts": "2026-05-04T10:09:01.425Z",
    "level": "warn",
    "message": "[Customer:Mayuresh Gangan] attempt 3/5 failed (429) — HTTP 429: \"<!DOCTYPE html>\\n<html lang=\\\"en\\\">\\n\\n<head>\\n    <meta charset=\\\"utf-8\\\">\\n    <title>Daily Usage Limit Reached</title>\\n    <style>\\n        html {\\n            -webkit-font-smoothing: antialiased;\\n            -moz-osx-font-smoothing: grayscale;\\n        }\\n\\n        body {\\n            font-fa — retrying in 31298ms",
    "meta": {},
    "company": null
  },
  {
    "id": 1777889326111.907,
    "ts": "2026-05-04T10:08:46.111Z",
    "level": "warn",
    "message": "[Customer:Mayfair Creations] attempt 2/5 failed (429) — HTTP 429: \"<!DOCTYPE html>\\n<html lang=\\\"en\\\">\\n\\n<head>\\n    <meta charset=\\\"utf-8\\\">\\n    <title>Daily Usage Limit Reached</title>\\n    <style>\\n        html {\\n            -webkit-font-smoothing: antialiased;\\n            -moz-osx-font-smoothing: grayscale;\\n        }\\n\\n        body {\\n            font-fa — retrying in 16533ms",
    "meta": {},
    "company": null
  },
  {
    "id": 1777889326065.3442,
    "ts": "2026-05-04T10:08:46.065Z",
    "level": "warn",
    "message": "[Customer:Mayur Enterprises] attempt 2/5 failed (429) — HTTP 429: \"<!DOCTYPE html>\\n<html lang=\\\"en\\\">\\n\\n<head>\\n    <meta charset=\\\"utf-8\\\">\\n    <title>Daily Usage Limit Reached</title>\\n    <style>\\n        html {\\n            -webkit-font-smoothing: antialiased;\\n            -moz-osx-font-smoothing: grayscale;\\n        }\\n\\n        body {\\n            font-fa — retrying in 16056ms",
    "meta": {},
    "company": null
  },
  {
    "id": 1777889325939.826,
    "ts": "2026-05-04T10:08:45.939Z",
    "level": "warn",
    "message": "[Customer:Mayur A. Desai] attempt 2/5 failed (429) — HTTP 429: \"<!DOCTYPE html>\\n<html lang=\\\"en\\\">\\n\\n<head>\\n    <meta charset=\\\"utf-8\\\">\\n    <title>Daily Usage Limit Reached</title>\\n    <style>\\n        html {\\n            -webkit-font-smoothing: antialiased;\\n            -moz-osx-font-smoothing: grayscale;\\n        }\\n\\n        body {\\n            font-fa — retrying in 17280ms",
    "meta": {},
    "company": null
  },
  {
    "id": 1777889325932.1487,
    "ts": "2026-05-04T10:08:45.932Z",
    "level": "warn",
    "message": "[Customer:Mayuresh Kanheiya Gawli] attempt 2/5 failed (429) — HTTP 429: \"<!DOCTYPE html>\\n<html lang=\\\"en\\\">\\n\\n<head>\\n    <meta charset=\\\"utf-8\\\">\\n    <title>Daily Usage Limit Reached</title>\\n    <style>\\n        html {\\n            -webkit-font-smoothing: antialiased;\\n            -moz-osx-font-smoothing: grayscale;\\n        }\\n\\n        body {\\n            font-fa — retrying in 17069ms",
    "meta": {},
    "company": null
  },
  {
    "id": 1777889325748.2295,
    "ts": "2026-05-04T10:08:45.748Z",
    "level": "warn",
    "message": "[Customer:Mayur Electronics] attempt 2/5 failed (429) — HTTP 429: \"<!DOCTYPE html>\\n<html lang=\\\"en\\\">\\n\\n<head>\\n    <meta charset=\\\"utf-8\\\">\\n    <title>Daily Usage Limit Reached</title>\\n    <style>\\n        html {\\n            -webkit-font-smoothing: antialiased;\\n            -moz-osx-font-smoothing: grayscale;\\n        }\\n\\n        body {\\n            font-fa — retrying in 16856ms",
    "meta": {},
    "company": null
  },
  {
    "id": 1777889325539.645,
    "ts": "2026-05-04T10:08:45.539Z",
    "level": "warn",
    "message": "[Customer:Mayur Electonics (Lamington)] attempt 2/5 failed (429) — HTTP 429: \"<!DOCTYPE html>\\n<html lang=\\\"en\\\">\\n\\n<head>\\n    <meta charset=\\\"utf-8\\\">\\n    <title>Daily Usage Limit Reached</title>\\n    <style>\\n        html {\\n            -webkit-font-smoothing: antialiased;\\n            -moz-osx-font-smoothing: grayscale;\\n        }\\n\\n        body {\\n            font-fa — retrying in 17433ms",
    "meta": {},
    "company": null
  },
  {
    "id": 1777889325018.003,
    "ts": "2026-05-04T10:08:45.018Z",
    "level": "warn",
    "message": "[Customer:Mayur Bauva] attempt 2/5 failed (429) — HTTP 429: \"<!DOCTYPE html>\\n<html lang=\\\"en\\\">\\n\\n<head>\\n    <meta charset=\\\"utf-8\\\">\\n    <title>Daily Usage Limit Reached</title>\\n    <style>\\n        html {\\n            -webkit-font-smoothing: antialiased;\\n            -moz-osx-font-smoothing: grayscale;\\n        }\\n\\n        body {\\n            font-fa — retrying in 16800ms",
    "meta": {},
    "company": null
  },
  {
    "id": 1777889325010.324,
    "ts": "2026-05-04T10:08:45.010Z",
    "level": "warn",
    "message": "[Customer:Mayuresh Gangan] attempt 2/5 failed (429) — HTTP 429: \"<!DOCTYPE html>\\n<html lang=\\\"en\\\">\\n\\n<head>\\n    <meta charset=\\\"utf-8\\\">\\n    <title>Daily Usage Limit Reached</title>\\n    <style>\\n        html {\\n            -webkit-font-smoothing: antialiased;\\n            -moz-osx-font-smoothing: grayscale;\\n        }\\n\\n        body {\\n            font-fa — retrying in 16225ms",
    "meta": {},
    "company": null
  },
  {
    "id": 1777889316663.7344,
    "ts": "2026-05-04T10:08:36.663Z",
    "level": "warn",
    "message": "[Customer:Mayur Electonics (Lamington)] attempt 1/5 failed (429) — HTTP 429: \"<!DOCTYPE html>\\n<html lang=\\\"en\\\">\\n\\n<head>\\n    <meta charset=\\\"utf-8\\\">\\n    <title>Daily Usage Limit Reached</title>\\n    <style>\\n        html {\\n            -webkit-font-smoothing: antialiased;\\n            -moz-osx-font-smoothing: grayscale;\\n        }\\n\\n        body {\\n            font-fa — retrying in 8840ms",
    "meta": {},
    "company": null
  },
  {
    "id": 1777889316655.8662,
    "ts": "2026-05-04T10:08:36.655Z",
    "level": "warn",
    "message": "[Customer:Mayur Electronics] attempt 1/5 failed (429) — HTTP 429: \"<!DOCTYPE html>\\n<html lang=\\\"en\\\">\\n\\n<head>\\n    <meta charset=\\\"utf-8\\\">\\n    <title>Daily Usage Limit Reached</title>\\n    <style>\\n        html {\\n            -webkit-font-smoothing: antialiased;\\n            -moz-osx-font-smoothing: grayscale;\\n        }\\n\\n        body {\\n            font-fa — retrying in 9061ms",
    "meta": {},
    "company": null
  },
  {
    "id": 1777889316647.0288,
    "ts": "2026-05-04T10:08:36.647Z",
    "level": "warn",
    "message": "[Customer:Mayur Enterprises] attempt 1/5 failed (429) — HTTP 429: \"<!DOCTYPE html>\\n<html lang=\\\"en\\\">\\n\\n<head>\\n    <meta charset=\\\"utf-8\\\">\\n    <title>Daily Usage Limit Reached</title>\\n    <style>\\n        html {\\n            -webkit-font-smoothing: antialiased;\\n            -moz-osx-font-smoothing: grayscale;\\n        }\\n\\n        body {\\n            font-fa — retrying in 9376ms",
    "meta": {},
    "company": null
  },
  {
    "id": 1777889316637.2273,
    "ts": "2026-05-04T10:08:36.637Z",
    "level": "warn",
    "message": "[Customer:Mayuresh Kanheiya Gawli] attempt 1/5 failed (429) — HTTP 429: \"<!DOCTYPE html>\\n<html lang=\\\"en\\\">\\n\\n<head>\\n    <meta charset=\\\"utf-8\\\">\\n    <title>Daily Usage Limit Reached</title>\\n    <style>\\n        html {\\n            -webkit-font-smoothing: antialiased;\\n            -moz-osx-font-smoothing: grayscale;\\n        }\\n\\n        body {\\n            font-fa — retrying in 9250ms",
    "meta": {},
    "company": null
  },
  {
    "id": 1777889316630.3267,
    "ts": "2026-05-04T10:08:36.630Z",
    "level": "warn",
    "message": "[Customer:Mayfair Creations] attempt 1/5 failed (429) — HTTP 429: \"<!DOCTYPE html>\\n<html lang=\\\"en\\\">\\n\\n<head>\\n    <meta charset=\\\"utf-8\\\">\\n    <title>Daily Usage Limit Reached</title>\\n    <style>\\n        html {\\n            -webkit-font-smoothing: antialiased;\\n            -moz-osx-font-smoothing: grayscale;\\n        }\\n\\n        body {\\n            font-fa — retrying in 9444ms",
    "meta": {},
    "company": null
  },
  {
    "id": 1777889316621.613,
    "ts": "2026-05-04T10:08:36.621Z",
    "level": "warn",
    "message": "[Customer:Mayuresh Gangan] attempt 1/5 failed (429) — HTTP 429: \"<!DOCTYPE html>\\n<html lang=\\\"en\\\">\\n\\n<head>\\n    <meta charset=\\\"utf-8\\\">\\n    <title>Daily Usage Limit Reached</title>\\n    <style>\\n        html {\\n            -webkit-font-smoothing: antialiased;\\n            -moz-osx-font-smoothing: grayscale;\\n        }\\n\\n        body {\\n            font-fa — retrying in 8314ms",
    "meta": {},
    "company": null
  },
  {
    "id": 1777889316614.0195,
    "ts": "2026-05-04T10:08:36.614Z",
    "level": "warn",
    "message": "[Customer:Mayur A. Desai] attempt 1/5 failed (429) — HTTP 429: \"<!DOCTYPE html>\\n<html lang=\\\"en\\\">\\n\\n<head>\\n    <meta charset=\\\"utf-8\\\">\\n    <title>Daily Usage Limit Reached</title>\\n    <style>\\n        html {\\n            -webkit-font-smoothing: antialiased;\\n            -moz-osx-font-smoothing: grayscale;\\n        }\\n\\n        body {\\n            font-fa — retrying in 9269ms",
    "meta": {},
    "company": null
  },
  {
    "id": 1777889316606.0974,
    "ts": "2026-05-04T10:08:36.606Z",
    "level": "warn",
    "message": "[Customer:Mayur Bauva] attempt 1/5 failed (429) — HTTP 429: \"<!DOCTYPE html>\\n<html lang=\\\"en\\\">\\n\\n<head>\\n    <meta charset=\\\"utf-8\\\">\\n    <title>Daily Usage Limit Reached</title>\\n    <style>\\n        html {\\n            -webkit-font-smoothing: antialiased;\\n            -moz-osx-font-smoothing: grayscale;\\n        }\\n\\n        body {\\n            font-fa — retrying in 8338ms",
    "meta": {},
    "company": null
  },
  {
    "id": 1777889270673.4453,
    "ts": "2026-05-04T10:07:50.674Z",
    "level": "warn",
    "message": "[Customer:Mayank Softdrinks Agency] attempt 5/5 failed (429) — HTTP 429: \"<!DOCTYPE html>\\n<html lang=\\\"en\\\">\\n\\n<head>\\n    <meta charset=\\\"utf-8\\\">\\n    <title>Daily Usage Limit Reached</title>\\n    <style>\\n        html {\\n            -webkit-font-smoothing: antialiased;\\n            -moz-osx-font-smoothing: grayscale;\\n        }\\n\\n        body {\\n            font-fa — retrying in 30498ms",
    "meta": {},
    "company": null
  },
  {
    "id": 1777889270587.3733,
    "ts": "2026-05-04T10:07:50.587Z",
    "level": "warn",
    "message": "[Customer:Mayank Trading] attempt 5/5 failed (429) — HTTP 429: \"<!DOCTYPE html>\\n<html lang=\\\"en\\\">\\n\\n<head>\\n    <meta charset=\\\"utf-8\\\">\\n    <title>Daily Usage Limit Reached</title>\\n    <style>\\n        html {\\n            -webkit-font-smoothing: antialiased;\\n            -moz-osx-font-smoothing: grayscale;\\n        }\\n\\n        body {\\n            font-fa — retrying in 30158ms",
    "meta": {},
    "company": null
  },
  {
    "id": 1777889270162.412,
    "ts": "2026-05-04T10:07:50.162Z",
    "level": "warn",
    "message": "[Customer:Mayash Space Designs Pvt. Ltd] attempt 5/5 failed (429) — HTTP 429: \"<!DOCTYPE html>\\n<html lang=\\\"en\\\">\\n\\n<head>\\n    <meta charset=\\\"utf-8\\\">\\n    <title>Daily Usage Limit Reached</title>\\n    <style>\\n        html {\\n            -webkit-font-smoothing: antialiased;\\n            -moz-osx-font-smoothing: grayscale;\\n        }\\n\\n        body {\\n            font-fa — retrying in 30162ms",
    "meta": {},
    "company": null
  },
  {
    "id": 1777889270067.668,
    "ts": "2026-05-04T10:07:50.067Z",
    "level": "warn",
    "message": "[Customer:Mayank J Shah] attempt 5/5 failed (429) — HTTP 429: \"<!DOCTYPE html>\\n<html lang=\\\"en\\\">\\n\\n<head>\\n    <meta charset=\\\"utf-8\\\">\\n    <title>Daily Usage Limit Reached</title>\\n    <style>\\n        html {\\n            -webkit-font-smoothing: antialiased;\\n            -moz-osx-font-smoothing: grayscale;\\n        }\\n\\n        body {\\n            font-fa — retrying in 30787ms",
    "meta": {},
    "company": null
  },
  {
    "id": 1777889269771.83,
    "ts": "2026-05-04T10:07:49.771Z",
    "level": "warn",
    "message": "[Customer:Mayank H Shah & Co] attempt 5/5 failed (429) — HTTP 429: \"<!DOCTYPE html>\\n<html lang=\\\"en\\\">\\n\\n<head>\\n    <meta charset=\\\"utf-8\\\">\\n    <title>Daily Usage Limit Reached</title>\\n    <style>\\n        html {\\n            -webkit-font-smoothing: antialiased;\\n            -moz-osx-font-smoothing: grayscale;\\n        }\\n\\n        body {\\n            font-fa — retrying in 30195ms",
    "meta": {},
    "company": null
  },
  {
    "id": 1777889269711.226,
    "ts": "2026-05-04T10:07:49.711Z",
    "level": "warn",
    "message": "[Customer:Mayfair Colortech Pvt Ltd] attempt 5/5 failed (429) — HTTP 429: \"<!DOCTYPE html>\\n<html lang=\\\"en\\\">\\n\\n<head>\\n    <meta charset=\\\"utf-8\\\">\\n    <title>Daily Usage Limit Reached</title>\\n    <style>\\n        html {\\n            -webkit-font-smoothing: antialiased;\\n            -moz-osx-font-smoothing: grayscale;\\n        }\\n\\n        body {\\n            font-fa — retrying in 30831ms",
    "meta": {},
    "company": null
  },
  {
    "id": 1777889269624.399,
    "ts": "2026-05-04T10:07:49.624Z",
    "level": "warn",
    "message": "[Customer:Mayank Sharma] attempt 5/5 failed (429) — HTTP 429: \"<!DOCTYPE html>\\n<html lang=\\\"en\\\">\\n\\n<head>\\n    <meta charset=\\\"utf-8\\\">\\n    <title>Daily Usage Limit Reached</title>\\n    <style>\\n        html {\\n            -webkit-font-smoothing: antialiased;\\n            -moz-osx-font-smoothing: grayscale;\\n        }\\n\\n        body {\\n            font-fa — retrying in 31309ms",
    "meta": {},
    "company": null
  },
  {
    "id": 1777889269603.4597,
    "ts": "2026-05-04T10:07:49.603Z",
    "level": "warn",
    "message": "[Customer:Mayank Pasari] attempt 5/5 failed (429) — HTTP 429: \"<!DOCTYPE html>\\n<html lang=\\\"en\\\">\\n\\n<head>\\n    <meta charset=\\\"utf-8\\\">\\n    <title>Daily Usage Limit Reached</title>\\n    <style>\\n        html {\\n            -webkit-font-smoothing: antialiased;\\n            -moz-osx-font-smoothing: grayscale;\\n        }\\n\\n        body {\\n            font-fa — retrying in 30916ms",
    "meta": {},
    "company": null
  },
  {
    "id": 1777889240056.927,
    "ts": "2026-05-04T10:07:20.056Z",
    "level": "warn",
    "message": "[Customer:Mayank Softdrinks Agency] attempt 4/5 failed (429) — HTTP 429: \"<!DOCTYPE html>\\n<html lang=\\\"en\\\">\\n\\n<head>\\n    <meta charset=\\\"utf-8\\\">\\n    <title>Daily Usage Limit Reached</title>\\n    <style>\\n        html {\\n            -webkit-font-smoothing: antialiased;\\n            -moz-osx-font-smoothing: grayscale;\\n        }\\n\\n        body {\\n            font-fa — retrying in 30542ms",
    "meta": {},
    "company": null
  },
  {
    "id": 1777889239262.0234,
    "ts": "2026-05-04T10:07:19.262Z",
    "level": "warn",
    "message": "[Customer:Mayank Sharma] attempt 4/5 failed (429) — HTTP 429: \"<!DOCTYPE html>\\n<html lang=\\\"en\\\">\\n\\n<head>\\n    <meta charset=\\\"utf-8\\\">\\n    <title>Daily Usage Limit Reached</title>\\n    <style>\\n        html {\\n            -webkit-font-smoothing: antialiased;\\n            -moz-osx-font-smoothing: grayscale;\\n        }\\n\\n        body {\\n            font-fa — retrying in 30308ms",
    "meta": {},
    "company": null
  },
  {
    "id": 1777889239191.5994,
    "ts": "2026-05-04T10:07:19.191Z",
    "level": "warn",
    "message": "[Customer:Mayfair Colortech Pvt Ltd] attempt 4/5 failed (429) — HTTP 429: \"<!DOCTYPE html>\\n<html lang=\\\"en\\\">\\n\\n<head>\\n    <meta charset=\\\"utf-8\\\">\\n    <title>Daily Usage Limit Reached</title>\\n    <style>\\n        html {\\n            -webkit-font-smoothing: antialiased;\\n            -moz-osx-font-smoothing: grayscale;\\n        }\\n\\n        body {\\n            font-fa — retrying in 30482ms",
    "meta": {},
    "company": null
  },
  {
    "id": 1777889239168.93,
    "ts": "2026-05-04T10:07:19.168Z",
    "level": "warn",
    "message": "[Customer:Mayank H Shah & Co] attempt 4/5 failed (429) — HTTP 429: \"<!DOCTYPE html>\\n<html lang=\\\"en\\\">\\n\\n<head>\\n    <meta charset=\\\"utf-8\\\">\\n    <title>Daily Usage Limit Reached</title>\\n    <style>\\n        html {\\n            -webkit-font-smoothing: antialiased;\\n            -moz-osx-font-smoothing: grayscale;\\n        }\\n\\n        body {\\n            font-fa — retrying in 30559ms",
    "meta": {},
    "company": null
  },
  {
    "id": 1777889239118.3237,
    "ts": "2026-05-04T10:07:19.118Z",
    "level": "warn",
    "message": "[Customer:Mayank Trading] attempt 4/5 failed (429) — HTTP 429: \"<!DOCTYPE html>\\n<html lang=\\\"en\\\">\\n\\n<head>\\n    <meta charset=\\\"utf-8\\\">\\n    <title>Daily Usage Limit Reached</title>\\n    <style>\\n        html {\\n            -webkit-font-smoothing: antialiased;\\n            -moz-osx-font-smoothing: grayscale;\\n        }\\n\\n        body {\\n            font-fa — retrying in 31441ms",
    "meta": {},
    "company": null
  },
  {
    "id": 1777889238945.3596,
    "ts": "2026-05-04T10:07:18.945Z",
    "level": "warn",
    "message": "[Customer:Mayank J Shah] attempt 4/5 failed (429) — HTTP 429: \"<!DOCTYPE html>\\n<html lang=\\\"en\\\">\\n\\n<head>\\n    <meta charset=\\\"utf-8\\\">\\n    <title>Daily Usage Limit Reached</title>\\n    <style>\\n        html {\\n            -webkit-font-smoothing: antialiased;\\n            -moz-osx-font-smoothing: grayscale;\\n        }\\n\\n        body {\\n            font-fa — retrying in 31061ms",
    "meta": {},
    "company": null
  },
  {
    "id": 1777889238884.3086,
    "ts": "2026-05-04T10:07:18.884Z",
    "level": "warn",
    "message": "[Customer:Mayash Space Designs Pvt. Ltd] attempt 4/5 failed (429) — HTTP 429: \"<!DOCTYPE html>\\n<html lang=\\\"en\\\">\\n\\n<head>\\n    <meta charset=\\\"utf-8\\\">\\n    <title>Daily Usage Limit Reached</title>\\n    <style>\\n        html {\\n            -webkit-font-smoothing: antialiased;\\n            -moz-osx-font-smoothing: grayscale;\\n        }\\n\\n        body {\\n            font-fa — retrying in 31150ms",
    "meta": {},
    "company": null
  },
  {
    "id": 1777889238406.6704,
    "ts": "2026-05-04T10:07:18.406Z",
    "level": "warn",
    "message": "[Customer:Mayank Pasari] attempt 4/5 failed (429) — HTTP 429: \"<!DOCTYPE html>\\n<html lang=\\\"en\\\">\\n\\n<head>\\n    <meta charset=\\\"utf-8\\\">\\n    <title>Daily Usage Limit Reached</title>\\n    <style>\\n        html {\\n            -webkit-font-smoothing: antialiased;\\n            -moz-osx-font-smoothing: grayscale;\\n        }\\n\\n        body {\\n            font-fa — retrying in 31130ms",
    "meta": {},
    "company": null
  },
  {
    "id": 1777889209017.2517,
    "ts": "2026-05-04T10:06:49.017Z",
    "level": "warn",
    "message": "[Customer:Mayank Softdrinks Agency] attempt 3/5 failed (429) — HTTP 429: \"<!DOCTYPE html>\\n<html lang=\\\"en\\\">\\n\\n<head>\\n    <meta charset=\\\"utf-8\\\">\\n    <title>Daily Usage Limit Reached</title>\\n    <style>\\n        html {\\n            -webkit-font-smoothing: antialiased;\\n            -moz-osx-font-smoothing: grayscale;\\n        }\\n\\n        body {\\n            font-fa — retrying in 30960ms",
    "meta": {},
    "company": null
  },
  {
    "id": 1777889208801.4172,
    "ts": "2026-05-04T10:06:48.801Z",
    "level": "warn",
    "message": "[Customer:Mayank Sharma] attempt 3/5 failed (429) — HTTP 429: \"<!DOCTYPE html>\\n<html lang=\\\"en\\\">\\n\\n<head>\\n    <meta charset=\\\"utf-8\\\">\\n    <title>Daily Usage Limit Reached</title>\\n    <style>\\n        html {\\n            -webkit-font-smoothing: antialiased;\\n            -moz-osx-font-smoothing: grayscale;\\n        }\\n\\n        body {\\n            font-fa — retrying in 30417ms",
    "meta": {},
    "company": null
  },
  {
    "id": 1777889208656.8625,
    "ts": "2026-05-04T10:06:48.656Z",
    "level": "warn",
    "message": "[Customer:Mayank H Shah & Co] attempt 3/5 failed (429) — HTTP 429: \"<!DOCTYPE html>\\n<html lang=\\\"en\\\">\\n\\n<head>\\n    <meta charset=\\\"utf-8\\\">\\n    <title>Daily Usage Limit Reached</title>\\n    <style>\\n        html {\\n            -webkit-font-smoothing: antialiased;\\n            -moz-osx-font-smoothing: grayscale;\\n        }\\n\\n        body {\\n            font-fa — retrying in 30481ms",
    "meta": {},
    "company": null
  },
  {
    "id": 1777889208389.8674,
    "ts": "2026-05-04T10:06:48.389Z",
    "level": "warn",
    "message": "[Customer:Mayfair Colortech Pvt Ltd] attempt 3/5 failed (429) — HTTP 429: \"<!DOCTYPE html>\\n<html lang=\\\"en\\\">\\n\\n<head>\\n    <meta charset=\\\"utf-8\\\">\\n    <title>Daily Usage Limit Reached</title>\\n    <style>\\n        html {\\n            -webkit-font-smoothing: antialiased;\\n            -moz-osx-font-smoothing: grayscale;\\n        }\\n\\n        body {\\n            font-fa — retrying in 30782ms",
    "meta": {},
    "company": null
  },
  {
    "id": 1777889208087.6875,
    "ts": "2026-05-04T10:06:48.087Z",
    "level": "warn",
    "message": "[Customer:Mayank J Shah] attempt 3/5 failed (429) — HTTP 429: \"<!DOCTYPE html>\\n<html lang=\\\"en\\\">\\n\\n<head>\\n    <meta charset=\\\"utf-8\\\">\\n    <title>Daily Usage Limit Reached</title>\\n    <style>\\n        html {\\n            -webkit-font-smoothing: antialiased;\\n            -moz-osx-font-smoothing: grayscale;\\n        }\\n\\n        body {\\n            font-fa — retrying in 30831ms",
    "meta": {},
    "company": null
  },
  {
    "id": 1777889208019.7856,
    "ts": "2026-05-04T10:06:48.019Z",
    "level": "warn",
    "message": "[Customer:Mayash Space Designs Pvt. Ltd] attempt 3/5 failed (429) — HTTP 429: \"<!DOCTYPE html>\\n<html lang=\\\"en\\\">\\n\\n<head>\\n    <meta charset=\\\"utf-8\\\">\\n    <title>Daily Usage Limit Reached</title>\\n    <style>\\n        html {\\n            -webkit-font-smoothing: antialiased;\\n            -moz-osx-font-smoothing: grayscale;\\n        }\\n\\n        body {\\n            font-fa — retrying in 30825ms",
    "meta": {},
    "company": null
  },
  {
    "id": 1777889207786.0068,
    "ts": "2026-05-04T10:06:47.786Z",
    "level": "warn",
    "message": "[Customer:Mayank Pasari] attempt 3/5 failed (429) — HTTP 429: \"<!DOCTYPE html>\\n<html lang=\\\"en\\\">\\n\\n<head>\\n    <meta charset=\\\"utf-8\\\">\\n    <title>Daily Usage Limit Reached</title>\\n    <style>\\n        html {\\n            -webkit-font-smoothing: antialiased;\\n            -moz-osx-font-smoothing: grayscale;\\n        }\\n\\n        body {\\n            font-fa — retrying in 30543ms",
    "meta": {},
    "company": null
  },
  {
    "id": 1777889207779.6826,
    "ts": "2026-05-04T10:06:47.779Z",
    "level": "warn",
    "message": "[Customer:Mayank Trading] attempt 3/5 failed (429) — HTTP 429: \"<!DOCTYPE html>\\n<html lang=\\\"en\\\">\\n\\n<head>\\n    <meta charset=\\\"utf-8\\\">\\n    <title>Daily Usage Limit Reached</title>\\n    <style>\\n        html {\\n            -webkit-font-smoothing: antialiased;\\n            -moz-osx-font-smoothing: grayscale;\\n        }\\n\\n        body {\\n            font-fa — retrying in 31299ms",
    "meta": {},
    "company": null
  },
  {
    "id": 1777889191668.5244,
    "ts": "2026-05-04T10:06:31.668Z",
    "level": "warn",
    "message": "[Customer:Mayank Sharma] attempt 2/5 failed (429) — HTTP 429: \"<!DOCTYPE html>\\n<html lang=\\\"en\\\">\\n\\n<head>\\n    <meta charset=\\\"utf-8\\\">\\n    <title>Daily Usage Limit Reached</title>\\n    <style>\\n        html {\\n            -webkit-font-smoothing: antialiased;\\n            -moz-osx-font-smoothing: grayscale;\\n        }\\n\\n        body {\\n            font-fa — retrying in 17071ms",
    "meta": {},
    "company": null
  },
  {
    "id": 1777889191661.943,
    "ts": "2026-05-04T10:06:31.661Z",
    "level": "warn",
    "message": "[Customer:Mayank Softdrinks Agency] attempt 2/5 failed (429) — HTTP 429: \"<!DOCTYPE html>\\n<html lang=\\\"en\\\">\\n\\n<head>\\n    <meta charset=\\\"utf-8\\\">\\n    <title>Daily Usage Limit Reached</title>\\n    <style>\\n        html {\\n            -webkit-font-smoothing: antialiased;\\n            -moz-osx-font-smoothing: grayscale;\\n        }\\n\\n        body {\\n            font-fa — retrying in 17313ms",
    "meta": {},
    "company": null
  },
  {
    "id": 1777889191580.696,
    "ts": "2026-05-04T10:06:31.580Z",
    "level": "warn",
    "message": "[Customer:Mayash Space Designs Pvt. Ltd] attempt 2/5 failed (429) — HTTP 429: \"<!DOCTYPE html>\\n<html lang=\\\"en\\\">\\n\\n<head>\\n    <meta charset=\\\"utf-8\\\">\\n    <title>Daily Usage Limit Reached</title>\\n    <style>\\n        html {\\n            -webkit-font-smoothing: antialiased;\\n            -moz-osx-font-smoothing: grayscale;\\n        }\\n\\n        body {\\n            font-fa — retrying in 16412ms",
    "meta": {},
    "company": null
  },
  {
    "id": 1777889191418.0015,
    "ts": "2026-05-04T10:06:31.418Z",
    "level": "warn",
    "message": "[Customer:Mayank J Shah] attempt 2/5 failed (429) — HTTP 429: \"<!DOCTYPE html>\\n<html lang=\\\"en\\\">\\n\\n<head>\\n    <meta charset=\\\"utf-8\\\">\\n    <title>Daily Usage Limit Reached</title>\\n    <style>\\n        html {\\n            -webkit-font-smoothing: antialiased;\\n            -moz-osx-font-smoothing: grayscale;\\n        }\\n\\n        body {\\n            font-fa — retrying in 16625ms",
    "meta": {},
    "company": null
  },
  {
    "id": 1777889191397.1858,
    "ts": "2026-05-04T10:06:31.397Z",
    "level": "warn",
    "message": "[Customer:Mayank H Shah & Co] attempt 2/5 failed (429) — HTTP 429: \"<!DOCTYPE html>\\n<html lang=\\\"en\\\">\\n\\n<head>\\n    <meta charset=\\\"utf-8\\\">\\n    <title>Daily Usage Limit Reached</title>\\n    <style>\\n        html {\\n            -webkit-font-smoothing: antialiased;\\n            -moz-osx-font-smoothing: grayscale;\\n        }\\n\\n        body {\\n            font-fa — retrying in 17222ms",
    "meta": {},
    "company": null
  },
  {
    "id": 1777889191375.8323,
    "ts": "2026-05-04T10:06:31.375Z",
    "level": "warn",
    "message": "[Customer:Mayank Pasari] attempt 2/5 failed (429) — HTTP 429: \"<!DOCTYPE html>\\n<html lang=\\\"en\\\">\\n\\n<head>\\n    <meta charset=\\\"utf-8\\\">\\n    <title>Daily Usage Limit Reached</title>\\n    <style>\\n        html {\\n            -webkit-font-smoothing: antialiased;\\n            -moz-osx-font-smoothing: grayscale;\\n        }\\n\\n        body {\\n            font-fa — retrying in 16309ms",
    "meta": {},
    "company": null
  },
  {
    "id": 1777889191252.8354,
    "ts": "2026-05-04T10:06:31.252Z",
    "level": "warn",
    "message": "[Customer:Mayank Trading] attempt 2/5 failed (429) — HTTP 429: \"<!DOCTYPE html>\\n<html lang=\\\"en\\\">\\n\\n<head>\\n    <meta charset=\\\"utf-8\\\">\\n    <title>Daily Usage Limit Reached</title>\\n    <style>\\n        html {\\n            -webkit-font-smoothing: antialiased;\\n            -moz-osx-font-smoothing: grayscale;\\n        }\\n\\n        body {\\n            font-fa — retrying in 16447ms",
    "meta": {},
    "company": null
  },
  {
    "id": 1777889190972.1528,
    "ts": "2026-05-04T10:06:30.972Z",
    "level": "warn",
    "message": "[Customer:Mayfair Colortech Pvt Ltd] attempt 2/5 failed (429) — HTTP 429: \"<!DOCTYPE html>\\n<html lang=\\\"en\\\">\\n\\n<head>\\n    <meta charset=\\\"utf-8\\\">\\n    <title>Daily Usage Limit Reached</title>\\n    <style>\\n        html {\\n            -webkit-font-smoothing: antialiased;\\n            -moz-osx-font-smoothing: grayscale;\\n        }\\n\\n        body {\\n            font-fa — retrying in 17372ms",
    "meta": {},
    "company": null
  },
  {
    "id": 1777889182307.7483,
    "ts": "2026-05-04T10:06:22.307Z",
    "level": "warn",
    "message": "[Customer:Mayfair Colortech Pvt Ltd] attempt 1/5 failed (429) — HTTP 429: \"<!DOCTYPE html>\\n<html lang=\\\"en\\\">\\n\\n<head>\\n    <meta charset=\\\"utf-8\\\">\\n    <title>Daily Usage Limit Reached</title>\\n    <style>\\n        html {\\n            -webkit-font-smoothing: antialiased;\\n            -moz-osx-font-smoothing: grayscale;\\n        }\\n\\n        body {\\n            font-fa — retrying in 8460ms",
    "meta": {},
    "company": null
  },
  {
    "id": 1777889182296.6667,
    "ts": "2026-05-04T10:06:22.296Z",
    "level": "warn",
    "message": "[Customer:Mayash Space Designs Pvt. Ltd] attempt 1/5 failed (429) — HTTP 429: \"<!DOCTYPE html>\\n<html lang=\\\"en\\\">\\n\\n<head>\\n    <meta charset=\\\"utf-8\\\">\\n    <title>Daily Usage Limit Reached</title>\\n    <style>\\n        html {\\n            -webkit-font-smoothing: antialiased;\\n            -moz-osx-font-smoothing: grayscale;\\n        }\\n\\n        body {\\n            font-fa — retrying in 9247ms",
    "meta": {},
    "company": null
  },
  {
    "id": 1777889182287.9397,
    "ts": "2026-05-04T10:06:22.287Z",
    "level": "warn",
    "message": "[Customer:Mayank Pasari] attempt 1/5 failed (429) — HTTP 429: \"<!DOCTYPE html>\\n<html lang=\\\"en\\\">\\n\\n<head>\\n    <meta charset=\\\"utf-8\\\">\\n    <title>Daily Usage Limit Reached</title>\\n    <style>\\n        html {\\n            -webkit-font-smoothing: antialiased;\\n            -moz-osx-font-smoothing: grayscale;\\n        }\\n\\n        body {\\n            font-fa — retrying in 9045ms",
    "meta": {},
    "company": null
  },
  {
    "id": 1777889182277.3345,
    "ts": "2026-05-04T10:06:22.277Z",
    "level": "warn",
    "message": "[Customer:Mayank Sharma] attempt 1/5 failed (429) — HTTP 429: \"<!DOCTYPE html>\\n<html lang=\\\"en\\\">\\n\\n<head>\\n    <meta charset=\\\"utf-8\\\">\\n    <title>Daily Usage Limit Reached</title>\\n    <style>\\n        html {\\n            -webkit-font-smoothing: antialiased;\\n            -moz-osx-font-smoothing: grayscale;\\n        }\\n\\n        body {\\n            font-fa — retrying in 8364ms",
    "meta": {},
    "company": null
  },
  {
    "id": 1777889182270.1267,
    "ts": "2026-05-04T10:06:22.270Z",
    "level": "warn",
    "message": "[Customer:Mayank Softdrinks Agency] attempt 1/5 failed (429) — HTTP 429: \"<!DOCTYPE html>\\n<html lang=\\\"en\\\">\\n\\n<head>\\n    <meta charset=\\\"utf-8\\\">\\n    <title>Daily Usage Limit Reached</title>\\n    <style>\\n        html {\\n            -webkit-font-smoothing: antialiased;\\n            -moz-osx-font-smoothing: grayscale;\\n        }\\n\\n        body {\\n            font-fa — retrying in 8011ms",
    "meta": {},
    "company": null
  },
  {
    "id": 1777889182261.7612,
    "ts": "2026-05-04T10:06:22.261Z",
    "level": "warn",
    "message": "[Customer:Mayank Trading] attempt 1/5 failed (429) — HTTP 429: \"<!DOCTYPE html>\\n<html lang=\\\"en\\\">\\n\\n<head>\\n    <meta charset=\\\"utf-8\\\">\\n    <title>Daily Usage Limit Reached</title>\\n    <style>\\n        html {\\n            -webkit-font-smoothing: antialiased;\\n            -moz-osx-font-smoothing: grayscale;\\n        }\\n\\n        body {\\n            font-fa — retrying in 8950ms",
    "meta": {},
    "company": null
  },
  {
    "id": 1777889182253.5078,
    "ts": "2026-05-04T10:06:22.253Z",
    "level": "warn",
    "message": "[Customer:Mayank H Shah & Co] attempt 1/5 failed (429) — HTTP 429: \"<!DOCTYPE html>\\n<html lang=\\\"en\\\">\\n\\n<head>\\n    <meta charset=\\\"utf-8\\\">\\n    <title>Daily Usage Limit Reached</title>\\n    <style>\\n        html {\\n            -webkit-font-smoothing: antialiased;\\n            -moz-osx-font-smoothing: grayscale;\\n        }\\n\\n        body {\\n            font-fa — retrying in 9114ms",
    "meta": {},
    "company": null
  },
  {
    "id": 1777889182244.2412,
    "ts": "2026-05-04T10:06:22.244Z",
    "level": "warn",
    "message": "[Customer:Mayank J Shah] attempt 1/5 failed (429) — HTTP 429: \"<!DOCTYPE html>\\n<html lang=\\\"en\\\">\\n\\n<head>\\n    <meta charset=\\\"utf-8\\\">\\n    <title>Daily Usage Limit Reached</title>\\n    <style>\\n        html {\\n            -webkit-font-smoothing: antialiased;\\n            -moz-osx-font-smoothing: grayscale;\\n        }\\n\\n        body {\\n            font-fa — retrying in 9130ms",
    "meta": {},
    "company": null
  },
  {
    "id": 1777889135484.7517,
    "ts": "2026-05-04T10:05:35.484Z",
    "level": "warn",
    "message": "[Customer:Max Steels] attempt 5/5 failed (429) — HTTP 429: \"<!DOCTYPE html>\\n<html lang=\\\"en\\\">\\n\\n<head>\\n    <meta charset=\\\"utf-8\\\">\\n    <title>Daily Usage Limit Reached</title>\\n    <style>\\n        html {\\n            -webkit-font-smoothing: antialiased;\\n            -moz-osx-font-smoothing: grayscale;\\n        }\\n\\n        body {\\n            font-fa — retrying in 31229ms",
    "meta": {},
    "company": null
  },
  {
    "id": 1777889134735.2463,
    "ts": "2026-05-04T10:05:34.735Z",
    "level": "warn",
    "message": "[Customer:Maxworld It Solutions] attempt 5/5 failed (429) — HTTP 429: \"<!DOCTYPE html>\\n<html lang=\\\"en\\\">\\n\\n<head>\\n    <meta charset=\\\"utf-8\\\">\\n    <title>Daily Usage Limit Reached</title>\\n    <style>\\n        html {\\n            -webkit-font-smoothing: antialiased;\\n            -moz-osx-font-smoothing: grayscale;\\n        }\\n\\n        body {\\n            font-fa — retrying in 30027ms",
    "meta": {},
    "company": null
  },
  {
    "id": 1777889134673.1182,
    "ts": "2026-05-04T10:05:34.673Z",
    "level": "warn",
    "message": "[Customer:Maxxtech Pvt Ltd] attempt 5/5 failed (429) — HTTP 429: \"<!DOCTYPE html>\\n<html lang=\\\"en\\\">\\n\\n<head>\\n    <meta charset=\\\"utf-8\\\">\\n    <title>Daily Usage Limit Reached</title>\\n    <style>\\n        html {\\n            -webkit-font-smoothing: antialiased;\\n            -moz-osx-font-smoothing: grayscale;\\n        }\\n\\n        body {\\n            font-fa — retrying in 30231ms",
    "meta": {},
    "company": null
  },
  {
    "id": 1777889134182.8684,
    "ts": "2026-05-04T10:05:34.182Z",
    "level": "warn",
    "message": "[Customer:Mayank Automobiles] attempt 5/5 failed (429) — HTTP 429: \"<!DOCTYPE html>\\n<html lang=\\\"en\\\">\\n\\n<head>\\n    <meta charset=\\\"utf-8\\\">\\n    <title>Daily Usage Limit Reached</title>\\n    <style>\\n        html {\\n            -webkit-font-smoothing: antialiased;\\n            -moz-osx-font-smoothing: grayscale;\\n        }\\n\\n        body {\\n            font-fa — retrying in 31405ms",
    "meta": {},
    "company": null
  },
  {
    "id": 1777889134162.6646,
    "ts": "2026-05-04T10:05:34.162Z",
    "level": "warn",
    "message": "[Customer:Maxx Ply Laminate] attempt 5/5 failed (429) — HTTP 429: \"<!DOCTYPE html>\\n<html lang=\\\"en\\\">\\n\\n<head>\\n    <meta charset=\\\"utf-8\\\">\\n    <title>Daily Usage Limit Reached</title>\\n    <style>\\n        html {\\n            -webkit-font-smoothing: antialiased;\\n            -moz-osx-font-smoothing: grayscale;\\n        }\\n\\n        body {\\n            font-fa — retrying in 30928ms",
    "meta": {},
    "company": null
  },
  {
    "id": 1777889134112.4033,
    "ts": "2026-05-04T10:05:34.112Z",
    "level": "warn",
    "message": "[Customer:Maya Fashion] attempt 5/5 failed (429) — HTTP 429: \"<!DOCTYPE html>\\n<html lang=\\\"en\\\">\\n\\n<head>\\n    <meta charset=\\\"utf-8\\\">\\n    <title>Daily Usage Limit Reached</title>\\n    <style>\\n        html {\\n            -webkit-font-smoothing: antialiased;\\n            -moz-osx-font-smoothing: grayscale;\\n        }\\n\\n        body {\\n            font-fa — retrying in 30918ms",
    "meta": {},
    "company": null
  },
  {
    "id": 1777889134092.8936,
    "ts": "2026-05-04T10:05:34.092Z",
    "level": "warn",
    "message": "[Customer:Maxtone Electronics Pvt.Ltd] attempt 5/5 failed (429) — HTTP 429: \"<!DOCTYPE html>\\n<html lang=\\\"en\\\">\\n\\n<head>\\n    <meta charset=\\\"utf-8\\\">\\n    <title>Daily Usage Limit Reached</title>\\n    <style>\\n        html {\\n            -webkit-font-smoothing: antialiased;\\n            -moz-osx-font-smoothing: grayscale;\\n        }\\n\\n        body {\\n            font-fa — retrying in 30853ms",
    "meta": {},
    "company": null
  },
  {
    "id": 1777889134037.6672,
    "ts": "2026-05-04T10:05:34.037Z",
    "level": "warn",
    "message": "[Customer:Maxtech] attempt 5/5 failed (429) — HTTP 429: \"<!DOCTYPE html>\\n<html lang=\\\"en\\\">\\n\\n<head>\\n    <meta charset=\\\"utf-8\\\">\\n    <title>Daily Usage Limit Reached</title>\\n    <style>\\n        html {\\n            -webkit-font-smoothing: antialiased;\\n            -moz-osx-font-smoothing: grayscale;\\n        }\\n\\n        body {\\n            font-fa — retrying in 31292ms",
    "meta": {},
    "company": null
  },
  {
    "id": 1777889104272.6086,
    "ts": "2026-05-04T10:05:04.272Z",
    "level": "warn",
    "message": "[Customer:Max Steels] attempt 4/5 failed (429) — HTTP 429: \"<!DOCTYPE html>\\n<html lang=\\\"en\\\">\\n\\n<head>\\n    <meta charset=\\\"utf-8\\\">\\n    <title>Daily Usage Limit Reached</title>\\n    <style>\\n        html {\\n            -webkit-font-smoothing: antialiased;\\n            -moz-osx-font-smoothing: grayscale;\\n        }\\n\\n        body {\\n            font-fa — retrying in 31177ms",
    "meta": {},
    "company": null
  },
  {
    "id": 1777889103946.0818,
    "ts": "2026-05-04T10:05:03.946Z",
    "level": "warn",
    "message": "[Customer:Maya Fashion] attempt 4/5 failed (429) — HTTP 429: \"<!DOCTYPE html>\\n<html lang=\\\"en\\\">\\n\\n<head>\\n    <meta charset=\\\"utf-8\\\">\\n    <title>Daily Usage Limit Reached</title>\\n    <style>\\n        html {\\n            -webkit-font-smoothing: antialiased;\\n            -moz-osx-font-smoothing: grayscale;\\n        }\\n\\n        body {\\n            font-fa — retrying in 30145ms",
    "meta": {},
    "company": null
  },
  {
    "id": 1777889103527.5017,
    "ts": "2026-05-04T10:05:03.527Z",
    "level": "warn",
    "message": "[Customer:Maxxtech Pvt Ltd] attempt 4/5 failed (429) — HTTP 429: \"<!DOCTYPE html>\\n<html lang=\\\"en\\\">\\n\\n<head>\\n    <meta charset=\\\"utf-8\\\">\\n    <title>Daily Usage Limit Reached</title>\\n    <style>\\n        html {\\n            -webkit-font-smoothing: antialiased;\\n            -moz-osx-font-smoothing: grayscale;\\n        }\\n\\n        body {\\n            font-fa — retrying in 31118ms",
    "meta": {},
    "company": null
  },
  {
    "id": 1777889103521.8586,
    "ts": "2026-05-04T10:05:03.521Z",
    "level": "warn",
    "message": "[Customer:Maxtech] attempt 4/5 failed (429) — HTTP 429: \"<!DOCTYPE html>\\n<html lang=\\\"en\\\">\\n\\n<head>\\n    <meta charset=\\\"utf-8\\\">\\n    <title>Daily Usage Limit Reached</title>\\n    <style>\\n        html {\\n            -webkit-font-smoothing: antialiased;\\n            -moz-osx-font-smoothing: grayscale;\\n        }\\n\\n        body {\\n            font-fa — retrying in 30454ms",
    "meta": {},
    "company": null
  },
  {
    "id": 1777889103514.1704,
    "ts": "2026-05-04T10:05:03.514Z",
    "level": "warn",
    "message": "[Customer:Maxworld It Solutions] attempt 4/5 failed (429) — HTTP 429: \"<!DOCTYPE html>\\n<html lang=\\\"en\\\">\\n\\n<head>\\n    <meta charset=\\\"utf-8\\\">\\n    <title>Daily Usage Limit Reached</title>\\n    <style>\\n        html {\\n            -webkit-font-smoothing: antialiased;\\n            -moz-osx-font-smoothing: grayscale;\\n        }\\n\\n        body {\\n            font-fa — retrying in 31191ms",
    "meta": {},
    "company": null
  },
  {
    "id": 1777889103422.3677,
    "ts": "2026-05-04T10:05:03.422Z",
    "level": "warn",
    "message": "[Customer:Maxtone Electronics Pvt.Ltd] attempt 4/5 failed (429) — HTTP 429: \"<!DOCTYPE html>\\n<html lang=\\\"en\\\">\\n\\n<head>\\n    <meta charset=\\\"utf-8\\\">\\n    <title>Daily Usage Limit Reached</title>\\n    <style>\\n        html {\\n            -webkit-font-smoothing: antialiased;\\n            -moz-osx-font-smoothing: grayscale;\\n        }\\n\\n        body {\\n            font-fa — retrying in 30637ms",
    "meta": {},
    "company": null
  },
  {
    "id": 1777889103413.2983,
    "ts": "2026-05-04T10:05:03.413Z",
    "level": "warn",
    "message": "[Customer:Mayank Automobiles] attempt 4/5 failed (429) — HTTP 429: \"<!DOCTYPE html>\\n<html lang=\\\"en\\\">\\n\\n<head>\\n    <meta charset=\\\"utf-8\\\">\\n    <title>Daily Usage Limit Reached</title>\\n    <style>\\n        html {\\n            -webkit-font-smoothing: antialiased;\\n            -moz-osx-font-smoothing: grayscale;\\n        }\\n\\n        body {\\n            font-fa — retrying in 30738ms",
    "meta": {},
    "company": null
  },
  {
    "id": 1777889103404.121,
    "ts": "2026-05-04T10:05:03.404Z",
    "level": "warn",
    "message": "[Customer:Maxx Ply Laminate] attempt 4/5 failed (429) — HTTP 429: \"<!DOCTYPE html>\\n<html lang=\\\"en\\\">\\n\\n<head>\\n    <meta charset=\\\"utf-8\\\">\\n    <title>Daily Usage Limit Reached</title>\\n    <style>\\n        html {\\n            -webkit-font-smoothing: antialiased;\\n            -moz-osx-font-smoothing: grayscale;\\n        }\\n\\n        body {\\n            font-fa — retrying in 30727ms",
    "meta": {},
    "company": null
  },
  {
    "id": 1777889073596.1604,
    "ts": "2026-05-04T10:04:33.596Z",
    "level": "warn",
    "message": "[Customer:Maya Fashion] attempt 3/5 failed (429) — HTTP 429: \"<!DOCTYPE html>\\n<html lang=\\\"en\\\">\\n\\n<head>\\n    <meta charset=\\\"utf-8\\\">\\n    <title>Daily Usage Limit Reached</title>\\n    <style>\\n        html {\\n            -webkit-font-smoothing: antialiased;\\n            -moz-osx-font-smoothing: grayscale;\\n        }\\n\\n        body {\\n            font-fa — retrying in 30305ms",
    "meta": {},
    "company": null
  },
  {
    "id": 1777889072943.8625,
    "ts": "2026-05-04T10:04:32.943Z",
    "level": "warn",
    "message": "[Customer:Maxx Ply Laminate] attempt 3/5 failed (429) — HTTP 429: \"<!DOCTYPE html>\\n<html lang=\\\"en\\\">\\n\\n<head>\\n    <meta charset=\\\"utf-8\\\">\\n    <title>Daily Usage Limit Reached</title>\\n    <style>\\n        html {\\n            -webkit-font-smoothing: antialiased;\\n            -moz-osx-font-smoothing: grayscale;\\n        }\\n\\n        body {\\n            font-fa — retrying in 30212ms",
    "meta": {},
    "company": null
  },
  {
    "id": 1777889072865.431,
    "ts": "2026-05-04T10:04:32.865Z",
    "level": "warn",
    "message": "[Customer:Max Steels] attempt 3/5 failed (429) — HTTP 429: \"<!DOCTYPE html>\\n<html lang=\\\"en\\\">\\n\\n<head>\\n    <meta charset=\\\"utf-8\\\">\\n    <title>Daily Usage Limit Reached</title>\\n    <style>\\n        html {\\n            -webkit-font-smoothing: antialiased;\\n            -moz-osx-font-smoothing: grayscale;\\n        }\\n\\n        body {\\n            font-fa — retrying in 31282ms",
    "meta": {},
    "company": null
  },
  {
    "id": 1777889072469.6755,
    "ts": "2026-05-04T10:04:32.469Z",
    "level": "warn",
    "message": "[Customer:Maxworld It Solutions] attempt 3/5 failed (429) — HTTP 429: \"<!DOCTYPE html>\\n<html lang=\\\"en\\\">\\n\\n<head>\\n    <meta charset=\\\"utf-8\\\">\\n    <title>Daily Usage Limit Reached</title>\\n    <style>\\n        html {\\n            -webkit-font-smoothing: antialiased;\\n            -moz-osx-font-smoothing: grayscale;\\n        }\\n\\n        body {\\n            font-fa — retrying in 30957ms",
    "meta": {},
    "company": null
  },
  {
    "id": 1777889072167.4573,
    "ts": "2026-05-04T10:04:32.167Z",
    "level": "warn",
    "message": "[Customer:Maxtech] attempt 3/5 failed (429) — HTTP 429: \"<!DOCTYPE html>\\n<html lang=\\\"en\\\">\\n\\n<head>\\n    <meta charset=\\\"utf-8\\\">\\n    <title>Daily Usage Limit Reached</title>\\n    <style>\\n        html {\\n            -webkit-font-smoothing: antialiased;\\n            -moz-osx-font-smoothing: grayscale;\\n        }\\n\\n        body {\\n            font-fa — retrying in 31197ms",
    "meta": {},
    "company": null
  },
  {
    "id": 1777889072072.272,
    "ts": "2026-05-04T10:04:32.072Z",
    "level": "warn",
    "message": "[Customer:Maxxtech Pvt Ltd] attempt 3/5 failed (429) — HTTP 429: \"<!DOCTYPE html>\\n<html lang=\\\"en\\\">\\n\\n<head>\\n    <meta charset=\\\"utf-8\\\">\\n    <title>Daily Usage Limit Reached</title>\\n    <style>\\n        html {\\n            -webkit-font-smoothing: antialiased;\\n            -moz-osx-font-smoothing: grayscale;\\n        }\\n\\n        body {\\n            font-fa — retrying in 30342ms",
    "meta": {},
    "company": null
  },
  {
    "id": 1777889071883.8154,
    "ts": "2026-05-04T10:04:31.883Z",
    "level": "warn",
    "message": "[Customer:Mayank Automobiles] attempt 3/5 failed (429) — HTTP 429: \"<!DOCTYPE html>\\n<html lang=\\\"en\\\">\\n\\n<head>\\n    <meta charset=\\\"utf-8\\\">\\n    <title>Daily Usage Limit Reached</title>\\n    <style>\\n        html {\\n            -webkit-font-smoothing: antialiased;\\n            -moz-osx-font-smoothing: grayscale;\\n        }\\n\\n        body {\\n            font-fa — retrying in 30068ms",
    "meta": {},
    "company": null
  },
  {
    "id": 1777889071405.8196,
    "ts": "2026-05-04T10:04:31.405Z",
    "level": "warn",
    "message": "[Customer:Maxtone Electronics Pvt.Ltd] attempt 3/5 failed (429) — HTTP 429: \"<!DOCTYPE html>\\n<html lang=\\\"en\\\">\\n\\n<head>\\n    <meta charset=\\\"utf-8\\\">\\n    <title>Daily Usage Limit Reached</title>\\n    <style>\\n        html {\\n            -webkit-font-smoothing: antialiased;\\n            -moz-osx-font-smoothing: grayscale;\\n        }\\n\\n        body {\\n            font-fa — retrying in 30703ms",
    "meta": {},
    "company": null
  },
  {
    "id": 1777889056460.5574,
    "ts": "2026-05-04T10:04:16.460Z",
    "level": "warn",
    "message": "[Customer:Maya Fashion] attempt 2/5 failed (429) — HTTP 429: \"<!DOCTYPE html>\\n<html lang=\\\"en\\\">\\n\\n<head>\\n    <meta charset=\\\"utf-8\\\">\\n    <title>Daily Usage Limit Reached</title>\\n    <style>\\n        html {\\n            -webkit-font-smoothing: antialiased;\\n            -moz-osx-font-smoothing: grayscale;\\n        }\\n\\n        body {\\n            font-fa — retrying in 17092ms",
    "meta": {},
    "company": null
  },
  {
    "id": 1777889056422.3577,
    "ts": "2026-05-04T10:04:16.422Z",
    "level": "warn",
    "message": "[Customer:Maxx Ply Laminate] attempt 2/5 failed (429) — HTTP 429: \"<!DOCTYPE html>\\n<html lang=\\\"en\\\">\\n\\n<head>\\n    <meta charset=\\\"utf-8\\\">\\n    <title>Daily Usage Limit Reached</title>\\n    <style>\\n        html {\\n            -webkit-font-smoothing: antialiased;\\n            -moz-osx-font-smoothing: grayscale;\\n        }\\n\\n        body {\\n            font-fa — retrying in 16488ms",
    "meta": {},
    "company": null
  },
  {
    "id": 1777889056036.727,
    "ts": "2026-05-04T10:04:16.036Z",
    "level": "warn",
    "message": "[Customer:Maxtech] attempt 2/5 failed (429) — HTTP 429: \"<!DOCTYPE html>\\n<html lang=\\\"en\\\">\\n\\n<head>\\n    <meta charset=\\\"utf-8\\\">\\n    <title>Daily Usage Limit Reached</title>\\n    <style>\\n        html {\\n            -webkit-font-smoothing: antialiased;\\n            -moz-osx-font-smoothing: grayscale;\\n        }\\n\\n        body {\\n            font-fa — retrying in 16095ms",
    "meta": {},
    "company": null
  },
  {
    "id": 1777889055937.9543,
    "ts": "2026-05-04T10:04:15.937Z",
    "level": "warn",
    "message": "[Customer:Maxworld It Solutions] attempt 2/5 failed (429) — HTTP 429: \"<!DOCTYPE html>\\n<html lang=\\\"en\\\">\\n\\n<head>\\n    <meta charset=\\\"utf-8\\\">\\n    <title>Daily Usage Limit Reached</title>\\n    <style>\\n        html {\\n            -webkit-font-smoothing: antialiased;\\n            -moz-osx-font-smoothing: grayscale;\\n        }\\n\\n        body {\\n            font-fa — retrying in 16490ms",
    "meta": {},
    "company": null
  },
  {
    "id": 1777889055911.3528,
    "ts": "2026-05-04T10:04:15.911Z",
    "level": "warn",
    "message": "[Customer:Maxxtech Pvt Ltd] attempt 2/5 failed (429) — HTTP 429: \"<!DOCTYPE html>\\n<html lang=\\\"en\\\">\\n\\n<head>\\n    <meta charset=\\\"utf-8\\\">\\n    <title>Daily Usage Limit Reached</title>\\n    <style>\\n        html {\\n            -webkit-font-smoothing: antialiased;\\n            -moz-osx-font-smoothing: grayscale;\\n        }\\n\\n        body {\\n            font-fa — retrying in 16128ms",
    "meta": {},
    "company": null
  },
  {
    "id": 1777889055748.1733,
    "ts": "2026-05-04T10:04:15.748Z",
    "level": "warn",
    "message": "[Customer:Mayank Automobiles] attempt 2/5 failed (429) — HTTP 429: \"<!DOCTYPE html>\\n<html lang=\\\"en\\\">\\n\\n<head>\\n    <meta charset=\\\"utf-8\\\">\\n    <title>Daily Usage Limit Reached</title>\\n    <style>\\n        html {\\n            -webkit-font-smoothing: antialiased;\\n            -moz-osx-font-smoothing: grayscale;\\n        }\\n\\n        body {\\n            font-fa — retrying in 16105ms",
    "meta": {},
    "company": null
  },
  {
    "id": 1777889055558.2043,
    "ts": "2026-05-04T10:04:15.558Z",
    "level": "warn",
    "message": "[Customer:Max Steels] attempt 2/5 failed (429) — HTTP 429: \"<!DOCTYPE html>\\n<html lang=\\\"en\\\">\\n\\n<head>\\n    <meta charset=\\\"utf-8\\\">\\n    <title>Daily Usage Limit Reached</title>\\n    <style>\\n        html {\\n            -webkit-font-smoothing: antialiased;\\n            -moz-osx-font-smoothing: grayscale;\\n        }\\n\\n        body {\\n            font-fa — retrying in 17269ms",
    "meta": {},
    "company": null
  },
  {
    "id": 1777889055083.3938,
    "ts": "2026-05-04T10:04:15.083Z",
    "level": "warn",
    "message": "[Customer:Maxtone Electronics Pvt.Ltd] attempt 2/5 failed (429) — HTTP 429: \"<!DOCTYPE html>\\n<html lang=\\\"en\\\">\\n\\n<head>\\n    <meta charset=\\\"utf-8\\\">\\n    <title>Daily Usage Limit Reached</title>\\n    <style>\\n        html {\\n            -webkit-font-smoothing: antialiased;\\n            -moz-osx-font-smoothing: grayscale;\\n        }\\n\\n        body {\\n            font-fa — retrying in 16160ms",
    "meta": {},
    "company": null
  },
  {
    "id": 1777889046962.9253,
    "ts": "2026-05-04T10:04:06.962Z",
    "level": "warn",
    "message": "[Customer:Maya Fashion] attempt 1/5 failed (429) — HTTP 429: \"<!DOCTYPE html>\\n<html lang=\\\"en\\\">\\n\\n<head>\\n    <meta charset=\\\"utf-8\\\">\\n    <title>Daily Usage Limit Reached</title>\\n    <style>\\n        html {\\n            -webkit-font-smoothing: antialiased;\\n            -moz-osx-font-smoothing: grayscale;\\n        }\\n\\n        body {\\n            font-fa — retrying in 9440ms",
    "meta": {},
    "company": null
  },
  {
    "id": 1777889046951.21,
    "ts": "2026-05-04T10:04:06.951Z",
    "level": "warn",
    "message": "[Customer:Maxtech] attempt 1/5 failed (429) — HTTP 429: \"<!DOCTYPE html>\\n<html lang=\\\"en\\\">\\n\\n<head>\\n    <meta charset=\\\"utf-8\\\">\\n    <title>Daily Usage Limit Reached</title>\\n    <style>\\n        html {\\n            -webkit-font-smoothing: antialiased;\\n            -moz-osx-font-smoothing: grayscale;\\n        }\\n\\n        body {\\n            font-fa — retrying in 9038ms",
    "meta": {},
    "company": null
  },
  {
    "id": 1777889046941.7637,
    "ts": "2026-05-04T10:04:06.941Z",
    "level": "warn",
    "message": "[Customer:Mayank Automobiles] attempt 1/5 failed (429) — HTTP 429: \"<!DOCTYPE html>\\n<html lang=\\\"en\\\">\\n\\n<head>\\n    <meta charset=\\\"utf-8\\\">\\n    <title>Daily Usage Limit Reached</title>\\n    <style>\\n        html {\\n            -webkit-font-smoothing: antialiased;\\n            -moz-osx-font-smoothing: grayscale;\\n        }\\n\\n        body {\\n            font-fa — retrying in 8767ms",
    "meta": {},
    "company": null
  },
  {
    "id": 1777889046926.6038,
    "ts": "2026-05-04T10:04:06.926Z",
    "level": "warn",
    "message": "[Customer:Max Steels] attempt 1/5 failed (429) — HTTP 429: \"<!DOCTYPE html>\\n<html lang=\\\"en\\\">\\n\\n<head>\\n    <meta charset=\\\"utf-8\\\">\\n    <title>Daily Usage Limit Reached</title>\\n    <style>\\n        html {\\n            -webkit-font-smoothing: antialiased;\\n            -moz-osx-font-smoothing: grayscale;\\n        }\\n\\n        body {\\n            font-fa — retrying in 8593ms",
    "meta": {},
    "company": null
  },
  {
    "id": 1777889046913.6814,
    "ts": "2026-05-04T10:04:06.913Z",
    "level": "warn",
    "message": "[Customer:Maxworld It Solutions] attempt 1/5 failed (429) — HTTP 429: \"<!DOCTYPE html>\\n<html lang=\\\"en\\\">\\n\\n<head>\\n    <meta charset=\\\"utf-8\\\">\\n    <title>Daily Usage Limit Reached</title>\\n    <style>\\n        html {\\n            -webkit-font-smoothing: antialiased;\\n            -moz-osx-font-smoothing: grayscale;\\n        }\\n\\n        body {\\n            font-fa — retrying in 8994ms",
    "meta": {},
    "company": null
  },
  {
    "id": 1777889046902.15,
    "ts": "2026-05-04T10:04:06.902Z",
    "level": "warn",
    "message": "[Customer:Maxx Ply Laminate] attempt 1/5 failed (429) — HTTP 429: \"<!DOCTYPE html>\\n<html lang=\\\"en\\\">\\n\\n<head>\\n    <meta charset=\\\"utf-8\\\">\\n    <title>Daily Usage Limit Reached</title>\\n    <style>\\n        html {\\n            -webkit-font-smoothing: antialiased;\\n            -moz-osx-font-smoothing: grayscale;\\n        }\\n\\n        body {\\n            font-fa — retrying in 9475ms",
    "meta": {},
    "company": null
  },
  {
    "id": 1777889046892.8586,
    "ts": "2026-05-04T10:04:06.892Z",
    "level": "warn",
    "message": "[Customer:Maxxtech Pvt Ltd] attempt 1/5 failed (429) — HTTP 429: \"<!DOCTYPE html>\\n<html lang=\\\"en\\\">\\n\\n<head>\\n    <meta charset=\\\"utf-8\\\">\\n    <title>Daily Usage Limit Reached</title>\\n    <style>\\n        html {\\n            -webkit-font-smoothing: antialiased;\\n            -moz-osx-font-smoothing: grayscale;\\n        }\\n\\n        body {\\n            font-fa — retrying in 8982ms",
    "meta": {},
    "company": null
  },
  {
    "id": 1777889046882.291,
    "ts": "2026-05-04T10:04:06.882Z",
    "level": "warn",
    "message": "[Customer:Maxtone Electronics Pvt.Ltd] attempt 1/5 failed (429) — HTTP 429: \"<!DOCTYPE html>\\n<html lang=\\\"en\\\">\\n\\n<head>\\n    <meta charset=\\\"utf-8\\\">\\n    <title>Daily Usage Limit Reached</title>\\n    <style>\\n        html {\\n            -webkit-font-smoothing: antialiased;\\n            -moz-osx-font-smoothing: grayscale;\\n        }\\n\\n        body {\\n            font-fa — retrying in 8139ms",
    "meta": {},
    "company": null
  },
  {
    "id": 1777889000261.288,
    "ts": "2026-05-04T10:03:20.261Z",
    "level": "warn",
    "message": "[Customer:Max Print] attempt 5/5 failed (429) — HTTP 429: \"<!DOCTYPE html>\\n<html lang=\\\"en\\\">\\n\\n<head>\\n    <meta charset=\\\"utf-8\\\">\\n    <title>Daily Usage Limit Reached</title>\\n    <style>\\n        html {\\n            -webkit-font-smoothing: antialiased;\\n            -moz-osx-font-smoothing: grayscale;\\n        }\\n\\n        body {\\n            font-fa — retrying in 31147ms",
    "meta": {},
    "company": null
  },
  {
    "id": 1777889000129.4224,
    "ts": "2026-05-04T10:03:20.129Z",
    "level": "warn",
    "message": "[Customer:Max Klick Interactive Media Pvt Ltd] attempt 5/5 failed (429) — HTTP 429: \"<!DOCTYPE html>\\n<html lang=\\\"en\\\">\\n\\n<head>\\n    <meta charset=\\\"utf-8\\\">\\n    <title>Daily Usage Limit Reached</title>\\n    <style>\\n        html {\\n            -webkit-font-smoothing: antialiased;\\n            -moz-osx-font-smoothing: grayscale;\\n        }\\n\\n        body {\\n            font-fa — retrying in 31145ms",
    "meta": {},
    "company": null
  },
  {
    "id": 1777888999604.5945,
    "ts": "2026-05-04T10:03:19.604Z",
    "level": "warn",
    "message": "[Customer:Maximore Pharma Private Limited] attempt 5/5 failed (429) — HTTP 429: \"<!DOCTYPE html>\\n<html lang=\\\"en\\\">\\n\\n<head>\\n    <meta charset=\\\"utf-8\\\">\\n    <title>Daily Usage Limit Reached</title>\\n    <style>\\n        html {\\n            -webkit-font-smoothing: antialiased;\\n            -moz-osx-font-smoothing: grayscale;\\n        }\\n\\n        body {\\n            font-fa — retrying in 31172ms",
    "meta": {},
    "company": null
  },
  {
    "id": 1777888999594.3962,
    "ts": "2026-05-04T10:03:19.594Z",
    "level": "warn",
    "message": "[Customer:Maxim Advertising Pvt Ltd] attempt 5/5 failed (429) — HTTP 429: \"<!DOCTYPE html>\\n<html lang=\\\"en\\\">\\n\\n<head>\\n    <meta charset=\\\"utf-8\\\">\\n    <title>Daily Usage Limit Reached</title>\\n    <style>\\n        html {\\n            -webkit-font-smoothing: antialiased;\\n            -moz-osx-font-smoothing: grayscale;\\n        }\\n\\n        body {\\n            font-fa — retrying in 31402ms",
    "meta": {},
    "company": null
  },
  {
    "id": 1777888999588.1545,
    "ts": "2026-05-04T10:03:19.588Z",
    "level": "warn",
    "message": "[Customer:Maxima Industries] attempt 5/5 failed (429) — HTTP 429: \"<!DOCTYPE html>\\n<html lang=\\\"en\\\">\\n\\n<head>\\n    <meta charset=\\\"utf-8\\\">\\n    <title>Daily Usage Limit Reached</title>\\n    <style>\\n        html {\\n            -webkit-font-smoothing: antialiased;\\n            -moz-osx-font-smoothing: grayscale;\\n        }\\n\\n        body {\\n            font-fa — retrying in 30146ms",
    "meta": {},
    "company": null
  },
  {
    "id": 1777888999449.2014,
    "ts": "2026-05-04T10:03:19.449Z",
    "level": "warn",
    "message": "[Customer:Maxim It Park] attempt 5/5 failed (429) — HTTP 429: \"<!DOCTYPE html>\\n<html lang=\\\"en\\\">\\n\\n<head>\\n    <meta charset=\\\"utf-8\\\">\\n    <title>Daily Usage Limit Reached</title>\\n    <style>\\n        html {\\n            -webkit-font-smoothing: antialiased;\\n            -moz-osx-font-smoothing: grayscale;\\n        }\\n\\n        body {\\n            font-fa — retrying in 30635ms",
    "meta": {},
    "company": null
  },
  {
    "id": 1777888999440.1853,
    "ts": "2026-05-04T10:03:19.440Z",
    "level": "warn",
    "message": "[Customer:Maximus Infoware (India) Pvt Ltd,] attempt 5/5 failed (429) — HTTP 429: \"<!DOCTYPE html>\\n<html lang=\\\"en\\\">\\n\\n<head>\\n    <meta charset=\\\"utf-8\\\">\\n    <title>Daily Usage Limit Reached</title>\\n    <style>\\n        html {\\n            -webkit-font-smoothing: antialiased;\\n            -moz-osx-font-smoothing: grayscale;\\n        }\\n\\n        body {\\n            font-fa — retrying in 30749ms",
    "meta": {},
    "company": null
  },
  {
    "id": 1777888998283.6812,
    "ts": "2026-05-04T10:03:18.283Z",
    "level": "warn",
    "message": "[Customer:Maxpro Engineers Pvt. Ltd.] attempt 5/5 failed (429) — HTTP 429: \"<!DOCTYPE html>\\n<html lang=\\\"en\\\">\\n\\n<head>\\n    <meta charset=\\\"utf-8\\\">\\n    <title>Daily Usage Limit Reached</title>\\n    <style>\\n        html {\\n            -webkit-font-smoothing: antialiased;\\n            -moz-osx-font-smoothing: grayscale;\\n        }\\n\\n        body {\\n            font-fa — retrying in 31414ms",
    "meta": {},
    "company": null
  },
  {
    "id": 1777888968977.6582,
    "ts": "2026-05-04T10:02:48.977Z",
    "level": "warn",
    "message": "[Customer:Max Print] attempt 4/5 failed (429) — HTTP 429: \"<!DOCTYPE html>\\n<html lang=\\\"en\\\">\\n\\n<head>\\n    <meta charset=\\\"utf-8\\\">\\n    <title>Daily Usage Limit Reached</title>\\n    <style>\\n        html {\\n            -webkit-font-smoothing: antialiased;\\n            -moz-osx-font-smoothing: grayscale;\\n        }\\n\\n        body {\\n            font-fa — retrying in 31259ms",
    "meta": {},
    "company": null
  },
  {
    "id": 1777888968820.5916,
    "ts": "2026-05-04T10:02:48.820Z",
    "level": "warn",
    "message": "[Customer:Maxima Industries] attempt 4/5 failed (429) — HTTP 429: \"<!DOCTYPE html>\\n<html lang=\\\"en\\\">\\n\\n<head>\\n    <meta charset=\\\"utf-8\\\">\\n    <title>Daily Usage Limit Reached</title>\\n    <style>\\n        html {\\n            -webkit-font-smoothing: antialiased;\\n            -moz-osx-font-smoothing: grayscale;\\n        }\\n\\n        body {\\n            font-fa — retrying in 30143ms",
    "meta": {},
    "company": null
  },
  {
    "id": 1777888968674.339,
    "ts": "2026-05-04T10:02:48.674Z",
    "level": "warn",
    "message": "[Customer:Max Klick Interactive Media Pvt Ltd] attempt 4/5 failed (429) — HTTP 429: \"<!DOCTYPE html>\\n<html lang=\\\"en\\\">\\n\\n<head>\\n    <meta charset=\\\"utf-8\\\">\\n    <title>Daily Usage Limit Reached</title>\\n    <style>\\n        html {\\n            -webkit-font-smoothing: antialiased;\\n            -moz-osx-font-smoothing: grayscale;\\n        }\\n\\n        body {\\n            font-fa — retrying in 31308ms",
    "meta": {},
    "company": null
  },
  {
    "id": 1777888968601.541,
    "ts": "2026-05-04T10:02:48.601Z",
    "level": "warn",
    "message": "[Customer:Maximore Pharma Private Limited] attempt 4/5 failed (429) — HTTP 429: \"<!DOCTYPE html>\\n<html lang=\\\"en\\\">\\n\\n<head>\\n    <meta charset=\\\"utf-8\\\">\\n    <title>Daily Usage Limit Reached</title>\\n    <style>\\n        html {\\n            -webkit-font-smoothing: antialiased;\\n            -moz-osx-font-smoothing: grayscale;\\n        }\\n\\n        body {\\n            font-fa — retrying in 30943ms",
    "meta": {},
    "company": null
  },
  {
    "id": 1777888967951.9924,
    "ts": "2026-05-04T10:02:47.951Z",
    "level": "warn",
    "message": "[Customer:Maxim It Park] attempt 4/5 failed (429) — HTTP 429: \"<!DOCTYPE html>\\n<html lang=\\\"en\\\">\\n\\n<head>\\n    <meta charset=\\\"utf-8\\\">\\n    <title>Daily Usage Limit Reached</title>\\n    <style>\\n        html {\\n            -webkit-font-smoothing: antialiased;\\n            -moz-osx-font-smoothing: grayscale;\\n        }\\n\\n        body {\\n            font-fa — retrying in 30493ms",
    "meta": {},
    "company": null
  },
  {
    "id": 1777888967943.6484,
    "ts": "2026-05-04T10:02:47.943Z",
    "level": "warn",
    "message": "[Customer:Maxpro Engineers Pvt. Ltd.] attempt 4/5 failed (429) — HTTP 429: \"<!DOCTYPE html>\\n<html lang=\\\"en\\\">\\n\\n<head>\\n    <meta charset=\\\"utf-8\\\">\\n    <title>Daily Usage Limit Reached</title>\\n    <style>\\n        html {\\n            -webkit-font-smoothing: antialiased;\\n            -moz-osx-font-smoothing: grayscale;\\n        }\\n\\n        body {\\n            font-fa — retrying in 30242ms",
    "meta": {},
    "company": null
  },
  {
    "id": 1777888967810.926,
    "ts": "2026-05-04T10:02:47.810Z",
    "level": "warn",
    "message": "[Customer:Maximus Infoware (India) Pvt Ltd,] attempt 4/5 failed (429) — HTTP 429: \"<!DOCTYPE html>\\n<html lang=\\\"en\\\">\\n\\n<head>\\n    <meta charset=\\\"utf-8\\\">\\n    <title>Daily Usage Limit Reached</title>\\n    <style>\\n        html {\\n            -webkit-font-smoothing: antialiased;\\n            -moz-osx-font-smoothing: grayscale;\\n        }\\n\\n        body {\\n            font-fa — retrying in 31023ms",
    "meta": {},
    "company": null
  },
  {
    "id": 1777888967778.4377,
    "ts": "2026-05-04T10:02:47.778Z",
    "level": "warn",
    "message": "[Customer:Maxim Advertising Pvt Ltd] attempt 4/5 failed (429) — HTTP 429: \"<!DOCTYPE html>\\n<html lang=\\\"en\\\">\\n\\n<head>\\n    <meta charset=\\\"utf-8\\\">\\n    <title>Daily Usage Limit Reached</title>\\n    <style>\\n        html {\\n            -webkit-font-smoothing: antialiased;\\n            -moz-osx-font-smoothing: grayscale;\\n        }\\n\\n        body {\\n            font-fa — retrying in 31278ms",
    "meta": {},
    "company": null
  },
  {
    "id": 1777888938383.2449,
    "ts": "2026-05-04T10:02:18.383Z",
    "level": "warn",
    "message": "[Customer:Max Print] attempt 3/5 failed (429) — HTTP 429: \"<!DOCTYPE html>\\n<html lang=\\\"en\\\">\\n\\n<head>\\n    <meta charset=\\\"utf-8\\\">\\n    <title>Daily Usage Limit Reached</title>\\n    <style>\\n        html {\\n            -webkit-font-smoothing: antialiased;\\n            -moz-osx-font-smoothing: grayscale;\\n        }\\n\\n        body {\\n            font-fa — retrying in 30556ms",
    "meta": {},
    "company": null
  },
  {
    "id": 1777888938112.523,
    "ts": "2026-05-04T10:02:18.112Z",
    "level": "warn",
    "message": "[Customer:Maximore Pharma Private Limited] attempt 3/5 failed (429) — HTTP 429: \"<!DOCTYPE html>\\n<html lang=\\\"en\\\">\\n\\n<head>\\n    <meta charset=\\\"utf-8\\\">\\n    <title>Daily Usage Limit Reached</title>\\n    <style>\\n        html {\\n            -webkit-font-smoothing: antialiased;\\n            -moz-osx-font-smoothing: grayscale;\\n        }\\n\\n        body {\\n            font-fa — retrying in 30454ms",
    "meta": {},
    "company": null
  },
  {
    "id": 1777888937893.3403,
    "ts": "2026-05-04T10:02:17.893Z",
    "level": "warn",
    "message": "[Customer:Maxpro Engineers Pvt. Ltd.] attempt 3/5 failed (429) — HTTP 429: \"<!DOCTYPE html>\\n<html lang=\\\"en\\\">\\n\\n<head>\\n    <meta charset=\\\"utf-8\\\">\\n    <title>Daily Usage Limit Reached</title>\\n    <style>\\n        html {\\n            -webkit-font-smoothing: antialiased;\\n            -moz-osx-font-smoothing: grayscale;\\n        }\\n\\n        body {\\n            font-fa — retrying in 30002ms",
    "meta": {},
    "company": null
  },
  {
    "id": 1777888937861.6606,
    "ts": "2026-05-04T10:02:17.861Z",
    "level": "warn",
    "message": "[Customer:Max Klick Interactive Media Pvt Ltd] attempt 3/5 failed (429) — HTTP 429: \"<!DOCTYPE html>\\n<html lang=\\\"en\\\">\\n\\n<head>\\n    <meta charset=\\\"utf-8\\\">\\n    <title>Daily Usage Limit Reached</title>\\n    <style>\\n        html {\\n            -webkit-font-smoothing: antialiased;\\n            -moz-osx-font-smoothing: grayscale;\\n        }\\n\\n        body {\\n            font-fa — retrying in 30787ms",
    "meta": {},
    "company": null
  },
  {
    "id": 1777888937728.5178,
    "ts": "2026-05-04T10:02:17.728Z",
    "level": "warn",
    "message": "[Customer:Maxima Industries] attempt 3/5 failed (429) — HTTP 429: \"<!DOCTYPE html>\\n<html lang=\\\"en\\\">\\n\\n<head>\\n    <meta charset=\\\"utf-8\\\">\\n    <title>Daily Usage Limit Reached</title>\\n    <style>\\n        html {\\n            -webkit-font-smoothing: antialiased;\\n            -moz-osx-font-smoothing: grayscale;\\n        }\\n\\n        body {\\n            font-fa — retrying in 31052ms",
    "meta": {},
    "company": null
  },
  {
    "id": 1777888937547.1487,
    "ts": "2026-05-04T10:02:17.547Z",
    "level": "warn",
    "message": "[Customer:Maxim Advertising Pvt Ltd] attempt 3/5 failed (429) — HTTP 429: \"<!DOCTYPE html>\\n<html lang=\\\"en\\\">\\n\\n<head>\\n    <meta charset=\\\"utf-8\\\">\\n    <title>Daily Usage Limit Reached</title>\\n    <style>\\n        html {\\n            -webkit-font-smoothing: antialiased;\\n            -moz-osx-font-smoothing: grayscale;\\n        }\\n\\n        body {\\n            font-fa — retrying in 30127ms",
    "meta": {},
    "company": null
  },
  {
    "id": 1777888937363.2083,
    "ts": "2026-05-04T10:02:17.363Z",
    "level": "warn",
    "message": "[Customer:Maxim It Park] attempt 3/5 failed (429) — HTTP 429: \"<!DOCTYPE html>\\n<html lang=\\\"en\\\">\\n\\n<head>\\n    <meta charset=\\\"utf-8\\\">\\n    <title>Daily Usage Limit Reached</title>\\n    <style>\\n        html {\\n            -webkit-font-smoothing: antialiased;\\n            -moz-osx-font-smoothing: grayscale;\\n        }\\n\\n        body {\\n            font-fa — retrying in 30530ms",
    "meta": {},
    "company": null
  },
  {
    "id": 1777888937308.4844,
    "ts": "2026-05-04T10:02:17.308Z",
    "level": "warn",
    "message": "[Customer:Maximus Infoware (India) Pvt Ltd,] attempt 3/5 failed (429) — HTTP 429: \"<!DOCTYPE html>\\n<html lang=\\\"en\\\">\\n\\n<head>\\n    <meta charset=\\\"utf-8\\\">\\n    <title>Daily Usage Limit Reached</title>\\n    <style>\\n        html {\\n            -webkit-font-smoothing: antialiased;\\n            -moz-osx-font-smoothing: grayscale;\\n        }\\n\\n        body {\\n            font-fa — retrying in 30396ms",
    "meta": {},
    "company": null
  },
  {
    "id": 1777888921256.8472,
    "ts": "2026-05-04T10:02:01.256Z",
    "level": "warn",
    "message": "[Customer:Maximore Pharma Private Limited] attempt 2/5 failed (429) — HTTP 429: \"<!DOCTYPE html>\\n<html lang=\\\"en\\\">\\n\\n<head>\\n    <meta charset=\\\"utf-8\\\">\\n    <title>Daily Usage Limit Reached</title>\\n    <style>\\n        html {\\n            -webkit-font-smoothing: antialiased;\\n            -moz-osx-font-smoothing: grayscale;\\n        }\\n\\n        body {\\n            font-fa — retrying in 16814ms",
    "meta": {},
    "company": null
  },
  {
    "id": 1777888921114.777,
    "ts": "2026-05-04T10:02:01.114Z",
    "level": "warn",
    "message": "[Customer:Maxima Industries] attempt 2/5 failed (429) — HTTP 429: \"<!DOCTYPE html>\\n<html lang=\\\"en\\\">\\n\\n<head>\\n    <meta charset=\\\"utf-8\\\">\\n    <title>Daily Usage Limit Reached</title>\\n    <style>\\n        html {\\n            -webkit-font-smoothing: antialiased;\\n            -moz-osx-font-smoothing: grayscale;\\n        }\\n\\n        body {\\n            font-fa — retrying in 16572ms",
    "meta": {},
    "company": null
  },
  {
    "id": 1777888921107.3125,
    "ts": "2026-05-04T10:02:01.107Z",
    "level": "warn",
    "message": "[Customer:Max Klick Interactive Media Pvt Ltd] attempt 2/5 failed (429) — HTTP 429: \"<!DOCTYPE html>\\n<html lang=\\\"en\\\">\\n\\n<head>\\n    <meta charset=\\\"utf-8\\\">\\n    <title>Daily Usage Limit Reached</title>\\n    <style>\\n        html {\\n            -webkit-font-smoothing: antialiased;\\n            -moz-osx-font-smoothing: grayscale;\\n        }\\n\\n        body {\\n            font-fa — retrying in 16716ms",
    "meta": {},
    "company": null
  },
  {
    "id": 1777888921071.828,
    "ts": "2026-05-04T10:02:01.071Z",
    "level": "warn",
    "message": "[Customer:Max Print] attempt 2/5 failed (429) — HTTP 429: \"<!DOCTYPE html>\\n<html lang=\\\"en\\\">\\n\\n<head>\\n    <meta charset=\\\"utf-8\\\">\\n    <title>Daily Usage Limit Reached</title>\\n    <style>\\n        html {\\n            -webkit-font-smoothing: antialiased;\\n            -moz-osx-font-smoothing: grayscale;\\n        }\\n\\n        body {\\n            font-fa — retrying in 17264ms",
    "meta": {},
    "company": null
  },
  {
    "id": 1777888921023.6028,
    "ts": "2026-05-04T10:02:01.023Z",
    "level": "warn",
    "message": "[Customer:Maxim It Park] attempt 2/5 failed (429) — HTTP 429: \"<!DOCTYPE html>\\n<html lang=\\\"en\\\">\\n\\n<head>\\n    <meta charset=\\\"utf-8\\\">\\n    <title>Daily Usage Limit Reached</title>\\n    <style>\\n        html {\\n            -webkit-font-smoothing: antialiased;\\n            -moz-osx-font-smoothing: grayscale;\\n        }\\n\\n        body {\\n            font-fa — retrying in 16302ms",
    "meta": {},
    "company": null
  },
  {
    "id": 1777888920894.1914,
    "ts": "2026-05-04T10:02:00.894Z",
    "level": "warn",
    "message": "[Customer:Maxim Advertising Pvt Ltd] attempt 2/5 failed (429) — HTTP 429: \"<!DOCTYPE html>\\n<html lang=\\\"en\\\">\\n\\n<head>\\n    <meta charset=\\\"utf-8\\\">\\n    <title>Daily Usage Limit Reached</title>\\n    <style>\\n        html {\\n            -webkit-font-smoothing: antialiased;\\n            -moz-osx-font-smoothing: grayscale;\\n        }\\n\\n        body {\\n            font-fa — retrying in 16620ms",
    "meta": {},
    "company": null
  },
  {
    "id": 1777888920361.1785,
    "ts": "2026-05-04T10:02:00.361Z",
    "level": "warn",
    "message": "[Customer:Maxpro Engineers Pvt. Ltd.] attempt 2/5 failed (429) — HTTP 429: \"<!DOCTYPE html>\\n<html lang=\\\"en\\\">\\n\\n<head>\\n    <meta charset=\\\"utf-8\\\">\\n    <title>Daily Usage Limit Reached</title>\\n    <style>\\n        html {\\n            -webkit-font-smoothing: antialiased;\\n            -moz-osx-font-smoothing: grayscale;\\n        }\\n\\n        body {\\n            font-fa — retrying in 17492ms",
    "meta": {},
    "company": null
  },
  {
    "id": 1777888920256.8567,
    "ts": "2026-05-04T10:02:00.256Z",
    "level": "warn",
    "message": "[Customer:Maximus Infoware (India) Pvt Ltd,] attempt 2/5 failed (429) — HTTP 429: \"<!DOCTYPE html>\\n<html lang=\\\"en\\\">\\n\\n<head>\\n    <meta charset=\\\"utf-8\\\">\\n    <title>Daily Usage Limit Reached</title>\\n    <style>\\n        html {\\n            -webkit-font-smoothing: antialiased;\\n            -moz-osx-font-smoothing: grayscale;\\n        }\\n\\n        body {\\n            font-fa — retrying in 16813ms",
    "meta": {},
    "company": null
  },
  {
    "id": 1777888911842.857,
    "ts": "2026-05-04T10:01:51.842Z",
    "level": "warn",
    "message": "[Customer:Maxim Advertising Pvt Ltd] attempt 1/5 failed (429) — HTTP 429: \"<!DOCTYPE html>\\n<html lang=\\\"en\\\">\\n\\n<head>\\n    <meta charset=\\\"utf-8\\\">\\n    <title>Daily Usage Limit Reached</title>\\n    <style>\\n        html {\\n            -webkit-font-smoothing: antialiased;\\n            -moz-osx-font-smoothing: grayscale;\\n        }\\n\\n        body {\\n            font-fa — retrying in 9015ms",
    "meta": {},
    "company": null
  },
  {
    "id": 1777888911834.399,
    "ts": "2026-05-04T10:01:51.834Z",
    "level": "warn",
    "message": "[Customer:Maxpro Engineers Pvt. Ltd.] attempt 1/5 failed (429) — HTTP 429: \"<!DOCTYPE html>\\n<html lang=\\\"en\\\">\\n\\n<head>\\n    <meta charset=\\\"utf-8\\\">\\n    <title>Daily Usage Limit Reached</title>\\n    <style>\\n        html {\\n            -webkit-font-smoothing: antialiased;\\n            -moz-osx-font-smoothing: grayscale;\\n        }\\n\\n        body {\\n            font-fa — retrying in 8422ms",
    "meta": {},
    "company": null
  },
  {
    "id": 1777888911826.3882,
    "ts": "2026-05-04T10:01:51.826Z",
    "level": "warn",
    "message": "[Customer:Max Klick Interactive Media Pvt Ltd] attempt 1/5 failed (429) — HTTP 429: \"<!DOCTYPE html>\\n<html lang=\\\"en\\\">\\n\\n<head>\\n    <meta charset=\\\"utf-8\\\">\\n    <title>Daily Usage Limit Reached</title>\\n    <style>\\n        html {\\n            -webkit-font-smoothing: antialiased;\\n            -moz-osx-font-smoothing: grayscale;\\n        }\\n\\n        body {\\n            font-fa — retrying in 9223ms",
    "meta": {},
    "company": null
  },
  {
    "id": 1777888911817.465,
    "ts": "2026-05-04T10:01:51.817Z",
    "level": "warn",
    "message": "[Customer:Maxima Industries] attempt 1/5 failed (429) — HTTP 429: \"<!DOCTYPE html>\\n<html lang=\\\"en\\\">\\n\\n<head>\\n    <meta charset=\\\"utf-8\\\">\\n    <title>Daily Usage Limit Reached</title>\\n    <style>\\n        html {\\n            -webkit-font-smoothing: antialiased;\\n            -moz-osx-font-smoothing: grayscale;\\n        }\\n\\n        body {\\n            font-fa — retrying in 9260ms",
    "meta": {},
    "company": null
  },
  {
    "id": 1777888911808.5623,
    "ts": "2026-05-04T10:01:51.808Z",
    "level": "warn",
    "message": "[Customer:Maximore Pharma Private Limited] attempt 1/5 failed (429) — HTTP 429: \"<!DOCTYPE html>\\n<html lang=\\\"en\\\">\\n\\n<head>\\n    <meta charset=\\\"utf-8\\\">\\n    <title>Daily Usage Limit Reached</title>\\n    <style>\\n        html {\\n            -webkit-font-smoothing: antialiased;\\n            -moz-osx-font-smoothing: grayscale;\\n        }\\n\\n        body {\\n            font-fa — retrying in 9410ms",
    "meta": {},
    "company": null
  },
  {
    "id": 1777888911798.7495,
    "ts": "2026-05-04T10:01:51.798Z",
    "level": "warn",
    "message": "[Customer:Maxim It Park] attempt 1/5 failed (429) — HTTP 429: \"<!DOCTYPE html>\\n<html lang=\\\"en\\\">\\n\\n<head>\\n    <meta charset=\\\"utf-8\\\">\\n    <title>Daily Usage Limit Reached</title>\\n    <style>\\n        html {\\n            -webkit-font-smoothing: antialiased;\\n            -moz-osx-font-smoothing: grayscale;\\n        }\\n\\n        body {\\n            font-fa — retrying in 9182ms",
    "meta": {},
    "company": null
  },
  {
    "id": 1777888911790.1494,
    "ts": "2026-05-04T10:01:51.790Z",
    "level": "warn",
    "message": "[Customer:Max Print] attempt 1/5 failed (429) — HTTP 429: \"<!DOCTYPE html>\\n<html lang=\\\"en\\\">\\n\\n<head>\\n    <meta charset=\\\"utf-8\\\">\\n    <title>Daily Usage Limit Reached</title>\\n    <style>\\n        html {\\n            -webkit-font-smoothing: antialiased;\\n            -moz-osx-font-smoothing: grayscale;\\n        }\\n\\n        body {\\n            font-fa — retrying in 9241ms",
    "meta": {},
    "company": null
  },
  {
    "id": 1777888911781.1716,
    "ts": "2026-05-04T10:01:51.781Z",
    "level": "warn",
    "message": "[Customer:Maximus Infoware (India) Pvt Ltd,] attempt 1/5 failed (429) — HTTP 429: \"<!DOCTYPE html>\\n<html lang=\\\"en\\\">\\n\\n<head>\\n    <meta charset=\\\"utf-8\\\">\\n    <title>Daily Usage Limit Reached</title>\\n    <style>\\n        html {\\n            -webkit-font-smoothing: antialiased;\\n            -moz-osx-font-smoothing: grayscale;\\n        }\\n\\n        body {\\n            font-fa — retrying in 8353ms",
    "meta": {},
    "company": null
  },
  {
    "id": 1777888865371.2166,
    "ts": "2026-05-04T10:01:05.371Z",
    "level": "warn",
    "message": "[Customer:Max Computer Services] attempt 5/5 failed (429) — HTTP 429: \"<!DOCTYPE html>\\n<html lang=\\\"en\\\">\\n\\n<head>\\n    <meta charset=\\\"utf-8\\\">\\n    <title>Daily Usage Limit Reached</title>\\n    <style>\\n        html {\\n            -webkit-font-smoothing: antialiased;\\n            -moz-osx-font-smoothing: grayscale;\\n        }\\n\\n        body {\\n            font-fa — retrying in 30991ms",
    "meta": {},
    "company": null
  },
  {
    "id": 1777888865262.3508,
    "ts": "2026-05-04T10:01:05.262Z",
    "level": "warn",
    "message": "[Customer:Max Global Trade pvt ltd] attempt 5/5 failed (429) — HTTP 429: \"<!DOCTYPE html>\\n<html lang=\\\"en\\\">\\n\\n<head>\\n    <meta charset=\\\"utf-8\\\">\\n    <title>Daily Usage Limit Reached</title>\\n    <style>\\n        html {\\n            -webkit-font-smoothing: antialiased;\\n            -moz-osx-font-smoothing: grayscale;\\n        }\\n\\n        body {\\n            font-fa — retrying in 30048ms",
    "meta": {},
    "company": null
  },
  {
    "id": 1777888865012.6492,
    "ts": "2026-05-04T10:01:05.012Z",
    "level": "warn",
    "message": "[Customer:Maxell Engineers] attempt 5/5 failed (429) — HTTP 429: \"<!DOCTYPE html>\\n<html lang=\\\"en\\\">\\n\\n<head>\\n    <meta charset=\\\"utf-8\\\">\\n    <title>Daily Usage Limit Reached</title>\\n    <style>\\n        html {\\n            -webkit-font-smoothing: antialiased;\\n            -moz-osx-font-smoothing: grayscale;\\n        }\\n\\n        body {\\n            font-fa — retrying in 30226ms",
    "meta": {},
    "company": null
  },
  {
    "id": 1777888864713.642,
    "ts": "2026-05-04T10:01:04.713Z",
    "level": "warn",
    "message": "[Customer:Maxgrow Corporations] attempt 5/5 failed (429) — HTTP 429: \"<!DOCTYPE html>\\n<html lang=\\\"en\\\">\\n\\n<head>\\n    <meta charset=\\\"utf-8\\\">\\n    <title>Daily Usage Limit Reached</title>\\n    <style>\\n        html {\\n            -webkit-font-smoothing: antialiased;\\n            -moz-osx-font-smoothing: grayscale;\\n        }\\n\\n        body {\\n            font-fa — retrying in 30437ms",
    "meta": {},
    "company": null
  },
  {
    "id": 1777888864174.593,
    "ts": "2026-05-04T10:01:04.174Z",
    "level": "warn",
    "message": "[Customer:Max Goal Marketing Pvt Limited] attempt 5/5 failed (429) — HTTP 429: \"<!DOCTYPE html>\\n<html lang=\\\"en\\\">\\n\\n<head>\\n    <meta charset=\\\"utf-8\\\">\\n    <title>Daily Usage Limit Reached</title>\\n    <style>\\n        html {\\n            -webkit-font-smoothing: antialiased;\\n            -moz-osx-font-smoothing: grayscale;\\n        }\\n\\n        body {\\n            font-fa — retrying in 30778ms",
    "meta": {},
    "company": null
  },
  {
    "id": 1777888864163.9624,
    "ts": "2026-05-04T10:01:04.163Z",
    "level": "warn",
    "message": "[Customer:Maxgrow Corporation] attempt 5/5 failed (429) — HTTP 429: \"<!DOCTYPE html>\\n<html lang=\\\"en\\\">\\n\\n<head>\\n    <meta charset=\\\"utf-8\\\">\\n    <title>Daily Usage Limit Reached</title>\\n    <style>\\n        html {\\n            -webkit-font-smoothing: antialiased;\\n            -moz-osx-font-smoothing: grayscale;\\n        }\\n\\n        body {\\n            font-fa — retrying in 30044ms",
    "meta": {},
    "company": null
  },
  {
    "id": 1777888863765.286,
    "ts": "2026-05-04T10:01:03.765Z",
    "level": "warn",
    "message": "[Customer:MaxHome AEHs Traders] attempt 5/5 failed (429) — HTTP 429: \"<!DOCTYPE html>\\n<html lang=\\\"en\\\">\\n\\n<head>\\n    <meta charset=\\\"utf-8\\\">\\n    <title>Daily Usage Limit Reached</title>\\n    <style>\\n        html {\\n            -webkit-font-smoothing: antialiased;\\n            -moz-osx-font-smoothing: grayscale;\\n        }\\n\\n        body {\\n            font-fa — retrying in 30592ms",
    "meta": {},
    "company": null
  },
  {
    "id": 1777888863752.3408,
    "ts": "2026-05-04T10:01:03.752Z",
    "level": "warn",
    "message": "[Customer:Max Enterprises] attempt 5/5 failed (429) — HTTP 429: \"<!DOCTYPE html>\\n<html lang=\\\"en\\\">\\n\\n<head>\\n    <meta charset=\\\"utf-8\\\">\\n    <title>Daily Usage Limit Reached</title>\\n    <style>\\n        html {\\n            -webkit-font-smoothing: antialiased;\\n            -moz-osx-font-smoothing: grayscale;\\n        }\\n\\n        body {\\n            font-fa — retrying in 30247ms",
    "meta": {},
    "company": null
  },
  {
    "id": 1777888834750.814,
    "ts": "2026-05-04T10:00:34.750Z",
    "level": "warn",
    "message": "[Customer:Max Computer Services] attempt 4/5 failed (429) — HTTP 429: \"<!DOCTYPE html>\\n<html lang=\\\"en\\\">\\n\\n<head>\\n    <meta charset=\\\"utf-8\\\">\\n    <title>Daily Usage Limit Reached</title>\\n    <style>\\n        html {\\n            -webkit-font-smoothing: antialiased;\\n            -moz-osx-font-smoothing: grayscale;\\n        }\\n\\n        body {\\n            font-fa — retrying in 30590ms",
    "meta": {},
    "company": null
  },
  {
    "id": 1777888834319.3005,
    "ts": "2026-05-04T10:00:34.319Z",
    "level": "warn",
    "message": "[Customer:Max Global Trade pvt ltd] attempt 4/5 failed (429) — HTTP 429: \"<!DOCTYPE html>\\n<html lang=\\\"en\\\">\\n\\n<head>\\n    <meta charset=\\\"utf-8\\\">\\n    <title>Daily Usage Limit Reached</title>\\n    <style>\\n        html {\\n            -webkit-font-smoothing: antialiased;\\n            -moz-osx-font-smoothing: grayscale;\\n        }\\n\\n        body {\\n            font-fa — retrying in 30895ms",
    "meta": {},
    "company": null
  },
  {
    "id": 1777888834014.309,
    "ts": "2026-05-04T10:00:34.014Z",
    "level": "warn",
    "message": "[Customer:Maxgrow Corporation] attempt 4/5 failed (429) — HTTP 429: \"<!DOCTYPE html>\\n<html lang=\\\"en\\\">\\n\\n<head>\\n    <meta charset=\\\"utf-8\\\">\\n    <title>Daily Usage Limit Reached</title>\\n    <style>\\n        html {\\n            -webkit-font-smoothing: antialiased;\\n            -moz-osx-font-smoothing: grayscale;\\n        }\\n\\n        body {\\n            font-fa — retrying in 30103ms",
    "meta": {},
    "company": null
  },
  {
    "id": 1777888833889.8442,
    "ts": "2026-05-04T10:00:33.889Z",
    "level": "warn",
    "message": "[Customer:Maxell Engineers] attempt 4/5 failed (429) — HTTP 429: \"<!DOCTYPE html>\\n<html lang=\\\"en\\\">\\n\\n<head>\\n    <meta charset=\\\"utf-8\\\">\\n    <title>Daily Usage Limit Reached</title>\\n    <style>\\n        html {\\n            -webkit-font-smoothing: antialiased;\\n            -moz-osx-font-smoothing: grayscale;\\n        }\\n\\n        body {\\n            font-fa — retrying in 31079ms",
    "meta": {},
    "company": null
  },
  {
    "id": 1777888833740.4558,
    "ts": "2026-05-04T10:00:33.740Z",
    "level": "warn",
    "message": "[Customer:Max Goal Marketing Pvt Limited] attempt 4/5 failed (429) — HTTP 429: \"<!DOCTYPE html>\\n<html lang=\\\"en\\\">\\n\\n<head>\\n    <meta charset=\\\"utf-8\\\">\\n    <title>Daily Usage Limit Reached</title>\\n    <style>\\n        html {\\n            -webkit-font-smoothing: antialiased;\\n            -moz-osx-font-smoothing: grayscale;\\n        }\\n\\n        body {\\n            font-fa — retrying in 30411ms",
    "meta": {},
    "company": null
  },
  {
    "id": 1777888833214.514,
    "ts": "2026-05-04T10:00:33.214Z",
    "level": "warn",
    "message": "[Customer:Maxgrow Corporations] attempt 4/5 failed (429) — HTTP 429: \"<!DOCTYPE html>\\n<html lang=\\\"en\\\">\\n\\n<head>\\n    <meta charset=\\\"utf-8\\\">\\n    <title>Daily Usage Limit Reached</title>\\n    <style>\\n        html {\\n            -webkit-font-smoothing: antialiased;\\n            -moz-osx-font-smoothing: grayscale;\\n        }\\n\\n        body {\\n            font-fa — retrying in 31460ms",
    "meta": {},
    "company": null
  },
  {
    "id": 1777888833131.773,
    "ts": "2026-05-04T10:00:33.131Z",
    "level": "warn",
    "message": "[Customer:Max Enterprises] attempt 4/5 failed (429) — HTTP 429: \"<!DOCTYPE html>\\n<html lang=\\\"en\\\">\\n\\n<head>\\n    <meta charset=\\\"utf-8\\\">\\n    <title>Daily Usage Limit Reached</title>\\n    <style>\\n        html {\\n            -webkit-font-smoothing: antialiased;\\n            -moz-osx-font-smoothing: grayscale;\\n        }\\n\\n        body {\\n            font-fa — retrying in 30441ms",
    "meta": {},
    "company": null
  },
  {
    "id": 1777888832584.6458,
    "ts": "2026-05-04T10:00:32.584Z",
    "level": "warn",
    "message": "[Customer:MaxHome AEHs Traders] attempt 4/5 failed (429) — HTTP 429: \"<!DOCTYPE html>\\n<html lang=\\\"en\\\">\\n\\n<head>\\n    <meta charset=\\\"utf-8\\\">\\n    <title>Daily Usage Limit Reached</title>\\n    <style>\\n        html {\\n            -webkit-font-smoothing: antialiased;\\n            -moz-osx-font-smoothing: grayscale;\\n        }\\n\\n        body {\\n            font-fa — retrying in 31036ms",
    "meta": {},
    "company": null
  },
  {
    "id": 1777888803723.866,
    "ts": "2026-05-04T10:00:03.723Z",
    "level": "warn",
    "message": "[Customer:Max Computer Services] attempt 3/5 failed (429) — HTTP 429: \"<!DOCTYPE html>\\n<html lang=\\\"en\\\">\\n\\n<head>\\n    <meta charset=\\\"utf-8\\\">\\n    <title>Daily Usage Limit Reached</title>\\n    <style>\\n        html {\\n            -webkit-font-smoothing: antialiased;\\n            -moz-osx-font-smoothing: grayscale;\\n        }\\n\\n        body {\\n            font-fa — retrying in 30916ms",
    "meta": {},
    "company": null
  },
  {
    "id": 1777888803680.9602,
    "ts": "2026-05-04T10:00:03.680Z",
    "level": "warn",
    "message": "[Customer:Maxgrow Corporation] attempt 3/5 failed (429) — HTTP 429: \"<!DOCTYPE html>\\n<html lang=\\\"en\\\">\\n\\n<head>\\n    <meta charset=\\\"utf-8\\\">\\n    <title>Daily Usage Limit Reached</title>\\n    <style>\\n        html {\\n            -webkit-font-smoothing: antialiased;\\n            -moz-osx-font-smoothing: grayscale;\\n        }\\n\\n        body {\\n            font-fa — retrying in 30302ms",
    "meta": {},
    "company": null
  },
  {
    "id": 1777888803016.3374,
    "ts": "2026-05-04T10:00:03.016Z",
    "level": "warn",
    "message": "[Customer:Max Global Trade pvt ltd] attempt 3/5 failed (429) — HTTP 429: \"<!DOCTYPE html>\\n<html lang=\\\"en\\\">\\n\\n<head>\\n    <meta charset=\\\"utf-8\\\">\\n    <title>Daily Usage Limit Reached</title>\\n    <style>\\n        html {\\n            -webkit-font-smoothing: antialiased;\\n            -moz-osx-font-smoothing: grayscale;\\n        }\\n\\n        body {\\n            font-fa — retrying in 31265ms",
    "meta": {},
    "company": null
  },
  {
    "id": 1777888803007.0054,
    "ts": "2026-05-04T10:00:03.007Z",
    "level": "warn",
    "message": "[Customer:Maxell Engineers] attempt 3/5 failed (429) — HTTP 429: \"<!DOCTYPE html>\\n<html lang=\\\"en\\\">\\n\\n<head>\\n    <meta charset=\\\"utf-8\\\">\\n    <title>Daily Usage Limit Reached</title>\\n    <style>\\n        html {\\n            -webkit-font-smoothing: antialiased;\\n            -moz-osx-font-smoothing: grayscale;\\n        }\\n\\n        body {\\n            font-fa — retrying in 30843ms",
    "meta": {},
    "company": null
  },
  {
    "id": 1777888802801.5923,
    "ts": "2026-05-04T10:00:02.801Z",
    "level": "warn",
    "message": "[Customer:Max Enterprises] attempt 3/5 failed (429) — HTTP 429: \"<!DOCTYPE html>\\n<html lang=\\\"en\\\">\\n\\n<head>\\n    <meta charset=\\\"utf-8\\\">\\n    <title>Daily Usage Limit Reached</title>\\n    <style>\\n        html {\\n            -webkit-font-smoothing: antialiased;\\n            -moz-osx-font-smoothing: grayscale;\\n        }\\n\\n        body {\\n            font-fa — retrying in 30282ms",
    "meta": {},
    "company": null
  },
  {
    "id": 1777888802701.6165,
    "ts": "2026-05-04T10:00:02.701Z",
    "level": "warn",
    "message": "[Customer:Maxgrow Corporations] attempt 3/5 failed (429) — HTTP 429: \"<!DOCTYPE html>\\n<html lang=\\\"en\\\">\\n\\n<head>\\n    <meta charset=\\\"utf-8\\\">\\n    <title>Daily Usage Limit Reached</title>\\n    <style>\\n        html {\\n            -webkit-font-smoothing: antialiased;\\n            -moz-osx-font-smoothing: grayscale;\\n        }\\n\\n        body {\\n            font-fa — retrying in 30471ms",
    "meta": {},
    "company": null
  },
  {
    "id": 1777888802461.4722,
    "ts": "2026-05-04T10:00:02.461Z",
    "level": "warn",
    "message": "[Customer:MaxHome AEHs Traders] attempt 3/5 failed (429) — HTTP 429: \"<!DOCTYPE html>\\n<html lang=\\\"en\\\">\\n\\n<head>\\n    <meta charset=\\\"utf-8\\\">\\n    <title>Daily Usage Limit Reached</title>\\n    <style>\\n        html {\\n            -webkit-font-smoothing: antialiased;\\n            -moz-osx-font-smoothing: grayscale;\\n        }\\n\\n        body {\\n            font-fa — retrying in 30050ms",
    "meta": {},
    "company": null
  },
  {
    "id": 1777888802307.5532,
    "ts": "2026-05-04T10:00:02.307Z",
    "level": "warn",
    "message": "[Customer:Max Goal Marketing Pvt Limited] attempt 3/5 failed (429) — HTTP 429: \"<!DOCTYPE html>\\n<html lang=\\\"en\\\">\\n\\n<head>\\n    <meta charset=\\\"utf-8\\\">\\n    <title>Daily Usage Limit Reached</title>\\n    <style>\\n        html {\\n            -webkit-font-smoothing: antialiased;\\n            -moz-osx-font-smoothing: grayscale;\\n        }\\n\\n        body {\\n            font-fa — retrying in 31343ms",
    "meta": {},
    "company": null
  },
  {
    "id": 1777888786340.5388,
    "ts": "2026-05-04T09:59:46.340Z",
    "level": "warn",
    "message": "[Customer:Max Computer Services] attempt 2/5 failed (429) — HTTP 429: \"<!DOCTYPE html>\\n<html lang=\\\"en\\\">\\n\\n<head>\\n    <meta charset=\\\"utf-8\\\">\\n    <title>Daily Usage Limit Reached</title>\\n    <style>\\n        html {\\n            -webkit-font-smoothing: antialiased;\\n            -moz-osx-font-smoothing: grayscale;\\n        }\\n\\n        body {\\n            font-fa — retrying in 17311ms",
    "meta": {},
    "company": null
  },
  {
    "id": 1777888786333.6675,
    "ts": "2026-05-04T09:59:46.333Z",
    "level": "warn",
    "message": "[Customer:MaxHome AEHs Traders] attempt 2/5 failed (429) — HTTP 429: \"<!DOCTYPE html>\\n<html lang=\\\"en\\\">\\n\\n<head>\\n    <meta charset=\\\"utf-8\\\">\\n    <title>Daily Usage Limit Reached</title>\\n    <style>\\n        html {\\n            -webkit-font-smoothing: antialiased;\\n            -moz-osx-font-smoothing: grayscale;\\n        }\\n\\n        body {\\n            font-fa — retrying in 16014ms",
    "meta": {},
    "company": null
  },
  {
    "id": 1777888786222.6067,
    "ts": "2026-05-04T09:59:46.222Z",
    "level": "warn",
    "message": "[Customer:Max Global Trade pvt ltd] attempt 2/5 failed (429) — HTTP 429: \"<!DOCTYPE html>\\n<html lang=\\\"en\\\">\\n\\n<head>\\n    <meta charset=\\\"utf-8\\\">\\n    <title>Daily Usage Limit Reached</title>\\n    <style>\\n        html {\\n            -webkit-font-smoothing: antialiased;\\n            -moz-osx-font-smoothing: grayscale;\\n        }\\n\\n        body {\\n            font-fa — retrying in 16694ms",
    "meta": {},
    "company": null
  },
  {
    "id": 1777888786188.726,
    "ts": "2026-05-04T09:59:46.188Z",
    "level": "warn",
    "message": "[Customer:Maxgrow Corporation] attempt 2/5 failed (429) — HTTP 429: \"<!DOCTYPE html>\\n<html lang=\\\"en\\\">\\n\\n<head>\\n    <meta charset=\\\"utf-8\\\">\\n    <title>Daily Usage Limit Reached</title>\\n    <style>\\n        html {\\n            -webkit-font-smoothing: antialiased;\\n            -moz-osx-font-smoothing: grayscale;\\n        }\\n\\n        body {\\n            font-fa — retrying in 17388ms",
    "meta": {},
    "company": null
  },
  {
    "id": 1777888785777.2476,
    "ts": "2026-05-04T09:59:45.777Z",
    "level": "warn",
    "message": "[Customer:Maxell Engineers] attempt 2/5 failed (429) — HTTP 429: \"<!DOCTYPE html>\\n<html lang=\\\"en\\\">\\n\\n<head>\\n    <meta charset=\\\"utf-8\\\">\\n    <title>Daily Usage Limit Reached</title>\\n    <style>\\n        html {\\n            -webkit-font-smoothing: antialiased;\\n            -moz-osx-font-smoothing: grayscale;\\n        }\\n\\n        body {\\n            font-fa — retrying in 17141ms",
    "meta": {},
    "company": null
  },
  {
    "id": 1777888785494.1296,
    "ts": "2026-05-04T09:59:45.494Z",
    "level": "warn",
    "message": "[Customer:Max Goal Marketing Pvt Limited] attempt 2/5 failed (429) — HTTP 429: \"<!DOCTYPE html>\\n<html lang=\\\"en\\\">\\n\\n<head>\\n    <meta charset=\\\"utf-8\\\">\\n    <title>Daily Usage Limit Reached</title>\\n    <style>\\n        html {\\n            -webkit-font-smoothing: antialiased;\\n            -moz-osx-font-smoothing: grayscale;\\n        }\\n\\n        body {\\n            font-fa — retrying in 16675ms",
    "meta": {},
    "company": null
  },
  {
    "id": 1777888785416.8452,
    "ts": "2026-05-04T09:59:45.416Z",
    "level": "warn",
    "message": "[Customer:Maxgrow Corporations] attempt 2/5 failed (429) — HTTP 429: \"<!DOCTYPE html>\\n<html lang=\\\"en\\\">\\n\\n<head>\\n    <meta charset=\\\"utf-8\\\">\\n    <title>Daily Usage Limit Reached</title>\\n    <style>\\n        html {\\n            -webkit-font-smoothing: antialiased;\\n            -moz-osx-font-smoothing: grayscale;\\n        }\\n\\n        body {\\n            font-fa — retrying in 16936ms",
    "meta": {},
    "company": null
  },
  {
    "id": 1777888785328.067,
    "ts": "2026-05-04T09:59:45.328Z",
    "level": "warn",
    "message": "[Customer:Max Enterprises] attempt 2/5 failed (429) — HTTP 429: \"<!DOCTYPE html>\\n<html lang=\\\"en\\\">\\n\\n<head>\\n    <meta charset=\\\"utf-8\\\">\\n    <title>Daily Usage Limit Reached</title>\\n    <style>\\n        html {\\n            -webkit-font-smoothing: antialiased;\\n            -moz-osx-font-smoothing: grayscale;\\n        }\\n\\n        body {\\n            font-fa — retrying in 17370ms",
    "meta": {},
    "company": null
  },
  {
    "id": 1777888777313.243,
    "ts": "2026-05-04T09:59:37.313Z",
    "level": "warn",
    "message": "[Customer:Maxell Engineers] attempt 1/5 failed (429) — HTTP 429: \"<!DOCTYPE html>\\n<html lang=\\\"en\\\">\\n\\n<head>\\n    <meta charset=\\\"utf-8\\\">\\n    <title>Daily Usage Limit Reached</title>\\n    <style>\\n        html {\\n            -webkit-font-smoothing: antialiased;\\n            -moz-osx-font-smoothing: grayscale;\\n        }\\n\\n        body {\\n            font-fa — retrying in 8431ms",
    "meta": {},
    "company": null
  },
  {
    "id": 1777888777057.0361,
    "ts": "2026-05-04T09:59:37.057Z",
    "level": "warn",
    "message": "[Customer:Maxgrow Corporation] attempt 1/5 failed (429) — HTTP 429: \"<!DOCTYPE html>\\n<html lang=\\\"en\\\">\\n\\n<head>\\n    <meta charset=\\\"utf-8\\\">\\n    <title>Daily Usage Limit Reached</title>\\n    <style>\\n        html {\\n            -webkit-font-smoothing: antialiased;\\n            -moz-osx-font-smoothing: grayscale;\\n        }\\n\\n        body {\\n            font-fa — retrying in 9054ms",
    "meta": {},
    "company": null
  },
  {
    "id": 1777888777048.516,
    "ts": "2026-05-04T09:59:37.048Z",
    "level": "warn",
    "message": "[Customer:Max Global Trade pvt ltd] attempt 1/5 failed (429) — HTTP 429: \"<!DOCTYPE html>\\n<html lang=\\\"en\\\">\\n\\n<head>\\n    <meta charset=\\\"utf-8\\\">\\n    <title>Daily Usage Limit Reached</title>\\n    <style>\\n        html {\\n            -webkit-font-smoothing: antialiased;\\n            -moz-osx-font-smoothing: grayscale;\\n        }\\n\\n        body {\\n            font-fa — retrying in 9120ms",
    "meta": {},
    "company": null
  },
  {
    "id": 1777888777039.0728,
    "ts": "2026-05-04T09:59:37.039Z",
    "level": "warn",
    "message": "[Customer:Maxgrow Corporations] attempt 1/5 failed (429) — HTTP 429: \"<!DOCTYPE html>\\n<html lang=\\\"en\\\">\\n\\n<head>\\n    <meta charset=\\\"utf-8\\\">\\n    <title>Daily Usage Limit Reached</title>\\n    <style>\\n        html {\\n            -webkit-font-smoothing: antialiased;\\n            -moz-osx-font-smoothing: grayscale;\\n        }\\n\\n        body {\\n            font-fa — retrying in 8339ms",
    "meta": {},
    "company": null
  },
  {
    "id": 1777888777031.8855,
    "ts": "2026-05-04T09:59:37.031Z",
    "level": "warn",
    "message": "[Customer:Max Computer Services] attempt 1/5 failed (429) — HTTP 429: \"<!DOCTYPE html>\\n<html lang=\\\"en\\\">\\n\\n<head>\\n    <meta charset=\\\"utf-8\\\">\\n    <title>Daily Usage Limit Reached</title>\\n    <style>\\n        html {\\n            -webkit-font-smoothing: antialiased;\\n            -moz-osx-font-smoothing: grayscale;\\n        }\\n\\n        body {\\n            font-fa — retrying in 9278ms",
    "meta": {},
    "company": null
  },
  {
    "id": 1777888777021.2517,
    "ts": "2026-05-04T09:59:37.021Z",
    "level": "warn",
    "message": "[Customer:Max Goal Marketing Pvt Limited] attempt 1/5 failed (429) — HTTP 429: \"<!DOCTYPE html>\\n<html lang=\\\"en\\\">\\n\\n<head>\\n    <meta charset=\\\"utf-8\\\">\\n    <title>Daily Usage Limit Reached</title>\\n    <style>\\n        html {\\n            -webkit-font-smoothing: antialiased;\\n            -moz-osx-font-smoothing: grayscale;\\n        }\\n\\n        body {\\n            font-fa — retrying in 8433ms",
    "meta": {},
    "company": null
  },
  {
    "id": 1777888777011.167,
    "ts": "2026-05-04T09:59:37.011Z",
    "level": "warn",
    "message": "[Customer:Max Enterprises] attempt 1/5 failed (429) — HTTP 429: \"<!DOCTYPE html>\\n<html lang=\\\"en\\\">\\n\\n<head>\\n    <meta charset=\\\"utf-8\\\">\\n    <title>Daily Usage Limit Reached</title>\\n    <style>\\n        html {\\n            -webkit-font-smoothing: antialiased;\\n            -moz-osx-font-smoothing: grayscale;\\n        }\\n\\n        body {\\n            font-fa — retrying in 8224ms",
    "meta": {},
    "company": null
  },
  {
    "id": 1777888777003.4453,
    "ts": "2026-05-04T09:59:37.003Z",
    "level": "warn",
    "message": "[Customer:MaxHome AEHs Traders] attempt 1/5 failed (429) — HTTP 429: \"<!DOCTYPE html>\\n<html lang=\\\"en\\\">\\n\\n<head>\\n    <meta charset=\\\"utf-8\\\">\\n    <title>Daily Usage Limit Reached</title>\\n    <style>\\n        html {\\n            -webkit-font-smoothing: antialiased;\\n            -moz-osx-font-smoothing: grayscale;\\n        }\\n\\n        body {\\n            font-fa — retrying in 9295ms",
    "meta": {},
    "company": null
  },
  {
    "id": 1777888730559.5007,
    "ts": "2026-05-04T09:58:50.559Z",
    "level": "warn",
    "message": "[Customer:Mavi Corporate India Private Limited] attempt 5/5 failed (429) — HTTP 429: \"<!DOCTYPE html>\\n<html lang=\\\"en\\\">\\n\\n<head>\\n    <meta charset=\\\"utf-8\\\">\\n    <title>Daily Usage Limit Reached</title>\\n    <style>\\n        html {\\n            -webkit-font-smoothing: antialiased;\\n            -moz-osx-font-smoothing: grayscale;\\n        }\\n\\n        body {\\n            font-fa — retrying in 30113ms",
    "meta": {},
    "company": null
  },
  {
    "id": 1777888730506.4204,
    "ts": "2026-05-04T09:58:50.506Z",
    "level": "warn",
    "message": "[Customer:Maulik Enterprises] attempt 5/5 failed (429) — HTTP 429: \"<!DOCTYPE html>\\n<html lang=\\\"en\\\">\\n\\n<head>\\n    <meta charset=\\\"utf-8\\\">\\n    <title>Daily Usage Limit Reached</title>\\n    <style>\\n        html {\\n            -webkit-font-smoothing: antialiased;\\n            -moz-osx-font-smoothing: grayscale;\\n        }\\n\\n        body {\\n            font-fa — retrying in 30027ms",
    "meta": {},
    "company": null
  },
  {
    "id": 1777888730395.501,
    "ts": "2026-05-04T09:58:50.395Z",
    "level": "warn",
    "message": "[Customer:M A Varma & Co] attempt 5/5 failed (429) — HTTP 429: \"<!DOCTYPE html>\\n<html lang=\\\"en\\\">\\n\\n<head>\\n    <meta charset=\\\"utf-8\\\">\\n    <title>Daily Usage Limit Reached</title>\\n    <style>\\n        html {\\n            -webkit-font-smoothing: antialiased;\\n            -moz-osx-font-smoothing: grayscale;\\n        }\\n\\n        body {\\n            font-fa — retrying in 31156ms",
    "meta": {},
    "company": null
  },
  {
    "id": 1777888730366.4297,
    "ts": "2026-05-04T09:58:50.366Z",
    "level": "warn",
    "message": "[Customer:Maxcess India Automation Pvt Ltd.] attempt 5/5 failed (429) — HTTP 429: \"<!DOCTYPE html>\\n<html lang=\\\"en\\\">\\n\\n<head>\\n    <meta charset=\\\"utf-8\\\">\\n    <title>Daily Usage Limit Reached</title>\\n    <style>\\n        html {\\n            -webkit-font-smoothing: antialiased;\\n            -moz-osx-font-smoothing: grayscale;\\n        }\\n\\n        body {\\n            font-fa — retrying in 30070ms",
    "meta": {},
    "company": null
  },
  {
    "id": 1777888729533.9988,
    "ts": "2026-05-04T09:58:49.533Z",
    "level": "warn",
    "message": "[Customer:Mauli Profiles] attempt 5/5 failed (429) — HTTP 429: \"<!DOCTYPE html>\\n<html lang=\\\"en\\\">\\n\\n<head>\\n    <meta charset=\\\"utf-8\\\">\\n    <title>Daily Usage Limit Reached</title>\\n    <style>\\n        html {\\n            -webkit-font-smoothing: antialiased;\\n            -moz-osx-font-smoothing: grayscale;\\n        }\\n\\n        body {\\n            font-fa — retrying in 30655ms",
    "meta": {},
    "company": null
  },
  {
    "id": 1777888728988.4395,
    "ts": "2026-05-04T09:58:48.988Z",
    "level": "warn",
    "message": "[Customer:Mauli Enterprises] attempt 5/5 failed (429) — HTTP 429: \"<!DOCTYPE html>\\n<html lang=\\\"en\\\">\\n\\n<head>\\n    <meta charset=\\\"utf-8\\\">\\n    <title>Daily Usage Limit Reached</title>\\n    <style>\\n        html {\\n            -webkit-font-smoothing: antialiased;\\n            -moz-osx-font-smoothing: grayscale;\\n        }\\n\\n        body {\\n            font-fa — retrying in 30819ms",
    "meta": {},
    "company": null
  },
  {
    "id": 1777888728831.688,
    "ts": "2026-05-04T09:58:48.831Z",
    "level": "warn",
    "message": "[Customer:Maulik Electro Sales] attempt 5/5 failed (429) — HTTP 429: \"<!DOCTYPE html>\\n<html lang=\\\"en\\\">\\n\\n<head>\\n    <meta charset=\\\"utf-8\\\">\\n    <title>Daily Usage Limit Reached</title>\\n    <style>\\n        html {\\n            -webkit-font-smoothing: antialiased;\\n            -moz-osx-font-smoothing: grayscale;\\n        }\\n\\n        body {\\n            font-fa — retrying in 31473ms",
    "meta": {},
    "company": null
  },
  {
    "id": 1777888728245.1282,
    "ts": "2026-05-04T09:58:48.245Z",
    "level": "warn",
    "message": "[Customer:Maven Traders Pvt Ltd] attempt 5/5 failed (429) — HTTP 429: \"<!DOCTYPE html>\\n<html lang=\\\"en\\\">\\n\\n<head>\\n    <meta charset=\\\"utf-8\\\">\\n    <title>Daily Usage Limit Reached</title>\\n    <style>\\n        html {\\n            -webkit-font-smoothing: antialiased;\\n            -moz-osx-font-smoothing: grayscale;\\n        }\\n\\n        body {\\n            font-fa — retrying in 30300ms",
    "meta": {},
    "company": null
  },
  {
    "id": 1777888699503.7693,
    "ts": "2026-05-04T09:58:19.503Z",
    "level": "warn",
    "message": "[Customer:M A Varma & Co] attempt 4/5 failed (429) — HTTP 429: \"<!DOCTYPE html>\\n<html lang=\\\"en\\\">\\n\\n<head>\\n    <meta charset=\\\"utf-8\\\">\\n    <title>Daily Usage Limit Reached</title>\\n    <style>\\n        html {\\n            -webkit-font-smoothing: antialiased;\\n            -moz-osx-font-smoothing: grayscale;\\n        }\\n\\n        body {\\n            font-fa — retrying in 30817ms",
    "meta": {},
    "company": null
  },
  {
    "id": 1777888699360.1172,
    "ts": "2026-05-04T09:58:19.360Z",
    "level": "warn",
    "message": "[Customer:Maulik Enterprises] attempt 4/5 failed (429) — HTTP 429: \"<!DOCTYPE html>\\n<html lang=\\\"en\\\">\\n\\n<head>\\n    <meta charset=\\\"utf-8\\\">\\n    <title>Daily Usage Limit Reached</title>\\n    <style>\\n        html {\\n            -webkit-font-smoothing: antialiased;\\n            -moz-osx-font-smoothing: grayscale;\\n        }\\n\\n        body {\\n            font-fa — retrying in 31022ms",
    "meta": {},
    "company": null
  },
  {
    "id": 1777888699296.6062,
    "ts": "2026-05-04T09:58:19.296Z",
    "level": "warn",
    "message": "[Customer:Maxcess India Automation Pvt Ltd.] attempt 4/5 failed (429) — HTTP 429: \"<!DOCTYPE html>\\n<html lang=\\\"en\\\">\\n\\n<head>\\n    <meta charset=\\\"utf-8\\\">\\n    <title>Daily Usage Limit Reached</title>\\n    <style>\\n        html {\\n            -webkit-font-smoothing: antialiased;\\n            -moz-osx-font-smoothing: grayscale;\\n        }\\n\\n        body {\\n            font-fa — retrying in 31023ms",
    "meta": {},
    "company": null
  },
  {
    "id": 1777888699068.2744,
    "ts": "2026-05-04T09:58:19.068Z",
    "level": "warn",
    "message": "[Customer:Mavi Corporate India Private Limited] attempt 4/5 failed (429) — HTTP 429: \"<!DOCTYPE html>\\n<html lang=\\\"en\\\">\\n\\n<head>\\n    <meta charset=\\\"utf-8\\\">\\n    <title>Daily Usage Limit Reached</title>\\n    <style>\\n        html {\\n            -webkit-font-smoothing: antialiased;\\n            -moz-osx-font-smoothing: grayscale;\\n        }\\n\\n        body {\\n            font-fa — retrying in 31451ms",
    "meta": {},
    "company": null
  },
  {
    "id": 1777888698671.8782,
    "ts": "2026-05-04T09:58:18.671Z",
    "level": "warn",
    "message": "[Customer:Mauli Profiles] attempt 4/5 failed (429) — HTTP 429: \"<!DOCTYPE html>\\n<html lang=\\\"en\\\">\\n\\n<head>\\n    <meta charset=\\\"utf-8\\\">\\n    <title>Daily Usage Limit Reached</title>\\n    <style>\\n        html {\\n            -webkit-font-smoothing: antialiased;\\n            -moz-osx-font-smoothing: grayscale;\\n        }\\n\\n        body {\\n            font-fa — retrying in 30826ms",
    "meta": {},
    "company": null
  },
  {
    "id": 1777888698385.4517,
    "ts": "2026-05-04T09:58:18.385Z",
    "level": "warn",
    "message": "[Customer:Mauli Enterprises] attempt 4/5 failed (429) — HTTP 429: \"<!DOCTYPE html>\\n<html lang=\\\"en\\\">\\n\\n<head>\\n    <meta charset=\\\"utf-8\\\">\\n    <title>Daily Usage Limit Reached</title>\\n    <style>\\n        html {\\n            -webkit-font-smoothing: antialiased;\\n            -moz-osx-font-smoothing: grayscale;\\n        }\\n\\n        body {\\n            font-fa — retrying in 30563ms",
    "meta": {},
    "company": null
  },
  {
    "id": 1777888698300.5583,
    "ts": "2026-05-04T09:58:18.300Z",
    "level": "warn",
    "message": "[Customer:Maulik Electro Sales] attempt 4/5 failed (429) — HTTP 429: \"<!DOCTYPE html>\\n<html lang=\\\"en\\\">\\n\\n<head>\\n    <meta charset=\\\"utf-8\\\">\\n    <title>Daily Usage Limit Reached</title>\\n    <style>\\n        html {\\n            -webkit-font-smoothing: antialiased;\\n            -moz-osx-font-smoothing: grayscale;\\n        }\\n\\n        body {\\n            font-fa — retrying in 30493ms",
    "meta": {},
    "company": null
  },
  {
    "id": 1777888697747.2244,
    "ts": "2026-05-04T09:58:17.747Z",
    "level": "warn",
    "message": "[Customer:Maven Traders Pvt Ltd] attempt 4/5 failed (429) — HTTP 429: \"<!DOCTYPE html>\\n<html lang=\\\"en\\\">\\n\\n<head>\\n    <meta charset=\\\"utf-8\\\">\\n    <title>Daily Usage Limit Reached</title>\\n    <style>\\n        html {\\n            -webkit-font-smoothing: antialiased;\\n            -moz-osx-font-smoothing: grayscale;\\n        }\\n\\n        body {\\n            font-fa — retrying in 30411ms",
    "meta": {},
    "company": null
  },
  {
    "id": 1777888668878.1147,
    "ts": "2026-05-04T09:57:48.878Z",
    "level": "warn",
    "message": "[Customer:Mavi Corporate India Private Limited] attempt 3/5 failed (429) — HTTP 429: \"<!DOCTYPE html>\\n<html lang=\\\"en\\\">\\n\\n<head>\\n    <meta charset=\\\"utf-8\\\">\\n    <title>Daily Usage Limit Reached</title>\\n    <style>\\n        html {\\n            -webkit-font-smoothing: antialiased;\\n            -moz-osx-font-smoothing: grayscale;\\n        }\\n\\n        body {\\n            font-fa — retrying in 30157ms",
    "meta": {},
    "company": null
  },
  {
    "id": 1777888668265.7324,
    "ts": "2026-05-04T09:57:48.265Z",
    "level": "warn",
    "message": "[Customer:M A Varma & Co] attempt 3/5 failed (429) — HTTP 429: \"<!DOCTYPE html>\\n<html lang=\\\"en\\\">\\n\\n<head>\\n    <meta charset=\\\"utf-8\\\">\\n    <title>Daily Usage Limit Reached</title>\\n    <style>\\n        html {\\n            -webkit-font-smoothing: antialiased;\\n            -moz-osx-font-smoothing: grayscale;\\n        }\\n\\n        body {\\n            font-fa — retrying in 31185ms",
    "meta": {},
    "company": null
  },
  {
    "id": 1777888668143.2295,
    "ts": "2026-05-04T09:57:48.143Z",
    "level": "warn",
    "message": "[Customer:Maulik Enterprises] attempt 3/5 failed (429) — HTTP 429: \"<!DOCTYPE html>\\n<html lang=\\\"en\\\">\\n\\n<head>\\n    <meta charset=\\\"utf-8\\\">\\n    <title>Daily Usage Limit Reached</title>\\n    <style>\\n        html {\\n            -webkit-font-smoothing: antialiased;\\n            -moz-osx-font-smoothing: grayscale;\\n        }\\n\\n        body {\\n            font-fa — retrying in 31166ms",
    "meta": {},
    "company": null
  },
  {
    "id": 1777888668120.5198,
    "ts": "2026-05-04T09:57:48.120Z",
    "level": "warn",
    "message": "[Customer:Mauli Enterprises] attempt 3/5 failed (429) — HTTP 429: \"<!DOCTYPE html>\\n<html lang=\\\"en\\\">\\n\\n<head>\\n    <meta charset=\\\"utf-8\\\">\\n    <title>Daily Usage Limit Reached</title>\\n    <style>\\n        html {\\n            -webkit-font-smoothing: antialiased;\\n            -moz-osx-font-smoothing: grayscale;\\n        }\\n\\n        body {\\n            font-fa — retrying in 30217ms",
    "meta": {},
    "company": null
  },
  {
    "id": 1777888668061.9302,
    "ts": "2026-05-04T09:57:48.061Z",
    "level": "warn",
    "message": "[Customer:Maxcess India Automation Pvt Ltd.] attempt 3/5 failed (429) — HTTP 429: \"<!DOCTYPE html>\\n<html lang=\\\"en\\\">\\n\\n<head>\\n    <meta charset=\\\"utf-8\\\">\\n    <title>Daily Usage Limit Reached</title>\\n    <style>\\n        html {\\n            -webkit-font-smoothing: antialiased;\\n            -moz-osx-font-smoothing: grayscale;\\n        }\\n\\n        body {\\n            font-fa — retrying in 31197ms",
    "meta": {},
    "company": null
  },
  {
    "id": 1777888667507.6533,
    "ts": "2026-05-04T09:57:47.507Z",
    "level": "warn",
    "message": "[Customer:Mauli Profiles] attempt 3/5 failed (429) — HTTP 429: \"<!DOCTYPE html>\\n<html lang=\\\"en\\\">\\n\\n<head>\\n    <meta charset=\\\"utf-8\\\">\\n    <title>Daily Usage Limit Reached</title>\\n    <style>\\n        html {\\n            -webkit-font-smoothing: antialiased;\\n            -moz-osx-font-smoothing: grayscale;\\n        }\\n\\n        body {\\n            font-fa — retrying in 31117ms",
    "meta": {},
    "company": null
  },
  {
    "id": 1777888667191.0076,
    "ts": "2026-05-04T09:57:47.191Z",
    "level": "warn",
    "message": "[Customer:Maulik Electro Sales] attempt 3/5 failed (429) — HTTP 429: \"<!DOCTYPE html>\\n<html lang=\\\"en\\\">\\n\\n<head>\\n    <meta charset=\\\"utf-8\\\">\\n    <title>Daily Usage Limit Reached</title>\\n    <style>\\n        html {\\n            -webkit-font-smoothing: antialiased;\\n            -moz-osx-font-smoothing: grayscale;\\n        }\\n\\n        body {\\n            font-fa — retrying in 31058ms",
    "meta": {},
    "company": null
  },
  {
    "id": 1777888666593.9019,
    "ts": "2026-05-04T09:57:46.593Z",
    "level": "warn",
    "message": "[Customer:Maven Traders Pvt Ltd] attempt 3/5 failed (429) — HTTP 429: \"<!DOCTYPE html>\\n<html lang=\\\"en\\\">\\n\\n<head>\\n    <meta charset=\\\"utf-8\\\">\\n    <title>Daily Usage Limit Reached</title>\\n    <style>\\n        html {\\n            -webkit-font-smoothing: antialiased;\\n            -moz-osx-font-smoothing: grayscale;\\n        }\\n\\n        body {\\n            font-fa — retrying in 31046ms",
    "meta": {},
    "company": null
  },
  {
    "id": 1777888651715.8533,
    "ts": "2026-05-04T09:57:31.715Z",
    "level": "warn",
    "message": "[Customer:Mauli Enterprises] attempt 2/5 failed (429) — HTTP 429: \"<!DOCTYPE html>\\n<html lang=\\\"en\\\">\\n\\n<head>\\n    <meta charset=\\\"utf-8\\\">\\n    <title>Daily Usage Limit Reached</title>\\n    <style>\\n        html {\\n            -webkit-font-smoothing: antialiased;\\n            -moz-osx-font-smoothing: grayscale;\\n        }\\n\\n        body {\\n            font-fa — retrying in 16358ms",
    "meta": {},
    "company": null
  },
  {
    "id": 1777888651663.3276,
    "ts": "2026-05-04T09:57:31.663Z",
    "level": "warn",
    "message": "[Customer:Maxcess India Automation Pvt Ltd.] attempt 2/5 failed (429) — HTTP 429: \"<!DOCTYPE html>\\n<html lang=\\\"en\\\">\\n\\n<head>\\n    <meta charset=\\\"utf-8\\\">\\n    <title>Daily Usage Limit Reached</title>\\n    <style>\\n        html {\\n            -webkit-font-smoothing: antialiased;\\n            -moz-osx-font-smoothing: grayscale;\\n        }\\n\\n        body {\\n            font-fa — retrying in 16360ms",
    "meta": {},
    "company": null
  },
  {
    "id": 1777888651506.026,
    "ts": "2026-05-04T09:57:31.506Z",
    "level": "warn",
    "message": "[Customer:Mavi Corporate India Private Limited] attempt 2/5 failed (429) — HTTP 429: \"<!DOCTYPE html>\\n<html lang=\\\"en\\\">\\n\\n<head>\\n    <meta charset=\\\"utf-8\\\">\\n    <title>Daily Usage Limit Reached</title>\\n    <style>\\n        html {\\n            -webkit-font-smoothing: antialiased;\\n            -moz-osx-font-smoothing: grayscale;\\n        }\\n\\n        body {\\n            font-fa — retrying in 17333ms",
    "meta": {},
    "company": null
  },
  {
    "id": 1777888651459.911,
    "ts": "2026-05-04T09:57:31.459Z",
    "level": "warn",
    "message": "[Customer:M A Varma & Co] attempt 2/5 failed (429) — HTTP 429: \"<!DOCTYPE html>\\n<html lang=\\\"en\\\">\\n\\n<head>\\n    <meta charset=\\\"utf-8\\\">\\n    <title>Daily Usage Limit Reached</title>\\n    <style>\\n        html {\\n            -webkit-font-smoothing: antialiased;\\n            -moz-osx-font-smoothing: grayscale;\\n        }\\n\\n        body {\\n            font-fa — retrying in 16762ms",
    "meta": {},
    "company": null
  },
  {
    "id": 1777888651409.4524,
    "ts": "2026-05-04T09:57:31.409Z",
    "level": "warn",
    "message": "[Customer:Maulik Enterprises] attempt 2/5 failed (429) — HTTP 429: \"<!DOCTYPE html>\\n<html lang=\\\"en\\\">\\n\\n<head>\\n    <meta charset=\\\"utf-8\\\">\\n    <title>Daily Usage Limit Reached</title>\\n    <style>\\n        html {\\n            -webkit-font-smoothing: antialiased;\\n            -moz-osx-font-smoothing: grayscale;\\n        }\\n\\n        body {\\n            font-fa — retrying in 16709ms",
    "meta": {},
    "company": null
  },
  {
    "id": 1777888650733.6628,
    "ts": "2026-05-04T09:57:30.733Z",
    "level": "warn",
    "message": "[Customer:Maulik Electro Sales] attempt 2/5 failed (429) — HTTP 429: \"<!DOCTYPE html>\\n<html lang=\\\"en\\\">\\n\\n<head>\\n    <meta charset=\\\"utf-8\\\">\\n    <title>Daily Usage Limit Reached</title>\\n    <style>\\n        html {\\n            -webkit-font-smoothing: antialiased;\\n            -moz-osx-font-smoothing: grayscale;\\n        }\\n\\n        body {\\n            font-fa — retrying in 16409ms",
    "meta": {},
    "company": null
  },
  {
    "id": 1777888650524.8777,
    "ts": "2026-05-04T09:57:30.524Z",
    "level": "warn",
    "message": "[Customer:Mauli Profiles] attempt 2/5 failed (429) — HTTP 429: \"<!DOCTYPE html>\\n<html lang=\\\"en\\\">\\n\\n<head>\\n    <meta charset=\\\"utf-8\\\">\\n    <title>Daily Usage Limit Reached</title>\\n    <style>\\n        html {\\n            -webkit-font-smoothing: antialiased;\\n            -moz-osx-font-smoothing: grayscale;\\n        }\\n\\n        body {\\n            font-fa — retrying in 16946ms",
    "meta": {},
    "company": null
  },
  {
    "id": 1777888650433.4705,
    "ts": "2026-05-04T09:57:30.433Z",
    "level": "warn",
    "message": "[Customer:Maven Traders Pvt Ltd] attempt 2/5 failed (429) — HTTP 429: \"<!DOCTYPE html>\\n<html lang=\\\"en\\\">\\n\\n<head>\\n    <meta charset=\\\"utf-8\\\">\\n    <title>Daily Usage Limit Reached</title>\\n    <style>\\n        html {\\n            -webkit-font-smoothing: antialiased;\\n            -moz-osx-font-smoothing: grayscale;\\n        }\\n\\n        body {\\n            font-fa — retrying in 16083ms",
    "meta": {},
    "company": null
  },
  {
    "id": 1777888642224.918,
    "ts": "2026-05-04T09:57:22.224Z",
    "level": "warn",
    "message": "[Customer:Mavi Corporate India Private Limited] attempt 1/5 failed (429) — HTTP 429: \"<!DOCTYPE html>\\n<html lang=\\\"en\\\">\\n\\n<head>\\n    <meta charset=\\\"utf-8\\\">\\n    <title>Daily Usage Limit Reached</title>\\n    <style>\\n        html {\\n            -webkit-font-smoothing: antialiased;\\n            -moz-osx-font-smoothing: grayscale;\\n        }\\n\\n        body {\\n            font-fa — retrying in 9241ms",
    "meta": {},
    "company": null
  },
  {
    "id": 1777888642217.0918,
    "ts": "2026-05-04T09:57:22.217Z",
    "level": "warn",
    "message": "[Customer:Mauli Enterprises] attempt 1/5 failed (429) — HTTP 429: \"<!DOCTYPE html>\\n<html lang=\\\"en\\\">\\n\\n<head>\\n    <meta charset=\\\"utf-8\\\">\\n    <title>Daily Usage Limit Reached</title>\\n    <style>\\n        html {\\n            -webkit-font-smoothing: antialiased;\\n            -moz-osx-font-smoothing: grayscale;\\n        }\\n\\n        body {\\n            font-fa — retrying in 9448ms",
    "meta": {},
    "company": null
  },
  {
    "id": 1777888642208.6284,
    "ts": "2026-05-04T09:57:22.208Z",
    "level": "warn",
    "message": "[Customer:Maulik Enterprises] attempt 1/5 failed (429) — HTTP 429: \"<!DOCTYPE html>\\n<html lang=\\\"en\\\">\\n\\n<head>\\n    <meta charset=\\\"utf-8\\\">\\n    <title>Daily Usage Limit Reached</title>\\n    <style>\\n        html {\\n            -webkit-font-smoothing: antialiased;\\n            -moz-osx-font-smoothing: grayscale;\\n        }\\n\\n        body {\\n            font-fa — retrying in 9156ms",
    "meta": {},
    "company": null
  },
  {
    "id": 1777888642199.7139,
    "ts": "2026-05-04T09:57:22.199Z",
    "level": "warn",
    "message": "[Customer:Maven Traders Pvt Ltd] attempt 1/5 failed (429) — HTTP 429: \"<!DOCTYPE html>\\n<html lang=\\\"en\\\">\\n\\n<head>\\n    <meta charset=\\\"utf-8\\\">\\n    <title>Daily Usage Limit Reached</title>\\n    <style>\\n        html {\\n            -webkit-font-smoothing: antialiased;\\n            -moz-osx-font-smoothing: grayscale;\\n        }\\n\\n        body {\\n            font-fa — retrying in 8157ms",
    "meta": {},
    "company": null
  },
  {
    "id": 1777888642191.0864,
    "ts": "2026-05-04T09:57:22.191Z",
    "level": "warn",
    "message": "[Customer:Mauli Profiles] attempt 1/5 failed (429) — HTTP 429: \"<!DOCTYPE html>\\n<html lang=\\\"en\\\">\\n\\n<head>\\n    <meta charset=\\\"utf-8\\\">\\n    <title>Daily Usage Limit Reached</title>\\n    <style>\\n        html {\\n            -webkit-font-smoothing: antialiased;\\n            -moz-osx-font-smoothing: grayscale;\\n        }\\n\\n        body {\\n            font-fa — retrying in 8286ms",
    "meta": {},
    "company": null
  },
  {
    "id": 1777888642180.1753,
    "ts": "2026-05-04T09:57:22.180Z",
    "level": "warn",
    "message": "[Customer:M A Varma & Co] attempt 1/5 failed (429) — HTTP 429: \"<!DOCTYPE html>\\n<html lang=\\\"en\\\">\\n\\n<head>\\n    <meta charset=\\\"utf-8\\\">\\n    <title>Daily Usage Limit Reached</title>\\n    <style>\\n        html {\\n            -webkit-font-smoothing: antialiased;\\n            -moz-osx-font-smoothing: grayscale;\\n        }\\n\\n        body {\\n            font-fa — retrying in 9242ms",
    "meta": {},
    "company": null
  },
  {
    "id": 1777888642172.091,
    "ts": "2026-05-04T09:57:22.172Z",
    "level": "warn",
    "message": "[Customer:Maulik Electro Sales] attempt 1/5 failed (429) — HTTP 429: \"<!DOCTYPE html>\\n<html lang=\\\"en\\\">\\n\\n<head>\\n    <meta charset=\\\"utf-8\\\">\\n    <title>Daily Usage Limit Reached</title>\\n    <style>\\n        html {\\n            -webkit-font-smoothing: antialiased;\\n            -moz-osx-font-smoothing: grayscale;\\n        }\\n\\n        body {\\n            font-fa — retrying in 8506ms",
    "meta": {},
    "company": null
  },
  {
    "id": 1777888642163.5437,
    "ts": "2026-05-04T09:57:22.163Z",
    "level": "warn",
    "message": "[Customer:Maxcess India Automation Pvt Ltd.] attempt 1/5 failed (429) — HTTP 429: \"<!DOCTYPE html>\\n<html lang=\\\"en\\\">\\n\\n<head>\\n    <meta charset=\\\"utf-8\\\">\\n    <title>Daily Usage Limit Reached</title>\\n    <style>\\n        html {\\n            -webkit-font-smoothing: antialiased;\\n            -moz-osx-font-smoothing: grayscale;\\n        }\\n\\n        body {\\n            font-fa — retrying in 9461ms",
    "meta": {},
    "company": null
  },
  {
    "id": 1777888586531.6323,
    "ts": "2026-05-04T09:56:26.531Z",
    "level": "warn",
    "message": "[Customer:Matte and Associates] attempt 5/5 failed (429) — HTTP 429: \"<!DOCTYPE html>\\n<html lang=\\\"en\\\">\\n\\n<head>\\n    <meta charset=\\\"utf-8\\\">\\n    <title>Daily Usage Limit Reached</title>\\n    <style>\\n        html {\\n            -webkit-font-smoothing: antialiased;\\n            -moz-osx-font-smoothing: grayscale;\\n        }\\n\\n        body {\\n            font-fa — retrying in 31271ms",
    "meta": {},
    "company": null
  },
  {
    "id": 1777888586335.6028,
    "ts": "2026-05-04T09:56:26.335Z",
    "level": "warn",
    "message": "[Customer:Matri Trading Co] attempt 5/5 failed (429) — HTTP 429: \"<!DOCTYPE html>\\n<html lang=\\\"en\\\">\\n\\n<head>\\n    <meta charset=\\\"utf-8\\\">\\n    <title>Daily Usage Limit Reached</title>\\n    <style>\\n        html {\\n            -webkit-font-smoothing: antialiased;\\n            -moz-osx-font-smoothing: grayscale;\\n        }\\n\\n        body {\\n            font-fa — retrying in 30736ms",
    "meta": {},
    "company": null
  },
  {
    "id": 1777888586327.4536,
    "ts": "2026-05-04T09:56:26.327Z",
    "level": "warn",
    "message": "[Customer:Matrix Tube And Fittings Pvt Ltd] attempt 5/5 failed (429) — HTTP 429: \"<!DOCTYPE html>\\n<html lang=\\\"en\\\">\\n\\n<head>\\n    <meta charset=\\\"utf-8\\\">\\n    <title>Daily Usage Limit Reached</title>\\n    <style>\\n        html {\\n            -webkit-font-smoothing: antialiased;\\n            -moz-osx-font-smoothing: grayscale;\\n        }\\n\\n        body {\\n            font-fa — retrying in 31403ms",
    "meta": {},
    "company": null
  },
  {
    "id": 1777888586089.153,
    "ts": "2026-05-04T09:56:26.089Z",
    "level": "warn",
    "message": "[Customer:Matrix Steel & Engineering Co.] attempt 5/5 failed (429) — HTTP 429: \"<!DOCTYPE html>\\n<html lang=\\\"en\\\">\\n\\n<head>\\n    <meta charset=\\\"utf-8\\\">\\n    <title>Daily Usage Limit Reached</title>\\n    <style>\\n        html {\\n            -webkit-font-smoothing: antialiased;\\n            -moz-osx-font-smoothing: grayscale;\\n        }\\n\\n        body {\\n            font-fa — retrying in 30534ms",
    "meta": {},
    "company": null
  },
  {
    "id": 1777888585836.752,
    "ts": "2026-05-04T09:56:25.836Z",
    "level": "warn",
    "message": "[Customer:Matrix Computer Solutions] attempt 5/5 failed (429) — HTTP 429: \"<!DOCTYPE html>\\n<html lang=\\\"en\\\">\\n\\n<head>\\n    <meta charset=\\\"utf-8\\\">\\n    <title>Daily Usage Limit Reached</title>\\n    <style>\\n        html {\\n            -webkit-font-smoothing: antialiased;\\n            -moz-osx-font-smoothing: grayscale;\\n        }\\n\\n        body {\\n            font-fa — retrying in 30271ms",
    "meta": {},
    "company": null
  },
  {
    "id": 1777888585829.8333,
    "ts": "2026-05-04T09:56:25.829Z",
    "level": "warn",
    "message": "[Customer:Mauli Computers] attempt 5/5 failed (429) — HTTP 429: \"<!DOCTYPE html>\\n<html lang=\\\"en\\\">\\n\\n<head>\\n    <meta charset=\\\"utf-8\\\">\\n    <title>Daily Usage Limit Reached</title>\\n    <style>\\n        html {\\n            -webkit-font-smoothing: antialiased;\\n            -moz-osx-font-smoothing: grayscale;\\n        }\\n\\n        body {\\n            font-fa — retrying in 30327ms",
    "meta": {},
    "company": null
  },
  {
    "id": 1777888585415.8333,
    "ts": "2026-05-04T09:56:25.415Z",
    "level": "warn",
    "message": "[Customer:Matrix Enclaves Projects development Pvt Ltd] attempt 5/5 failed (429) — HTTP 429: \"<!DOCTYPE html>\\n<html lang=\\\"en\\\">\\n\\n<head>\\n    <meta charset=\\\"utf-8\\\">\\n    <title>Daily Usage Limit Reached</title>\\n    <style>\\n        html {\\n            -webkit-font-smoothing: antialiased;\\n            -moz-osx-font-smoothing: grayscale;\\n        }\\n\\n        body {\\n            font-fa — retrying in 30147ms",
    "meta": {},
    "company": null
  },
  {
    "id": 1777888585404.8875,
    "ts": "2026-05-04T09:56:25.404Z",
    "level": "warn",
    "message": "[Customer:Matunga Lions Pioneer English School] attempt 5/5 failed (429) — HTTP 429: \"<!DOCTYPE html>\\n<html lang=\\\"en\\\">\\n\\n<head>\\n    <meta charset=\\\"utf-8\\\">\\n    <title>Daily Usage Limit Reached</title>\\n    <style>\\n        html {\\n            -webkit-font-smoothing: antialiased;\\n            -moz-osx-font-smoothing: grayscale;\\n        }\\n\\n        body {\\n            font-fa — retrying in 31419ms",
    "meta": {},
    "company": null
  },
  {
    "id": 1777888555624.8625,
    "ts": "2026-05-04T09:55:55.624Z",
    "level": "warn",
    "message": "[Customer:Matte and Associates] attempt 4/5 failed (429) — HTTP 429: \"<!DOCTYPE html>\\n<html lang=\\\"en\\\">\\n\\n<head>\\n    <meta charset=\\\"utf-8\\\">\\n    <title>Daily Usage Limit Reached</title>\\n    <style>\\n        html {\\n            -webkit-font-smoothing: antialiased;\\n            -moz-osx-font-smoothing: grayscale;\\n        }\\n\\n        body {\\n            font-fa — retrying in 30234ms",
    "meta": {},
    "company": null
  },
  {
    "id": 1777888554852.2014,
    "ts": "2026-05-04T09:55:54.852Z",
    "level": "warn",
    "message": "[Customer:Matrix Tube And Fittings Pvt Ltd] attempt 4/5 failed (429) — HTTP 429: \"<!DOCTYPE html>\\n<html lang=\\\"en\\\">\\n\\n<head>\\n    <meta charset=\\\"utf-8\\\">\\n    <title>Daily Usage Limit Reached</title>\\n    <style>\\n        html {\\n            -webkit-font-smoothing: antialiased;\\n            -moz-osx-font-smoothing: grayscale;\\n        }\\n\\n        body {\\n            font-fa — retrying in 31219ms",
    "meta": {},
    "company": null
  },
  {
    "id": 1777888554796.7764,
    "ts": "2026-05-04T09:55:54.796Z",
    "level": "warn",
    "message": "[Customer:Mauli Computers] attempt 4/5 failed (429) — HTTP 429: \"<!DOCTYPE html>\\n<html lang=\\\"en\\\">\\n\\n<head>\\n    <meta charset=\\\"utf-8\\\">\\n    <title>Daily Usage Limit Reached</title>\\n    <style>\\n        html {\\n            -webkit-font-smoothing: antialiased;\\n            -moz-osx-font-smoothing: grayscale;\\n        }\\n\\n        body {\\n            font-fa — retrying in 30200ms",
    "meta": {},
    "company": null
  },
  {
    "id": 1777888553159.102,
    "ts": "2026-05-04T09:55:53.159Z",
    "level": "warn",
    "message": "[Customer:Matunga Lions Pioneer English School] attempt 4/5 failed (429) — HTTP 429: \"<!DOCTYPE html>\\n<html lang=\\\"en\\\">\\n\\n<head>\\n    <meta charset=\\\"utf-8\\\">\\n    <title>Daily Usage Limit Reached</title>\\n    <style>\\n        html {\\n            -webkit-font-smoothing: antialiased;\\n            -moz-osx-font-smoothing: grayscale;\\n        }\\n\\n        body {\\n            font-fa — retrying in 30622ms",
    "meta": {},
    "company": null
  },
  {
    "id": 1777888552767.9792,
    "ts": "2026-05-04T09:55:52.767Z",
    "level": "warn",
    "message": "[Customer:Matri Trading Co] attempt 4/5 failed (429) — HTTP 429: \"<!DOCTYPE html>\\n<html lang=\\\"en\\\">\\n\\n<head>\\n    <meta charset=\\\"utf-8\\\">\\n    <title>Daily Usage Limit Reached</title>\\n    <style>\\n        html {\\n            -webkit-font-smoothing: antialiased;\\n            -moz-osx-font-smoothing: grayscale;\\n        }\\n\\n        body {\\n            font-fa — retrying in 30046ms",
    "meta": {},
    "company": null
  },
  {
    "id": 1777888552415.3633,
    "ts": "2026-05-04T09:55:52.415Z",
    "level": "warn",
    "message": "[Customer:Matrix Enclaves Projects development Pvt Ltd] attempt 4/5 failed (429) — HTTP 429: \"<!DOCTYPE html>\\n<html lang=\\\"en\\\">\\n\\n<head>\\n    <meta charset=\\\"utf-8\\\">\\n    <title>Daily Usage Limit Reached</title>\\n    <style>\\n        html {\\n            -webkit-font-smoothing: antialiased;\\n            -moz-osx-font-smoothing: grayscale;\\n        }\\n\\n        body {\\n            font-fa — retrying in 31151ms",
    "meta": {},
    "company": null
  },
  {
    "id": 1777888552350.0608,
    "ts": "2026-05-04T09:55:52.350Z",
    "level": "warn",
    "message": "[Customer:Matrix Steel & Engineering Co.] attempt 4/5 failed (429) — HTTP 429: \"<!DOCTYPE html>\\n<html lang=\\\"en\\\">\\n\\n<head>\\n    <meta charset=\\\"utf-8\\\">\\n    <title>Daily Usage Limit Reached</title>\\n    <style>\\n        html {\\n            -webkit-font-smoothing: antialiased;\\n            -moz-osx-font-smoothing: grayscale;\\n        }\\n\\n        body {\\n            font-fa — retrying in 30933ms",
    "meta": {},
    "company": null
  },
  {
    "id": 1777888552019.2964,
    "ts": "2026-05-04T09:55:52.019Z",
    "level": "warn",
    "message": "[Customer:Matrix Computer Solutions] attempt 4/5 failed (429) — HTTP 429: \"<!DOCTYPE html>\\n<html lang=\\\"en\\\">\\n\\n<head>\\n    <meta charset=\\\"utf-8\\\">\\n    <title>Daily Usage Limit Reached</title>\\n    <style>\\n        html {\\n            -webkit-font-smoothing: antialiased;\\n            -moz-osx-font-smoothing: grayscale;\\n        }\\n\\n        body {\\n            font-fa — retrying in 30232ms",
    "meta": {},
    "company": null
  },
  {
    "id": 1777888524177.6694,
    "ts": "2026-05-04T09:55:24.177Z",
    "level": "warn",
    "message": "[Customer:Mauli Computers] attempt 3/5 failed (429) — HTTP 429: \"<!DOCTYPE html>\\n<html lang=\\\"en\\\">\\n\\n<head>\\n    <meta charset=\\\"utf-8\\\">\\n    <title>Daily Usage Limit Reached</title>\\n    <style>\\n        html {\\n            -webkit-font-smoothing: antialiased;\\n            -moz-osx-font-smoothing: grayscale;\\n        }\\n\\n        body {\\n            font-fa — retrying in 30588ms",
    "meta": {},
    "company": null
  },
  {
    "id": 1777888524170.4387,
    "ts": "2026-05-04T09:55:24.170Z",
    "level": "warn",
    "message": "[Customer:Matte and Associates] attempt 3/5 failed (429) — HTTP 429: \"<!DOCTYPE html>\\n<html lang=\\\"en\\\">\\n\\n<head>\\n    <meta charset=\\\"utf-8\\\">\\n    <title>Daily Usage Limit Reached</title>\\n    <style>\\n        html {\\n            -webkit-font-smoothing: antialiased;\\n            -moz-osx-font-smoothing: grayscale;\\n        }\\n\\n        body {\\n            font-fa — retrying in 31419ms",
    "meta": {},
    "company": null
  },
  {
    "id": 1777888523555.0264,
    "ts": "2026-05-04T09:55:23.555Z",
    "level": "warn",
    "message": "[Customer:Matrix Tube And Fittings Pvt Ltd] attempt 3/5 failed (429) — HTTP 429: \"<!DOCTYPE html>\\n<html lang=\\\"en\\\">\\n\\n<head>\\n    <meta charset=\\\"utf-8\\\">\\n    <title>Daily Usage Limit Reached</title>\\n    <style>\\n        html {\\n            -webkit-font-smoothing: antialiased;\\n            -moz-osx-font-smoothing: grayscale;\\n        }\\n\\n        body {\\n            font-fa — retrying in 31258ms",
    "meta": {},
    "company": null
  },
  {
    "id": 1777888522854.4885,
    "ts": "2026-05-04T09:55:22.854Z",
    "level": "warn",
    "message": "[Customer:Matunga Lions Pioneer English School] attempt 3/5 failed (429) — HTTP 429: \"<!DOCTYPE html>\\n<html lang=\\\"en\\\">\\n\\n<head>\\n    <meta charset=\\\"utf-8\\\">\\n    <title>Daily Usage Limit Reached</title>\\n    <style>\\n        html {\\n            -webkit-font-smoothing: antialiased;\\n            -moz-osx-font-smoothing: grayscale;\\n        }\\n\\n        body {\\n            font-fa — retrying in 30277ms",
    "meta": {},
    "company": null
  },
  {
    "id": 1777888521924.3628,
    "ts": "2026-05-04T09:55:21.924Z",
    "level": "warn",
    "message": "[Customer:Matrix Enclaves Projects development Pvt Ltd] attempt 3/5 failed (429) — HTTP 429: \"<!DOCTYPE html>\\n<html lang=\\\"en\\\">\\n\\n<head>\\n    <meta charset=\\\"utf-8\\\">\\n    <title>Daily Usage Limit Reached</title>\\n    <style>\\n        html {\\n            -webkit-font-smoothing: antialiased;\\n            -moz-osx-font-smoothing: grayscale;\\n        }\\n\\n        body {\\n            font-fa — retrying in 30456ms",
    "meta": {},
    "company": null
  },
  {
    "id": 1777888521822.914,
    "ts": "2026-05-04T09:55:21.822Z",
    "level": "warn",
    "message": "[Customer:Matrix Steel & Engineering Co.] attempt 3/5 failed (429) — HTTP 429: \"<!DOCTYPE html>\\n<html lang=\\\"en\\\">\\n\\n<head>\\n    <meta charset=\\\"utf-8\\\">\\n    <title>Daily Usage Limit Reached</title>\\n    <style>\\n        html {\\n            -webkit-font-smoothing: antialiased;\\n            -moz-osx-font-smoothing: grayscale;\\n        }\\n\\n        body {\\n            font-fa — retrying in 30479ms",
    "meta": {},
    "company": null
  },
  {
    "id": 1777888521814.6868,
    "ts": "2026-05-04T09:55:21.814Z",
    "level": "warn",
    "message": "[Customer:Matrix Computer Solutions] attempt 3/5 failed (429) — HTTP 429: \"<!DOCTYPE html>\\n<html lang=\\\"en\\\">\\n\\n<head>\\n    <meta charset=\\\"utf-8\\\">\\n    <title>Daily Usage Limit Reached</title>\\n    <style>\\n        html {\\n            -webkit-font-smoothing: antialiased;\\n            -moz-osx-font-smoothing: grayscale;\\n        }\\n\\n        body {\\n            font-fa — retrying in 30101ms",
    "meta": {},
    "company": null
  },
  {
    "id": 1777888521692.3032,
    "ts": "2026-05-04T09:55:21.692Z",
    "level": "warn",
    "message": "[Customer:Matri Trading Co] attempt 3/5 failed (429) — HTTP 429: \"<!DOCTYPE html>\\n<html lang=\\\"en\\\">\\n\\n<head>\\n    <meta charset=\\\"utf-8\\\">\\n    <title>Daily Usage Limit Reached</title>\\n    <style>\\n        html {\\n            -webkit-font-smoothing: antialiased;\\n            -moz-osx-font-smoothing: grayscale;\\n        }\\n\\n        body {\\n            font-fa — retrying in 31034ms",
    "meta": {},
    "company": null
  },
  {
    "id": 1777888503999.555,
    "ts": "2026-05-04T09:55:03.999Z",
    "level": "warn",
    "message": "[Customer:Matrix Tube And Fittings Pvt Ltd] attempt 2/5 failed (429) — HTTP 429: \"<!DOCTYPE html>\\n<html lang=\\\"en\\\">\\n\\n<head>\\n    <meta charset=\\\"utf-8\\\">\\n    <title>Daily Usage Limit Reached</title>\\n    <style>\\n        html {\\n            -webkit-font-smoothing: antialiased;\\n            -moz-osx-font-smoothing: grayscale;\\n        }\\n\\n        body {\\n            font-fa — retrying in 17171ms",
    "meta": {},
    "company": null
  },
  {
    "id": 1777888503827.3875,
    "ts": "2026-05-04T09:55:03.827Z",
    "level": "warn",
    "message": "[Customer:Mauli Computers] attempt 2/5 failed (429) — HTTP 429: \"<!DOCTYPE html>\\n<html lang=\\\"en\\\">\\n\\n<head>\\n    <meta charset=\\\"utf-8\\\">\\n    <title>Daily Usage Limit Reached</title>\\n    <style>\\n        html {\\n            -webkit-font-smoothing: antialiased;\\n            -moz-osx-font-smoothing: grayscale;\\n        }\\n\\n        body {\\n            font-fa — retrying in 17063ms",
    "meta": {},
    "company": null
  },
  {
    "id": 1777888503699.2148,
    "ts": "2026-05-04T09:55:03.699Z",
    "level": "warn",
    "message": "[Customer:Matte and Associates] attempt 2/5 failed (429) — HTTP 429: \"<!DOCTYPE html>\\n<html lang=\\\"en\\\">\\n\\n<head>\\n    <meta charset=\\\"utf-8\\\">\\n    <title>Daily Usage Limit Reached</title>\\n    <style>\\n        html {\\n            -webkit-font-smoothing: antialiased;\\n            -moz-osx-font-smoothing: grayscale;\\n        }\\n\\n        body {\\n            font-fa — retrying in 17183ms",
    "meta": {},
    "company": null
  },
  {
    "id": 1777888503604.4426,
    "ts": "2026-05-04T09:55:03.604Z",
    "level": "warn",
    "message": "[Customer:Matrix Steel & Engineering Co.] attempt 2/5 failed (429) — HTTP 429: \"<!DOCTYPE html>\\n<html lang=\\\"en\\\">\\n\\n<head>\\n    <meta charset=\\\"utf-8\\\">\\n    <title>Daily Usage Limit Reached</title>\\n    <style>\\n        html {\\n            -webkit-font-smoothing: antialiased;\\n            -moz-osx-font-smoothing: grayscale;\\n        }\\n\\n        body {\\n            font-fa — retrying in 16079ms",
    "meta": {},
    "company": null
  },
  {
    "id": 1777888503524.6719,
    "ts": "2026-05-04T09:55:03.524Z",
    "level": "warn",
    "message": "[Customer:Matrix Enclaves Projects development Pvt Ltd] attempt 2/5 failed (429) — HTTP 429: \"<!DOCTYPE html>\\n<html lang=\\\"en\\\">\\n\\n<head>\\n    <meta charset=\\\"utf-8\\\">\\n    <title>Daily Usage Limit Reached</title>\\n    <style>\\n        html {\\n            -webkit-font-smoothing: antialiased;\\n            -moz-osx-font-smoothing: grayscale;\\n        }\\n\\n        body {\\n            font-fa — retrying in 16938ms",
    "meta": {},
    "company": null
  },
  {
    "id": 1777888503500.0278,
    "ts": "2026-05-04T09:55:03.500Z",
    "level": "warn",
    "message": "[Customer:Matunga Lions Pioneer English School] attempt 2/5 failed (429) — HTTP 429: \"<!DOCTYPE html>\\n<html lang=\\\"en\\\">\\n\\n<head>\\n    <meta charset=\\\"utf-8\\\">\\n    <title>Daily Usage Limit Reached</title>\\n    <style>\\n        html {\\n            -webkit-font-smoothing: antialiased;\\n            -moz-osx-font-smoothing: grayscale;\\n        }\\n\\n        body {\\n            font-fa — retrying in 17311ms",
    "meta": {},
    "company": null
  },
  {
    "id": 1777888503438.485,
    "ts": "2026-05-04T09:55:03.438Z",
    "level": "warn",
    "message": "[Customer:Matri Trading Co] attempt 2/5 failed (429) — HTTP 429: \"<!DOCTYPE html>\\n<html lang=\\\"en\\\">\\n\\n<head>\\n    <meta charset=\\\"utf-8\\\">\\n    <title>Daily Usage Limit Reached</title>\\n    <style>\\n        html {\\n            -webkit-font-smoothing: antialiased;\\n            -moz-osx-font-smoothing: grayscale;\\n        }\\n\\n        body {\\n            font-fa — retrying in 16544ms",
    "meta": {},
    "company": null
  },
  {
    "id": 1777888502754.129,
    "ts": "2026-05-04T09:55:02.754Z",
    "level": "warn",
    "message": "[Customer:Matrix Computer Solutions] attempt 2/5 failed (429) — HTTP 429: \"<!DOCTYPE html>\\n<html lang=\\\"en\\\">\\n\\n<head>\\n    <meta charset=\\\"utf-8\\\">\\n    <title>Daily Usage Limit Reached</title>\\n    <style>\\n        html {\\n            -webkit-font-smoothing: antialiased;\\n            -moz-osx-font-smoothing: grayscale;\\n        }\\n\\n        body {\\n            font-fa — retrying in 16414ms",
    "meta": {},
    "company": null
  },
  {
    "id": 1777888494558.8596,
    "ts": "2026-05-04T09:54:54.558Z",
    "level": "warn",
    "message": "[Customer:Matrix Computer Solutions] attempt 1/5 failed (429) — HTTP 429: \"<!DOCTYPE html>\\n<html lang=\\\"en\\\">\\n\\n<head>\\n    <meta charset=\\\"utf-8\\\">\\n    <title>Daily Usage Limit Reached</title>\\n    <style>\\n        html {\\n            -webkit-font-smoothing: antialiased;\\n            -moz-osx-font-smoothing: grayscale;\\n        }\\n\\n        body {\\n            font-fa — retrying in 8123ms",
    "meta": {},
    "company": null
  },
  {
    "id": 1777888494549.1528,
    "ts": "2026-05-04T09:54:54.549Z",
    "level": "warn",
    "message": "[Customer:Matrix Enclaves Projects development Pvt Ltd] attempt 1/5 failed (429) — HTTP 429: \"<!DOCTYPE html>\\n<html lang=\\\"en\\\">\\n\\n<head>\\n    <meta charset=\\\"utf-8\\\">\\n    <title>Daily Usage Limit Reached</title>\\n    <style>\\n        html {\\n            -webkit-font-smoothing: antialiased;\\n            -moz-osx-font-smoothing: grayscale;\\n        }\\n\\n        body {\\n            font-fa — retrying in 8949ms",
    "meta": {},
    "company": null
  },
  {
    "id": 1777888494542.3447,
    "ts": "2026-05-04T09:54:54.542Z",
    "level": "warn",
    "message": "[Customer:Matrix Steel & Engineering Co.] attempt 1/5 failed (429) — HTTP 429: \"<!DOCTYPE html>\\n<html lang=\\\"en\\\">\\n\\n<head>\\n    <meta charset=\\\"utf-8\\\">\\n    <title>Daily Usage Limit Reached</title>\\n    <style>\\n        html {\\n            -webkit-font-smoothing: antialiased;\\n            -moz-osx-font-smoothing: grayscale;\\n        }\\n\\n        body {\\n            font-fa — retrying in 9017ms",
    "meta": {},
    "company": null
  },
  {
    "id": 1777888494532.3271,
    "ts": "2026-05-04T09:54:54.532Z",
    "level": "warn",
    "message": "[Customer:Matte and Associates] attempt 1/5 failed (429) — HTTP 429: \"<!DOCTYPE html>\\n<html lang=\\\"en\\\">\\n\\n<head>\\n    <meta charset=\\\"utf-8\\\">\\n    <title>Daily Usage Limit Reached</title>\\n    <style>\\n        html {\\n            -webkit-font-smoothing: antialiased;\\n            -moz-osx-font-smoothing: grayscale;\\n        }\\n\\n        body {\\n            font-fa — retrying in 9130ms",
    "meta": {},
    "company": null
  },
  {
    "id": 1777888494524.4531,
    "ts": "2026-05-04T09:54:54.524Z",
    "level": "warn",
    "message": "[Customer:Mauli Computers] attempt 1/5 failed (429) — HTTP 429: \"<!DOCTYPE html>\\n<html lang=\\\"en\\\">\\n\\n<head>\\n    <meta charset=\\\"utf-8\\\">\\n    <title>Daily Usage Limit Reached</title>\\n    <style>\\n        html {\\n            -webkit-font-smoothing: antialiased;\\n            -moz-osx-font-smoothing: grayscale;\\n        }\\n\\n        body {\\n            font-fa — retrying in 9261ms",
    "meta": {},
    "company": null
  },
  {
    "id": 1777888494515.3564,
    "ts": "2026-05-04T09:54:54.515Z",
    "level": "warn",
    "message": "[Customer:Matrix Tube And Fittings Pvt Ltd] attempt 1/5 failed (429) — HTTP 429: \"<!DOCTYPE html>\\n<html lang=\\\"en\\\">\\n\\n<head>\\n    <meta charset=\\\"utf-8\\\">\\n    <title>Daily Usage Limit Reached</title>\\n    <style>\\n        html {\\n            -webkit-font-smoothing: antialiased;\\n            -moz-osx-font-smoothing: grayscale;\\n        }\\n\\n        body {\\n            font-fa — retrying in 9442ms",
    "meta": {},
    "company": null
  },
  {
    "id": 1777888494509.6501,
    "ts": "2026-05-04T09:54:54.509Z",
    "level": "warn",
    "message": "[Customer:Matunga Lions Pioneer English School] attempt 1/5 failed (429) — HTTP 429: \"<!DOCTYPE html>\\n<html lang=\\\"en\\\">\\n\\n<head>\\n    <meta charset=\\\"utf-8\\\">\\n    <title>Daily Usage Limit Reached</title>\\n    <style>\\n        html {\\n            -webkit-font-smoothing: antialiased;\\n            -moz-osx-font-smoothing: grayscale;\\n        }\\n\\n        body {\\n            font-fa — retrying in 8951ms",
    "meta": {},
    "company": null
  },
  {
    "id": 1777888494502.0764,
    "ts": "2026-05-04T09:54:54.502Z",
    "level": "warn",
    "message": "[Customer:Matri Trading Co] attempt 1/5 failed (429) — HTTP 429: \"<!DOCTYPE html>\\n<html lang=\\\"en\\\">\\n\\n<head>\\n    <meta charset=\\\"utf-8\\\">\\n    <title>Daily Usage Limit Reached</title>\\n    <style>\\n        html {\\n            -webkit-font-smoothing: antialiased;\\n            -moz-osx-font-smoothing: grayscale;\\n        }\\n\\n        body {\\n            font-fa — retrying in 8893ms",
    "meta": {},
    "company": null
  },
  {
    "id": 1777888447991.7668,
    "ts": "2026-05-04T09:54:07.991Z",
    "level": "warn",
    "message": "[Customer:Matias Global Innovations LLP] attempt 5/5 failed (429) — HTTP 429: \"<!DOCTYPE html>\\n<html lang=\\\"en\\\">\\n\\n<head>\\n    <meta charset=\\\"utf-8\\\">\\n    <title>Daily Usage Limit Reached</title>\\n    <style>\\n        html {\\n            -webkit-font-smoothing: antialiased;\\n            -moz-osx-font-smoothing: grayscale;\\n        }\\n\\n        body {\\n            font-fa — retrying in 31115ms",
    "meta": {},
    "company": null
  },
  {
    "id": 1777888447693.3757,
    "ts": "2026-05-04T09:54:07.693Z",
    "level": "warn",
    "message": "[Customer:Matara Traders] attempt 5/5 failed (429) — HTTP 429: \"<!DOCTYPE html>\\n<html lang=\\\"en\\\">\\n\\n<head>\\n    <meta charset=\\\"utf-8\\\">\\n    <title>Daily Usage Limit Reached</title>\\n    <style>\\n        html {\\n            -webkit-font-smoothing: antialiased;\\n            -moz-osx-font-smoothing: grayscale;\\n        }\\n\\n        body {\\n            font-fa — retrying in 30601ms",
    "meta": {},
    "company": null
  },
  {
    "id": 1777888447589.2046,
    "ts": "2026-05-04T09:54:07.589Z",
    "level": "warn",
    "message": "[Customer:Matoshree Nandadevi Bafna Rehabilitation Trust] attempt 5/5 failed (429) — HTTP 429: \"<!DOCTYPE html>\\n<html lang=\\\"en\\\">\\n\\n<head>\\n    <meta charset=\\\"utf-8\\\">\\n    <title>Daily Usage Limit Reached</title>\\n    <style>\\n        html {\\n            -webkit-font-smoothing: antialiased;\\n            -moz-osx-font-smoothing: grayscale;\\n        }\\n\\n        body {\\n            font-fa — retrying in 30623ms",
    "meta": {},
    "company": null
  },
  {
    "id": 1777888447576.611,
    "ts": "2026-05-04T09:54:07.576Z",
    "level": "warn",
    "message": "[Customer:Mateshwari industries] attempt 5/5 failed (429) — HTTP 429: \"<!DOCTYPE html>\\n<html lang=\\\"en\\\">\\n\\n<head>\\n    <meta charset=\\\"utf-8\\\">\\n    <title>Daily Usage Limit Reached</title>\\n    <style>\\n        html {\\n            -webkit-font-smoothing: antialiased;\\n            -moz-osx-font-smoothing: grayscale;\\n        }\\n\\n        body {\\n            font-fa — retrying in 30655ms",
    "meta": {},
    "company": null
  },
  {
    "id": 1777888447510.9019,
    "ts": "2026-05-04T09:54:07.510Z",
    "level": "warn",
    "message": "[Customer:Matlabs Technologies] attempt 5/5 failed (429) — HTTP 429: \"<!DOCTYPE html>\\n<html lang=\\\"en\\\">\\n\\n<head>\\n    <meta charset=\\\"utf-8\\\">\\n    <title>Daily Usage Limit Reached</title>\\n    <style>\\n        html {\\n            -webkit-font-smoothing: antialiased;\\n            -moz-osx-font-smoothing: grayscale;\\n        }\\n\\n        body {\\n            font-fa — retrying in 31439ms",
    "meta": {},
    "company": null
  },
  {
    "id": 1777888447488.8354,
    "ts": "2026-05-04T09:54:07.488Z",
    "level": "warn",
    "message": "[Customer:Matrika Engineering Works] attempt 5/5 failed (429) — HTTP 429: \"<!DOCTYPE html>\\n<html lang=\\\"en\\\">\\n\\n<head>\\n    <meta charset=\\\"utf-8\\\">\\n    <title>Daily Usage Limit Reached</title>\\n    <style>\\n        html {\\n            -webkit-font-smoothing: antialiased;\\n            -moz-osx-font-smoothing: grayscale;\\n        }\\n\\n        body {\\n            font-fa — retrying in 30160ms",
    "meta": {},
    "company": null
  },
  {
    "id": 1777888447272.496,
    "ts": "2026-05-04T09:54:07.272Z",
    "level": "warn",
    "message": "[Customer:Matoshree Enterprises] attempt 5/5 failed (429) — HTTP 429: \"<!DOCTYPE html>\\n<html lang=\\\"en\\\">\\n\\n<head>\\n    <meta charset=\\\"utf-8\\\">\\n    <title>Daily Usage Limit Reached</title>\\n    <style>\\n        html {\\n            -webkit-font-smoothing: antialiased;\\n            -moz-osx-font-smoothing: grayscale;\\n        }\\n\\n        body {\\n            font-fa — retrying in 30405ms",
    "meta": {},
    "company": null
  },
  {
    "id": 1777888447061.0757,
    "ts": "2026-05-04T09:54:07.061Z",
    "level": "warn",
    "message": "[Customer:matching centre] attempt 5/5 failed (429) — HTTP 429: \"<!DOCTYPE html>\\n<html lang=\\\"en\\\">\\n\\n<head>\\n    <meta charset=\\\"utf-8\\\">\\n    <title>Daily Usage Limit Reached</title>\\n    <style>\\n        html {\\n            -webkit-font-smoothing: antialiased;\\n            -moz-osx-font-smoothing: grayscale;\\n        }\\n\\n        body {\\n            font-fa — retrying in 30289ms",
    "meta": {},
    "company": null
  },
  {
    "id": 1777888417162.535,
    "ts": "2026-05-04T09:53:37.162Z",
    "level": "warn",
    "message": "[Customer:Matara Traders] attempt 4/5 failed (429) — HTTP 429: \"<!DOCTYPE html>\\n<html lang=\\\"en\\\">\\n\\n<head>\\n    <meta charset=\\\"utf-8\\\">\\n    <title>Daily Usage Limit Reached</title>\\n    <style>\\n        html {\\n            -webkit-font-smoothing: antialiased;\\n            -moz-osx-font-smoothing: grayscale;\\n        }\\n\\n        body {\\n            font-fa — retrying in 30484ms",
    "meta": {},
    "company": null
  },
  {
    "id": 1777888417084.8584,
    "ts": "2026-05-04T09:53:37.084Z",
    "level": "warn",
    "message": "[Customer:Matoshree Nandadevi Bafna Rehabilitation Trust] attempt 4/5 failed (429) — HTTP 429: \"<!DOCTYPE html>\\n<html lang=\\\"en\\\">\\n\\n<head>\\n    <meta charset=\\\"utf-8\\\">\\n    <title>Daily Usage Limit Reached</title>\\n    <style>\\n        html {\\n            -webkit-font-smoothing: antialiased;\\n            -moz-osx-font-smoothing: grayscale;\\n        }\\n\\n        body {\\n            font-fa — retrying in 30470ms",
    "meta": {},
    "company": null
  },
  {
    "id": 1777888416670.041,
    "ts": "2026-05-04T09:53:36.670Z",
    "level": "warn",
    "message": "[Customer:Matias Global Innovations LLP] attempt 4/5 failed (429) — HTTP 429: \"<!DOCTYPE html>\\n<html lang=\\\"en\\\">\\n\\n<head>\\n    <meta charset=\\\"utf-8\\\">\\n    <title>Daily Usage Limit Reached</title>\\n    <style>\\n        html {\\n            -webkit-font-smoothing: antialiased;\\n            -moz-osx-font-smoothing: grayscale;\\n        }\\n\\n        body {\\n            font-fa — retrying in 31199ms",
    "meta": {},
    "company": null
  },
  {
    "id": 1777888416365.6223,
    "ts": "2026-05-04T09:53:36.365Z",
    "level": "warn",
    "message": "[Customer:Mateshwari industries] attempt 4/5 failed (429) — HTTP 429: \"<!DOCTYPE html>\\n<html lang=\\\"en\\\">\\n\\n<head>\\n    <meta charset=\\\"utf-8\\\">\\n    <title>Daily Usage Limit Reached</title>\\n    <style>\\n        html {\\n            -webkit-font-smoothing: antialiased;\\n            -moz-osx-font-smoothing: grayscale;\\n        }\\n\\n        body {\\n            font-fa — retrying in 31160ms",
    "meta": {},
    "company": null
  },
  {
    "id": 1777888416326.2952,
    "ts": "2026-05-04T09:53:36.326Z",
    "level": "warn",
    "message": "[Customer:Matrika Engineering Works] attempt 4/5 failed (429) — HTTP 429: \"<!DOCTYPE html>\\n<html lang=\\\"en\\\">\\n\\n<head>\\n    <meta charset=\\\"utf-8\\\">\\n    <title>Daily Usage Limit Reached</title>\\n    <style>\\n        html {\\n            -webkit-font-smoothing: antialiased;\\n            -moz-osx-font-smoothing: grayscale;\\n        }\\n\\n        body {\\n            font-fa — retrying in 31110ms",
    "meta": {},
    "company": null
  },
  {
    "id": 1777888416141.2788,
    "ts": "2026-05-04T09:53:36.141Z",
    "level": "warn",
    "message": "[Customer:Matlabs Technologies] attempt 4/5 failed (429) — HTTP 429: \"<!DOCTYPE html>\\n<html lang=\\\"en\\\">\\n\\n<head>\\n    <meta charset=\\\"utf-8\\\">\\n    <title>Daily Usage Limit Reached</title>\\n    <style>\\n        html {\\n            -webkit-font-smoothing: antialiased;\\n            -moz-osx-font-smoothing: grayscale;\\n        }\\n\\n        body {\\n            font-fa — retrying in 31330ms",
    "meta": {},
    "company": null
  },
  {
    "id": 1777888416116.1824,
    "ts": "2026-05-04T09:53:36.116Z",
    "level": "warn",
    "message": "[Customer:matching centre] attempt 4/5 failed (429) — HTTP 429: \"<!DOCTYPE html>\\n<html lang=\\\"en\\\">\\n\\n<head>\\n    <meta charset=\\\"utf-8\\\">\\n    <title>Daily Usage Limit Reached</title>\\n    <style>\\n        html {\\n            -webkit-font-smoothing: antialiased;\\n            -moz-osx-font-smoothing: grayscale;\\n        }\\n\\n        body {\\n            font-fa — retrying in 30852ms",
    "meta": {},
    "company": null
  },
  {
    "id": 1777888415761.3818,
    "ts": "2026-05-04T09:53:35.761Z",
    "level": "warn",
    "message": "[Customer:Matoshree Enterprises] attempt 4/5 failed (429) — HTTP 429: \"<!DOCTYPE html>\\n<html lang=\\\"en\\\">\\n\\n<head>\\n    <meta charset=\\\"utf-8\\\">\\n    <title>Daily Usage Limit Reached</title>\\n    <style>\\n        html {\\n            -webkit-font-smoothing: antialiased;\\n            -moz-osx-font-smoothing: grayscale;\\n        }\\n\\n        body {\\n            font-fa — retrying in 30390ms",
    "meta": {},
    "company": null
  },
  {
    "id": 1777888386279.8752,
    "ts": "2026-05-04T09:53:06.279Z",
    "level": "warn",
    "message": "[Customer:Matara Traders] attempt 3/5 failed (429) — HTTP 429: \"<!DOCTYPE html>\\n<html lang=\\\"en\\\">\\n\\n<head>\\n    <meta charset=\\\"utf-8\\\">\\n    <title>Daily Usage Limit Reached</title>\\n    <style>\\n        html {\\n            -webkit-font-smoothing: antialiased;\\n            -moz-osx-font-smoothing: grayscale;\\n        }\\n\\n        body {\\n            font-fa — retrying in 30843ms",
    "meta": {},
    "company": null
  },
  {
    "id": 1777888386169.3503,
    "ts": "2026-05-04T09:53:06.169Z",
    "level": "warn",
    "message": "[Customer:Matias Global Innovations LLP] attempt 3/5 failed (429) — HTTP 429: \"<!DOCTYPE html>\\n<html lang=\\\"en\\\">\\n\\n<head>\\n    <meta charset=\\\"utf-8\\\">\\n    <title>Daily Usage Limit Reached</title>\\n    <style>\\n        html {\\n            -webkit-font-smoothing: antialiased;\\n            -moz-osx-font-smoothing: grayscale;\\n        }\\n\\n        body {\\n            font-fa — retrying in 30466ms",
    "meta": {},
    "company": null
  },
  {
    "id": 1777888386084.296,
    "ts": "2026-05-04T09:53:06.084Z",
    "level": "warn",
    "message": "[Customer:Matrika Engineering Works] attempt 3/5 failed (429) — HTTP 429: \"<!DOCTYPE html>\\n<html lang=\\\"en\\\">\\n\\n<head>\\n    <meta charset=\\\"utf-8\\\">\\n    <title>Daily Usage Limit Reached</title>\\n    <style>\\n        html {\\n            -webkit-font-smoothing: antialiased;\\n            -moz-osx-font-smoothing: grayscale;\\n        }\\n\\n        body {\\n            font-fa — retrying in 30206ms",
    "meta": {},
    "company": null
  },
  {
    "id": 1777888386077.533,
    "ts": "2026-05-04T09:53:06.077Z",
    "level": "warn",
    "message": "[Customer:Matoshree Nandadevi Bafna Rehabilitation Trust] attempt 3/5 failed (429) — HTTP 429: \"<!DOCTYPE html>\\n<html lang=\\\"en\\\">\\n\\n<head>\\n    <meta charset=\\\"utf-8\\\">\\n    <title>Daily Usage Limit Reached</title>\\n    <style>\\n        html {\\n            -webkit-font-smoothing: antialiased;\\n            -moz-osx-font-smoothing: grayscale;\\n        }\\n\\n        body {\\n            font-fa — retrying in 30965ms",
    "meta": {},
    "company": null
  },
  {
    "id": 1777888385668.331,
    "ts": "2026-05-04T09:53:05.668Z",
    "level": "warn",
    "message": "[Customer:matching centre] attempt 3/5 failed (429) — HTTP 429: \"<!DOCTYPE html>\\n<html lang=\\\"en\\\">\\n\\n<head>\\n    <meta charset=\\\"utf-8\\\">\\n    <title>Daily Usage Limit Reached</title>\\n    <style>\\n        html {\\n            -webkit-font-smoothing: antialiased;\\n            -moz-osx-font-smoothing: grayscale;\\n        }\\n\\n        body {\\n            font-fa — retrying in 30413ms",
    "meta": {},
    "company": null
  },
  {
    "id": 1777888385553.9688,
    "ts": "2026-05-04T09:53:05.553Z",
    "level": "warn",
    "message": "[Customer:Matlabs Technologies] attempt 3/5 failed (429) — HTTP 429: \"<!DOCTYPE html>\\n<html lang=\\\"en\\\">\\n\\n<head>\\n    <meta charset=\\\"utf-8\\\">\\n    <title>Daily Usage Limit Reached</title>\\n    <style>\\n        html {\\n            -webkit-font-smoothing: antialiased;\\n            -moz-osx-font-smoothing: grayscale;\\n        }\\n\\n        body {\\n            font-fa — retrying in 30554ms",
    "meta": {},
    "company": null
  },
  {
    "id": 1777888385507.6501,
    "ts": "2026-05-04T09:53:05.507Z",
    "level": "warn",
    "message": "[Customer:Matoshree Enterprises] attempt 3/5 failed (429) — HTTP 429: \"<!DOCTYPE html>\\n<html lang=\\\"en\\\">\\n\\n<head>\\n    <meta charset=\\\"utf-8\\\">\\n    <title>Daily Usage Limit Reached</title>\\n    <style>\\n        html {\\n            -webkit-font-smoothing: antialiased;\\n            -moz-osx-font-smoothing: grayscale;\\n        }\\n\\n        body {\\n            font-fa — retrying in 30155ms",
    "meta": {},
    "company": null
  },
  {
    "id": 1777888384930.9514,
    "ts": "2026-05-04T09:53:04.930Z",
    "level": "warn",
    "message": "[Customer:Mateshwari industries] attempt 3/5 failed (429) — HTTP 429: \"<!DOCTYPE html>\\n<html lang=\\\"en\\\">\\n\\n<head>\\n    <meta charset=\\\"utf-8\\\">\\n    <title>Daily Usage Limit Reached</title>\\n    <style>\\n        html {\\n            -webkit-font-smoothing: antialiased;\\n            -moz-osx-font-smoothing: grayscale;\\n        }\\n\\n        body {\\n            font-fa — retrying in 31367ms",
    "meta": {},
    "company": null
  },
  {
    "id": 1777888369511.1895,
    "ts": "2026-05-04T09:52:49.511Z",
    "level": "warn",
    "message": "[Customer:Matoshree Nandadevi Bafna Rehabilitation Trust] attempt 2/5 failed (429) — HTTP 429: \"<!DOCTYPE html>\\n<html lang=\\\"en\\\">\\n\\n<head>\\n    <meta charset=\\\"utf-8\\\">\\n    <title>Daily Usage Limit Reached</title>\\n    <style>\\n        html {\\n            -webkit-font-smoothing: antialiased;\\n            -moz-osx-font-smoothing: grayscale;\\n        }\\n\\n        body {\\n            font-fa — retrying in 16519ms",
    "meta": {},
    "company": null
  },
  {
    "id": 1777888369386.572,
    "ts": "2026-05-04T09:52:49.386Z",
    "level": "warn",
    "message": "[Customer:matching centre] attempt 2/5 failed (429) — HTTP 429: \"<!DOCTYPE html>\\n<html lang=\\\"en\\\">\\n\\n<head>\\n    <meta charset=\\\"utf-8\\\">\\n    <title>Daily Usage Limit Reached</title>\\n    <style>\\n        html {\\n            -webkit-font-smoothing: antialiased;\\n            -moz-osx-font-smoothing: grayscale;\\n        }\\n\\n        body {\\n            font-fa — retrying in 16252ms",
    "meta": {},
    "company": null
  },
  {
    "id": 1777888368926.8745,
    "ts": "2026-05-04T09:52:48.926Z",
    "level": "warn",
    "message": "[Customer:Matias Global Innovations LLP] attempt 2/5 failed (429) — HTTP 429: \"<!DOCTYPE html>\\n<html lang=\\\"en\\\">\\n\\n<head>\\n    <meta charset=\\\"utf-8\\\">\\n    <title>Daily Usage Limit Reached</title>\\n    <style>\\n        html {\\n            -webkit-font-smoothing: antialiased;\\n            -moz-osx-font-smoothing: grayscale;\\n        }\\n\\n        body {\\n            font-fa — retrying in 17208ms",
    "meta": {},
    "company": null
  },
  {
    "id": 1777888368912.3538,
    "ts": "2026-05-04T09:52:48.912Z",
    "level": "warn",
    "message": "[Customer:Matara Traders] attempt 2/5 failed (429) — HTTP 429: \"<!DOCTYPE html>\\n<html lang=\\\"en\\\">\\n\\n<head>\\n    <meta charset=\\\"utf-8\\\">\\n    <title>Daily Usage Limit Reached</title>\\n    <style>\\n        html {\\n            -webkit-font-smoothing: antialiased;\\n            -moz-osx-font-smoothing: grayscale;\\n        }\\n\\n        body {\\n            font-fa — retrying in 17333ms",
    "meta": {},
    "company": null
  },
  {
    "id": 1777888368889.5295,
    "ts": "2026-05-04T09:52:48.889Z",
    "level": "warn",
    "message": "[Customer:Matlabs Technologies] attempt 2/5 failed (429) — HTTP 429: \"<!DOCTYPE html>\\n<html lang=\\\"en\\\">\\n\\n<head>\\n    <meta charset=\\\"utf-8\\\">\\n    <title>Daily Usage Limit Reached</title>\\n    <style>\\n        html {\\n            -webkit-font-smoothing: antialiased;\\n            -moz-osx-font-smoothing: grayscale;\\n        }\\n\\n        body {\\n            font-fa — retrying in 16604ms",
    "meta": {},
    "company": null
  },
  {
    "id": 1777888368647.6003,
    "ts": "2026-05-04T09:52:48.647Z",
    "level": "warn",
    "message": "[Customer:Mateshwari industries] attempt 2/5 failed (429) — HTTP 429: \"<!DOCTYPE html>\\n<html lang=\\\"en\\\">\\n\\n<head>\\n    <meta charset=\\\"utf-8\\\">\\n    <title>Daily Usage Limit Reached</title>\\n    <style>\\n        html {\\n            -webkit-font-smoothing: antialiased;\\n            -moz-osx-font-smoothing: grayscale;\\n        }\\n\\n        body {\\n            font-fa — retrying in 16183ms",
    "meta": {},
    "company": null
  },
  {
    "id": 1777888368563.8213,
    "ts": "2026-05-04T09:52:48.563Z",
    "level": "warn",
    "message": "[Customer:Matrika Engineering Works] attempt 2/5 failed (429) — HTTP 429: \"<!DOCTYPE html>\\n<html lang=\\\"en\\\">\\n\\n<head>\\n    <meta charset=\\\"utf-8\\\">\\n    <title>Daily Usage Limit Reached</title>\\n    <style>\\n        html {\\n            -webkit-font-smoothing: antialiased;\\n            -moz-osx-font-smoothing: grayscale;\\n        }\\n\\n        body {\\n            font-fa — retrying in 17483ms",
    "meta": {},
    "company": null
  },
  {
    "id": 1777888368482.9663,
    "ts": "2026-05-04T09:52:48.482Z",
    "level": "warn",
    "message": "[Customer:Matoshree Enterprises] attempt 2/5 failed (429) — HTTP 429: \"<!DOCTYPE html>\\n<html lang=\\\"en\\\">\\n\\n<head>\\n    <meta charset=\\\"utf-8\\\">\\n    <title>Daily Usage Limit Reached</title>\\n    <style>\\n        html {\\n            -webkit-font-smoothing: antialiased;\\n            -moz-osx-font-smoothing: grayscale;\\n        }\\n\\n        body {\\n            font-fa — retrying in 16979ms",
    "meta": {},
    "company": null
  },
  {
    "id": 1777888360236.624,
    "ts": "2026-05-04T09:52:40.236Z",
    "level": "warn",
    "message": "[Customer:Matoshree Nandadevi Bafna Rehabilitation Trust] attempt 1/5 failed (429) — HTTP 429: \"<!DOCTYPE html>\\n<html lang=\\\"en\\\">\\n\\n<head>\\n    <meta charset=\\\"utf-8\\\">\\n    <title>Daily Usage Limit Reached</title>\\n    <style>\\n        html {\\n            -webkit-font-smoothing: antialiased;\\n            -moz-osx-font-smoothing: grayscale;\\n        }\\n\\n        body {\\n            font-fa — retrying in 9238ms",
    "meta": {},
    "company": null
  },
  {
    "id": 1777888360227.296,
    "ts": "2026-05-04T09:52:40.227Z",
    "level": "warn",
    "message": "[Customer:Matrika Engineering Works] attempt 1/5 failed (429) — HTTP 429: \"<!DOCTYPE html>\\n<html lang=\\\"en\\\">\\n\\n<head>\\n    <meta charset=\\\"utf-8\\\">\\n    <title>Daily Usage Limit Reached</title>\\n    <style>\\n        html {\\n            -webkit-font-smoothing: antialiased;\\n            -moz-osx-font-smoothing: grayscale;\\n        }\\n\\n        body {\\n            font-fa — retrying in 8289ms",
    "meta": {},
    "company": null
  },
  {
    "id": 1777888360216.8547,
    "ts": "2026-05-04T09:52:40.216Z",
    "level": "warn",
    "message": "[Customer:Matias Global Innovations LLP] attempt 1/5 failed (429) — HTTP 429: \"<!DOCTYPE html>\\n<html lang=\\\"en\\\">\\n\\n<head>\\n    <meta charset=\\\"utf-8\\\">\\n    <title>Daily Usage Limit Reached</title>\\n    <style>\\n        html {\\n            -webkit-font-smoothing: antialiased;\\n            -moz-osx-font-smoothing: grayscale;\\n        }\\n\\n        body {\\n            font-fa — retrying in 8654ms",
    "meta": {},
    "company": null
  },
  {
    "id": 1777888360202.82,
    "ts": "2026-05-04T09:52:40.202Z",
    "level": "warn",
    "message": "[Customer:Mateshwari industries] attempt 1/5 failed (429) — HTTP 429: \"<!DOCTYPE html>\\n<html lang=\\\"en\\\">\\n\\n<head>\\n    <meta charset=\\\"utf-8\\\">\\n    <title>Daily Usage Limit Reached</title>\\n    <style>\\n        html {\\n            -webkit-font-smoothing: antialiased;\\n            -moz-osx-font-smoothing: grayscale;\\n        }\\n\\n        body {\\n            font-fa — retrying in 8415ms",
    "meta": {},
    "company": null
  },
  {
    "id": 1777888360190.118,
    "ts": "2026-05-04T09:52:40.190Z",
    "level": "warn",
    "message": "[Customer:Matlabs Technologies] attempt 1/5 failed (429) — HTTP 429: \"<!DOCTYPE html>\\n<html lang=\\\"en\\\">\\n\\n<head>\\n    <meta charset=\\\"utf-8\\\">\\n    <title>Daily Usage Limit Reached</title>\\n    <style>\\n        html {\\n            -webkit-font-smoothing: antialiased;\\n            -moz-osx-font-smoothing: grayscale;\\n        }\\n\\n        body {\\n            font-fa — retrying in 8664ms",
    "meta": {},
    "company": null
  },
  {
    "id": 1777888360180.1045,
    "ts": "2026-05-04T09:52:40.180Z",
    "level": "warn",
    "message": "[Customer:matching centre] attempt 1/5 failed (429) — HTTP 429: \"<!DOCTYPE html>\\n<html lang=\\\"en\\\">\\n\\n<head>\\n    <meta charset=\\\"utf-8\\\">\\n    <title>Daily Usage Limit Reached</title>\\n    <style>\\n        html {\\n            -webkit-font-smoothing: antialiased;\\n            -moz-osx-font-smoothing: grayscale;\\n        }\\n\\n        body {\\n            font-fa — retrying in 9166ms",
    "meta": {},
    "company": null
  },
  {
    "id": 1777888360170.53,
    "ts": "2026-05-04T09:52:40.170Z",
    "level": "warn",
    "message": "[Customer:Matara Traders] attempt 1/5 failed (429) — HTTP 429: \"<!DOCTYPE html>\\n<html lang=\\\"en\\\">\\n\\n<head>\\n    <meta charset=\\\"utf-8\\\">\\n    <title>Daily Usage Limit Reached</title>\\n    <style>\\n        html {\\n            -webkit-font-smoothing: antialiased;\\n            -moz-osx-font-smoothing: grayscale;\\n        }\\n\\n        body {\\n            font-fa — retrying in 8708ms",
    "meta": {},
    "company": null
  },
  {
    "id": 1777888360162.9182,
    "ts": "2026-05-04T09:52:40.162Z",
    "level": "warn",
    "message": "[Customer:Matoshree Enterprises] attempt 1/5 failed (429) — HTTP 429: \"<!DOCTYPE html>\\n<html lang=\\\"en\\\">\\n\\n<head>\\n    <meta charset=\\\"utf-8\\\">\\n    <title>Daily Usage Limit Reached</title>\\n    <style>\\n        html {\\n            -webkit-font-smoothing: antialiased;\\n            -moz-osx-font-smoothing: grayscale;\\n        }\\n\\n        body {\\n            font-fa — retrying in 8246ms",
    "meta": {},
    "company": null
  },
  {
    "id": 1777888314292.155,
    "ts": "2026-05-04T09:51:54.292Z",
    "level": "warn",
    "message": "[Customer:Master Enterprises] attempt 5/5 failed (429) — HTTP 429: \"<!DOCTYPE html>\\n<html lang=\\\"en\\\">\\n\\n<head>\\n    <meta charset=\\\"utf-8\\\">\\n    <title>Daily Usage Limit Reached</title>\\n    <style>\\n        html {\\n            -webkit-font-smoothing: antialiased;\\n            -moz-osx-font-smoothing: grayscale;\\n        }\\n\\n        body {\\n            font-fa — retrying in 30471ms",
    "meta": {},
    "company": null
  },
  {
    "id": 1777888292215.4297,
    "ts": "2026-05-04T09:51:32.215Z",
    "level": "warn",
    "message": "[Customer:Mataji Mills] attempt 5/5 failed (429) — HTTP 429: \"<!DOCTYPE html>\\n<html lang=\\\"en\\\">\\n\\n<head>\\n    <meta charset=\\\"utf-8\\\">\\n    <title>Daily Usage Limit Reached</title>\\n    <style>\\n        html {\\n            -webkit-font-smoothing: antialiased;\\n            -moz-osx-font-smoothing: grayscale;\\n        }\\n\\n        body {\\n            font-fa — retrying in 31233ms",
    "meta": {},
    "company": null
  },
  {
    "id": 1777888291921.2688,
    "ts": "2026-05-04T09:51:31.921Z",
    "level": "warn",
    "message": "[Customer:Master Computech Pvt. Ltd.] attempt 5/5 failed (429) — HTTP 429: \"<!DOCTYPE html>\\n<html lang=\\\"en\\\">\\n\\n<head>\\n    <meta charset=\\\"utf-8\\\">\\n    <title>Daily Usage Limit Reached</title>\\n    <style>\\n        html {\\n            -webkit-font-smoothing: antialiased;\\n            -moz-osx-font-smoothing: grayscale;\\n        }\\n\\n        body {\\n            font-fa — retrying in 30871ms",
    "meta": {},
    "company": null
  },
  {
    "id": 1777888291634.9436,
    "ts": "2026-05-04T09:51:31.634Z",
    "level": "warn",
    "message": "[Customer:Mascom Electronics Pvt. Ltd.] attempt 5/5 failed (429) — HTTP 429: \"<!DOCTYPE html>\\n<html lang=\\\"en\\\">\\n\\n<head>\\n    <meta charset=\\\"utf-8\\\">\\n    <title>Daily Usage Limit Reached</title>\\n    <style>\\n        html {\\n            -webkit-font-smoothing: antialiased;\\n            -moz-osx-font-smoothing: grayscale;\\n        }\\n\\n        body {\\n            font-fa — retrying in 31170ms",
    "meta": {},
    "company": null
  },
  {
    "id": 1777888291577.889,
    "ts": "2026-05-04T09:51:31.577Z",
    "level": "warn",
    "message": "[Customer:Massimo] attempt 5/5 failed (429) — HTTP 429: \"<!DOCTYPE html>\\n<html lang=\\\"en\\\">\\n\\n<head>\\n    <meta charset=\\\"utf-8\\\">\\n    <title>Daily Usage Limit Reached</title>\\n    <style>\\n        html {\\n            -webkit-font-smoothing: antialiased;\\n            -moz-osx-font-smoothing: grayscale;\\n        }\\n\\n        body {\\n            font-fa — retrying in 30841ms",
    "meta": {},
    "company": null
  },
  {
    "id": 1777888291429.3247,
    "ts": "2026-05-04T09:51:31.429Z",
    "level": "warn",
    "message": "[Customer:Masculine] attempt 5/5 failed (429) — HTTP 429: \"<!DOCTYPE html>\\n<html lang=\\\"en\\\">\\n\\n<head>\\n    <meta charset=\\\"utf-8\\\">\\n    <title>Daily Usage Limit Reached</title>\\n    <style>\\n        html {\\n            -webkit-font-smoothing: antialiased;\\n            -moz-osx-font-smoothing: grayscale;\\n        }\\n\\n        body {\\n            font-fa — retrying in 30027ms",
    "meta": {},
    "company": null
  },
  {
    "id": 1777888290905.1365,
    "ts": "2026-05-04T09:51:30.905Z",
    "level": "warn",
    "message": "[Customer:Masumo INC] attempt 5/5 failed (429) — HTTP 429: \"<!DOCTYPE html>\\n<html lang=\\\"en\\\">\\n\\n<head>\\n    <meta charset=\\\"utf-8\\\">\\n    <title>Daily Usage Limit Reached</title>\\n    <style>\\n        html {\\n            -webkit-font-smoothing: antialiased;\\n            -moz-osx-font-smoothing: grayscale;\\n        }\\n\\n        body {\\n            font-fa — retrying in 30787ms",
    "meta": {},
    "company": null
  },
  {
    "id": 1777888290899.9722,
    "ts": "2026-05-04T09:51:30.899Z",
    "level": "warn",
    "message": "[Customer:Mataji Enterprises] attempt 5/5 failed (429) — HTTP 429: \"<!DOCTYPE html>\\n<html lang=\\\"en\\\">\\n\\n<head>\\n    <meta charset=\\\"utf-8\\\">\\n    <title>Daily Usage Limit Reached</title>\\n    <style>\\n        html {\\n            -webkit-font-smoothing: antialiased;\\n            -moz-osx-font-smoothing: grayscale;\\n        }\\n\\n        body {\\n            font-fa — retrying in 30588ms",
    "meta": {},
    "company": null
  },
  {
    "id": 1777888282961.637,
    "ts": "2026-05-04T09:51:22.961Z",
    "level": "warn",
    "message": "[Customer:Master Enterprises] attempt 4/5 failed (429) — HTTP 429: \"<!DOCTYPE html>\\n<html lang=\\\"en\\\">\\n\\n<head>\\n    <meta charset=\\\"utf-8\\\">\\n    <title>Daily Usage Limit Reached</title>\\n    <style>\\n        html {\\n            -webkit-font-smoothing: antialiased;\\n            -moz-osx-font-smoothing: grayscale;\\n        }\\n\\n        body {\\n            font-fa — retrying in 31269ms",
    "meta": {},
    "company": null
  },
  {
    "id": 1777888261683.1672,
    "ts": "2026-05-04T09:51:01.683Z",
    "level": "warn",
    "message": "[Customer:Mataji Mills] attempt 4/5 failed (429) — HTTP 429: \"<!DOCTYPE html>\\n<html lang=\\\"en\\\">\\n\\n<head>\\n    <meta charset=\\\"utf-8\\\">\\n    <title>Daily Usage Limit Reached</title>\\n    <style>\\n        html {\\n            -webkit-font-smoothing: antialiased;\\n            -moz-osx-font-smoothing: grayscale;\\n        }\\n\\n        body {\\n            font-fa — retrying in 30496ms",
    "meta": {},
    "company": null
  },
  {
    "id": 1777888261196.167,
    "ts": "2026-05-04T09:51:01.196Z",
    "level": "warn",
    "message": "[Customer:Mascom Electronics Pvt. Ltd.] attempt 4/5 failed (429) — HTTP 429: \"<!DOCTYPE html>\\n<html lang=\\\"en\\\">\\n\\n<head>\\n    <meta charset=\\\"utf-8\\\">\\n    <title>Daily Usage Limit Reached</title>\\n    <style>\\n        html {\\n            -webkit-font-smoothing: antialiased;\\n            -moz-osx-font-smoothing: grayscale;\\n        }\\n\\n        body {\\n            font-fa — retrying in 30394ms",
    "meta": {},
    "company": null
  },
  {
    "id": 1777888260846.0503,
    "ts": "2026-05-04T09:51:00.846Z",
    "level": "warn",
    "message": "[Customer:Master Computech Pvt. Ltd.] attempt 4/5 failed (429) — HTTP 429: \"<!DOCTYPE html>\\n<html lang=\\\"en\\\">\\n\\n<head>\\n    <meta charset=\\\"utf-8\\\">\\n    <title>Daily Usage Limit Reached</title>\\n    <style>\\n        html {\\n            -webkit-font-smoothing: antialiased;\\n            -moz-osx-font-smoothing: grayscale;\\n        }\\n\\n        body {\\n            font-fa — retrying in 31039ms",
    "meta": {},
    "company": null
  },
  {
    "id": 1777888260694.9197,
    "ts": "2026-05-04T09:51:00.694Z",
    "level": "warn",
    "message": "[Customer:Masumo INC] attempt 4/5 failed (429) — HTTP 429: \"<!DOCTYPE html>\\n<html lang=\\\"en\\\">\\n\\n<head>\\n    <meta charset=\\\"utf-8\\\">\\n    <title>Daily Usage Limit Reached</title>\\n    <style>\\n        html {\\n            -webkit-font-smoothing: antialiased;\\n            -moz-osx-font-smoothing: grayscale;\\n        }\\n\\n        body {\\n            font-fa — retrying in 30107ms",
    "meta": {},
    "company": null
  },
  {
    "id": 1777888260571.4104,
    "ts": "2026-05-04T09:51:00.571Z",
    "level": "warn",
    "message": "[Customer:Masculine] attempt 4/5 failed (429) — HTTP 429: \"<!DOCTYPE html>\\n<html lang=\\\"en\\\">\\n\\n<head>\\n    <meta charset=\\\"utf-8\\\">\\n    <title>Daily Usage Limit Reached</title>\\n    <style>\\n        html {\\n            -webkit-font-smoothing: antialiased;\\n            -moz-osx-font-smoothing: grayscale;\\n        }\\n\\n        body {\\n            font-fa — retrying in 30827ms",
    "meta": {},
    "company": null
  },
  {
    "id": 1777888260118.514,
    "ts": "2026-05-04T09:51:00.118Z",
    "level": "warn",
    "message": "[Customer:Massimo] attempt 4/5 failed (429) — HTTP 429: \"<!DOCTYPE html>\\n<html lang=\\\"en\\\">\\n\\n<head>\\n    <meta charset=\\\"utf-8\\\">\\n    <title>Daily Usage Limit Reached</title>\\n    <style>\\n        html {\\n            -webkit-font-smoothing: antialiased;\\n            -moz-osx-font-smoothing: grayscale;\\n        }\\n\\n        body {\\n            font-fa — retrying in 31424ms",
    "meta": {},
    "company": null
  },
  {
    "id": 1777888260084.3308,
    "ts": "2026-05-04T09:51:00.084Z",
    "level": "warn",
    "message": "[Customer:Mataji Enterprises] attempt 4/5 failed (429) — HTTP 429: \"<!DOCTYPE html>\\n<html lang=\\\"en\\\">\\n\\n<head>\\n    <meta charset=\\\"utf-8\\\">\\n    <title>Daily Usage Limit Reached</title>\\n    <style>\\n        html {\\n            -webkit-font-smoothing: antialiased;\\n            -moz-osx-font-smoothing: grayscale;\\n        }\\n\\n        body {\\n            font-fa — retrying in 30731ms",
    "meta": {},
    "company": null
  },
  {
    "id": 1777888252042.2766,
    "ts": "2026-05-04T09:50:52.042Z",
    "level": "warn",
    "message": "[Customer:Master Enterprises] attempt 3/5 failed (429) — HTTP 429: \"<!DOCTYPE html>\\n<html lang=\\\"en\\\">\\n\\n<head>\\n    <meta charset=\\\"utf-8\\\">\\n    <title>Daily Usage Limit Reached</title>\\n    <style>\\n        html {\\n            -webkit-font-smoothing: antialiased;\\n            -moz-osx-font-smoothing: grayscale;\\n        }\\n\\n        body {\\n            font-fa — retrying in 30847ms",
    "meta": {},
    "company": null
  },
  {
    "id": 1777888234987.4043,
    "ts": "2026-05-04T09:50:34.987Z",
    "level": "warn",
    "message": "[Customer:Master Enterprises] attempt 2/5 failed (429) — HTTP 429: \"<!DOCTYPE html>\\n<html lang=\\\"en\\\">\\n\\n<head>\\n    <meta charset=\\\"utf-8\\\">\\n    <title>Daily Usage Limit Reached</title>\\n    <style>\\n        html {\\n            -webkit-font-smoothing: antialiased;\\n            -moz-osx-font-smoothing: grayscale;\\n        }\\n\\n        body {\\n            font-fa — retrying in 16939ms",
    "meta": {},
    "company": null
  },
  {
    "id": 1777888230724.4268,
    "ts": "2026-05-04T09:50:30.724Z",
    "level": "warn",
    "message": "[Customer:Mataji Mills] attempt 3/5 failed (429) — HTTP 429: \"<!DOCTYPE html>\\n<html lang=\\\"en\\\">\\n\\n<head>\\n    <meta charset=\\\"utf-8\\\">\\n    <title>Daily Usage Limit Reached</title>\\n    <style>\\n        html {\\n            -webkit-font-smoothing: antialiased;\\n            -moz-osx-font-smoothing: grayscale;\\n        }\\n\\n        body {\\n            font-fa — retrying in 30920ms",
    "meta": {},
    "company": null
  },
  {
    "id": 1777888230638.0486,
    "ts": "2026-05-04T09:50:30.638Z",
    "level": "warn",
    "message": "[Customer:Mascom Electronics Pvt. Ltd.] attempt 3/5 failed (429) — HTTP 429: \"<!DOCTYPE html>\\n<html lang=\\\"en\\\">\\n\\n<head>\\n    <meta charset=\\\"utf-8\\\">\\n    <title>Daily Usage Limit Reached</title>\\n    <style>\\n        html {\\n            -webkit-font-smoothing: antialiased;\\n            -moz-osx-font-smoothing: grayscale;\\n        }\\n\\n        body {\\n            font-fa — retrying in 30514ms",
    "meta": {},
    "company": null
  },
  {
    "id": 1777888230316.8218,
    "ts": "2026-05-04T09:50:30.316Z",
    "level": "warn",
    "message": "[Customer:Masumo INC] attempt 3/5 failed (429) — HTTP 429: \"<!DOCTYPE html>\\n<html lang=\\\"en\\\">\\n\\n<head>\\n    <meta charset=\\\"utf-8\\\">\\n    <title>Daily Usage Limit Reached</title>\\n    <style>\\n        html {\\n            -webkit-font-smoothing: antialiased;\\n            -moz-osx-font-smoothing: grayscale;\\n        }\\n\\n        body {\\n            font-fa — retrying in 30342ms",
    "meta": {},
    "company": null
  },
  {
    "id": 1777888230066.6077,
    "ts": "2026-05-04T09:50:30.066Z",
    "level": "warn",
    "message": "[Customer:Massimo] attempt 3/5 failed (429) — HTTP 429: \"<!DOCTYPE html>\\n<html lang=\\\"en\\\">\\n\\n<head>\\n    <meta charset=\\\"utf-8\\\">\\n    <title>Daily Usage Limit Reached</title>\\n    <style>\\n        html {\\n            -webkit-font-smoothing: antialiased;\\n            -moz-osx-font-smoothing: grayscale;\\n        }\\n\\n        body {\\n            font-fa — retrying in 30002ms",
    "meta": {},
    "company": null
  },
  {
    "id": 1777888230036.4092,
    "ts": "2026-05-04T09:50:30.036Z",
    "level": "warn",
    "message": "[Customer:Master Computech Pvt. Ltd.] attempt 3/5 failed (429) — HTTP 429: \"<!DOCTYPE html>\\n<html lang=\\\"en\\\">\\n\\n<head>\\n    <meta charset=\\\"utf-8\\\">\\n    <title>Daily Usage Limit Reached</title>\\n    <style>\\n        html {\\n            -webkit-font-smoothing: antialiased;\\n            -moz-osx-font-smoothing: grayscale;\\n        }\\n\\n        body {\\n            font-fa — retrying in 30765ms",
    "meta": {},
    "company": null
  },
  {
    "id": 1777888229986.459,
    "ts": "2026-05-04T09:50:29.986Z",
    "level": "warn",
    "message": "[Customer:Masculine] attempt 3/5 failed (429) — HTTP 429: \"<!DOCTYPE html>\\n<html lang=\\\"en\\\">\\n\\n<head>\\n    <meta charset=\\\"utf-8\\\">\\n    <title>Daily Usage Limit Reached</title>\\n    <style>\\n        html {\\n            -webkit-font-smoothing: antialiased;\\n            -moz-osx-font-smoothing: grayscale;\\n        }\\n\\n        body {\\n            font-fa — retrying in 30545ms",
    "meta": {},
    "company": null
  },
  {
    "id": 1777888229862.795,
    "ts": "2026-05-04T09:50:29.862Z",
    "level": "warn",
    "message": "[Customer:Mataji Enterprises] attempt 3/5 failed (429) — HTTP 429: \"<!DOCTYPE html>\\n<html lang=\\\"en\\\">\\n\\n<head>\\n    <meta charset=\\\"utf-8\\\">\\n    <title>Daily Usage Limit Reached</title>\\n    <style>\\n        html {\\n            -webkit-font-smoothing: antialiased;\\n            -moz-osx-font-smoothing: grayscale;\\n        }\\n\\n        body {\\n            font-fa — retrying in 30131ms",
    "meta": {},
    "company": null
  },
  {
    "id": 1777888225399.3154,
    "ts": "2026-05-04T09:50:25.399Z",
    "level": "warn",
    "message": "[Customer:Master Enterprises] attempt 1/5 failed (429) — HTTP 429: \"<!DOCTYPE html>\\n<html lang=\\\"en\\\">\\n\\n<head>\\n    <meta charset=\\\"utf-8\\\">\\n    <title>Daily Usage Limit Reached</title>\\n    <style>\\n        html {\\n            -webkit-font-smoothing: antialiased;\\n            -moz-osx-font-smoothing: grayscale;\\n        }\\n\\n        body {\\n            font-fa — retrying in 9463ms",
    "meta": {},
    "company": null
  },
  {
    "id": 1777888213700.584,
    "ts": "2026-05-04T09:50:13.700Z",
    "level": "warn",
    "message": "[Customer:Mataji Mills] attempt 2/5 failed (429) — HTTP 429: \"<!DOCTYPE html>\\n<html lang=\\\"en\\\">\\n\\n<head>\\n    <meta charset=\\\"utf-8\\\">\\n    <title>Daily Usage Limit Reached</title>\\n    <style>\\n        html {\\n            -webkit-font-smoothing: antialiased;\\n            -moz-osx-font-smoothing: grayscale;\\n        }\\n\\n        body {\\n            font-fa — retrying in 16987ms",
    "meta": {},
    "company": null
  },
  {
    "id": 1777888213422.9937,
    "ts": "2026-05-04T09:50:13.422Z",
    "level": "warn",
    "message": "[Customer:Masumo INC] attempt 2/5 failed (429) — HTTP 429: \"<!DOCTYPE html>\\n<html lang=\\\"en\\\">\\n\\n<head>\\n    <meta charset=\\\"utf-8\\\">\\n    <title>Daily Usage Limit Reached</title>\\n    <style>\\n        html {\\n            -webkit-font-smoothing: antialiased;\\n            -moz-osx-font-smoothing: grayscale;\\n        }\\n\\n        body {\\n            font-fa — retrying in 16855ms",
    "meta": {},
    "company": null
  },
  {
    "id": 1777888213415.5469,
    "ts": "2026-05-04T09:50:13.415Z",
    "level": "warn",
    "message": "[Customer:Masculine] attempt 2/5 failed (429) — HTTP 429: \"<!DOCTYPE html>\\n<html lang=\\\"en\\\">\\n\\n<head>\\n    <meta charset=\\\"utf-8\\\">\\n    <title>Daily Usage Limit Reached</title>\\n    <style>\\n        html {\\n            -webkit-font-smoothing: antialiased;\\n            -moz-osx-font-smoothing: grayscale;\\n        }\\n\\n        body {\\n            font-fa — retrying in 16531ms",
    "meta": {},
    "company": null
  },
  {
    "id": 1777888213282.2139,
    "ts": "2026-05-04T09:50:13.282Z",
    "level": "warn",
    "message": "[Customer:Mascom Electronics Pvt. Ltd.] attempt 2/5 failed (429) — HTTP 429: \"<!DOCTYPE html>\\n<html lang=\\\"en\\\">\\n\\n<head>\\n    <meta charset=\\\"utf-8\\\">\\n    <title>Daily Usage Limit Reached</title>\\n    <style>\\n        html {\\n            -webkit-font-smoothing: antialiased;\\n            -moz-osx-font-smoothing: grayscale;\\n        }\\n\\n        body {\\n            font-fa — retrying in 17321ms",
    "meta": {},
    "company": null
  },
  {
    "id": 1777888213233.54,
    "ts": "2026-05-04T09:50:13.233Z",
    "level": "warn",
    "message": "[Customer:Massimo] attempt 2/5 failed (429) — HTTP 429: \"<!DOCTYPE html>\\n<html lang=\\\"en\\\">\\n\\n<head>\\n    <meta charset=\\\"utf-8\\\">\\n    <title>Daily Usage Limit Reached</title>\\n    <style>\\n        html {\\n            -webkit-font-smoothing: antialiased;\\n            -moz-osx-font-smoothing: grayscale;\\n        }\\n\\n        body {\\n            font-fa — retrying in 16763ms",
    "meta": {},
    "company": null
  },
  {
    "id": 1777888212970.725,
    "ts": "2026-05-04T09:50:12.970Z",
    "level": "warn",
    "message": "[Customer:Master Computech Pvt. Ltd.] attempt 2/5 failed (429) — HTTP 429: \"<!DOCTYPE html>\\n<html lang=\\\"en\\\">\\n\\n<head>\\n    <meta charset=\\\"utf-8\\\">\\n    <title>Daily Usage Limit Reached</title>\\n    <style>\\n        html {\\n            -webkit-font-smoothing: antialiased;\\n            -moz-osx-font-smoothing: grayscale;\\n        }\\n\\n        body {\\n            font-fa — retrying in 17025ms",
    "meta": {},
    "company": null
  },
  {
    "id": 1777888212963.9978,
    "ts": "2026-05-04T09:50:12.963Z",
    "level": "warn",
    "message": "[Customer:Mataji Enterprises] attempt 2/5 failed (429) — HTTP 429: \"<!DOCTYPE html>\\n<html lang=\\\"en\\\">\\n\\n<head>\\n    <meta charset=\\\"utf-8\\\">\\n    <title>Daily Usage Limit Reached</title>\\n    <style>\\n        html {\\n            -webkit-font-smoothing: antialiased;\\n            -moz-osx-font-smoothing: grayscale;\\n        }\\n\\n        body {\\n            font-fa — retrying in 16855ms",
    "meta": {},
    "company": null
  },
  {
    "id": 1777888204378.4172,
    "ts": "2026-05-04T09:50:04.378Z",
    "level": "warn",
    "message": "[Customer:Masumo INC] attempt 1/5 failed (429) — HTTP 429: \"<!DOCTYPE html>\\n<html lang=\\\"en\\\">\\n\\n<head>\\n    <meta charset=\\\"utf-8\\\">\\n    <title>Daily Usage Limit Reached</title>\\n    <style>\\n        html {\\n            -webkit-font-smoothing: antialiased;\\n            -moz-osx-font-smoothing: grayscale;\\n        }\\n\\n        body {\\n            font-fa — retrying in 8969ms",
    "meta": {},
    "company": null
  },
  {
    "id": 1777888204371.6516,
    "ts": "2026-05-04T09:50:04.371Z",
    "level": "warn",
    "message": "[Customer:Master Computech Pvt. Ltd.] attempt 1/5 failed (429) — HTTP 429: \"<!DOCTYPE html>\\n<html lang=\\\"en\\\">\\n\\n<head>\\n    <meta charset=\\\"utf-8\\\">\\n    <title>Daily Usage Limit Reached</title>\\n    <style>\\n        html {\\n            -webkit-font-smoothing: antialiased;\\n            -moz-osx-font-smoothing: grayscale;\\n        }\\n\\n        body {\\n            font-fa — retrying in 8529ms",
    "meta": {},
    "company": null
  },
  {
    "id": 1777888204361.9436,
    "ts": "2026-05-04T09:50:04.361Z",
    "level": "warn",
    "message": "[Customer:Mataji Mills] attempt 1/5 failed (429) — HTTP 429: \"<!DOCTYPE html>\\n<html lang=\\\"en\\\">\\n\\n<head>\\n    <meta charset=\\\"utf-8\\\">\\n    <title>Daily Usage Limit Reached</title>\\n    <style>\\n        html {\\n            -webkit-font-smoothing: antialiased;\\n            -moz-osx-font-smoothing: grayscale;\\n        }\\n\\n        body {\\n            font-fa — retrying in 9296ms",
    "meta": {},
    "company": null
  },
  {
    "id": 1777888204353.715,
    "ts": "2026-05-04T09:50:04.353Z",
    "level": "warn",
    "message": "[Customer:Masculine] attempt 1/5 failed (429) — HTTP 429: \"<!DOCTYPE html>\\n<html lang=\\\"en\\\">\\n\\n<head>\\n    <meta charset=\\\"utf-8\\\">\\n    <title>Daily Usage Limit Reached</title>\\n    <style>\\n        html {\\n            -webkit-font-smoothing: antialiased;\\n            -moz-osx-font-smoothing: grayscale;\\n        }\\n\\n        body {\\n            font-fa — retrying in 8997ms",
    "meta": {},
    "company": null
  },
  {
    "id": 1777888204341.409,
    "ts": "2026-05-04T09:50:04.341Z",
    "level": "warn",
    "message": "[Customer:Mascom Electronics Pvt. Ltd.] attempt 1/5 failed (429) — HTTP 429: \"<!DOCTYPE html>\\n<html lang=\\\"en\\\">\\n\\n<head>\\n    <meta charset=\\\"utf-8\\\">\\n    <title>Daily Usage Limit Reached</title>\\n    <style>\\n        html {\\n            -webkit-font-smoothing: antialiased;\\n            -moz-osx-font-smoothing: grayscale;\\n        }\\n\\n        body {\\n            font-fa — retrying in 8906ms",
    "meta": {},
    "company": null
  },
  {
    "id": 1777888204333.1365,
    "ts": "2026-05-04T09:50:04.333Z",
    "level": "warn",
    "message": "[Customer:Mataji Enterprises] attempt 1/5 failed (429) — HTTP 429: \"<!DOCTYPE html>\\n<html lang=\\\"en\\\">\\n\\n<head>\\n    <meta charset=\\\"utf-8\\\">\\n    <title>Daily Usage Limit Reached</title>\\n    <style>\\n        html {\\n            -webkit-font-smoothing: antialiased;\\n            -moz-osx-font-smoothing: grayscale;\\n        }\\n\\n        body {\\n            font-fa — retrying in 8550ms",
    "meta": {},
    "company": null
  },
  {
    "id": 1777888204325.268,
    "ts": "2026-05-04T09:50:04.325Z",
    "level": "warn",
    "message": "[Customer:Massimo] attempt 1/5 failed (429) — HTTP 429: \"<!DOCTYPE html>\\n<html lang=\\\"en\\\">\\n\\n<head>\\n    <meta charset=\\\"utf-8\\\">\\n    <title>Daily Usage Limit Reached</title>\\n    <style>\\n        html {\\n            -webkit-font-smoothing: antialiased;\\n            -moz-osx-font-smoothing: grayscale;\\n        }\\n\\n        body {\\n            font-fa — retrying in 8867ms",
    "meta": {},
    "company": null
  },
  {
    "id": 1777888158248.7854,
    "ts": "2026-05-04T09:49:18.248Z",
    "level": "warn",
    "message": "[Customer:Masala King Exports Trading Pvt. Ltd.] attempt 5/5 failed (429) — HTTP 429: \"<!DOCTYPE html>\\n<html lang=\\\"en\\\">\\n\\n<head>\\n    <meta charset=\\\"utf-8\\\">\\n    <title>Daily Usage Limit Reached</title>\\n    <style>\\n        html {\\n            -webkit-font-smoothing: antialiased;\\n            -moz-osx-font-smoothing: grayscale;\\n        }\\n\\n        body {\\n            font-fa — retrying in 30322ms",
    "meta": {},
    "company": null
  },
  {
    "id": 1777888158077.2947,
    "ts": "2026-05-04T09:49:18.077Z",
    "level": "warn",
    "message": "[Customer:Maruti Trading Company] attempt 5/5 failed (429) — HTTP 429: \"<!DOCTYPE html>\\n<html lang=\\\"en\\\">\\n\\n<head>\\n    <meta charset=\\\"utf-8\\\">\\n    <title>Daily Usage Limit Reached</title>\\n    <style>\\n        html {\\n            -webkit-font-smoothing: antialiased;\\n            -moz-osx-font-smoothing: grayscale;\\n        }\\n\\n        body {\\n            font-fa — retrying in 30862ms",
    "meta": {},
    "company": null
  },
  {
    "id": 1777888157134.3582,
    "ts": "2026-05-04T09:49:17.134Z",
    "level": "warn",
    "message": "[Customer:Marwadi Sammelan?s] attempt 5/5 failed (429) — HTTP 429: \"<!DOCTYPE html>\\n<html lang=\\\"en\\\">\\n\\n<head>\\n    <meta charset=\\\"utf-8\\\">\\n    <title>Daily Usage Limit Reached</title>\\n    <style>\\n        html {\\n            -webkit-font-smoothing: antialiased;\\n            -moz-osx-font-smoothing: grayscale;\\n        }\\n\\n        body {\\n            font-fa — retrying in 31044ms",
    "meta": {},
    "company": null
  },
  {
    "id": 1777888156584.7368,
    "ts": "2026-05-04T09:49:16.584Z",
    "level": "warn",
    "message": "[Customer:Masco Bags] attempt 5/5 failed (429) — HTTP 429: \"<!DOCTYPE html>\\n<html lang=\\\"en\\\">\\n\\n<head>\\n    <meta charset=\\\"utf-8\\\">\\n    <title>Daily Usage Limit Reached</title>\\n    <style>\\n        html {\\n            -webkit-font-smoothing: antialiased;\\n            -moz-osx-font-smoothing: grayscale;\\n        }\\n\\n        body {\\n            font-fa — retrying in 30533ms",
    "meta": {},
    "company": null
  },
  {
    "id": 1777888156307.2612,
    "ts": "2026-05-04T09:49:16.307Z",
    "level": "warn",
    "message": "[Customer:Marwadi Shares and Finance Limited] attempt 5/5 failed (429) — HTTP 429: \"<!DOCTYPE html>\\n<html lang=\\\"en\\\">\\n\\n<head>\\n    <meta charset=\\\"utf-8\\\">\\n    <title>Daily Usage Limit Reached</title>\\n    <style>\\n        html {\\n            -webkit-font-smoothing: antialiased;\\n            -moz-osx-font-smoothing: grayscale;\\n        }\\n\\n        body {\\n            font-fa — retrying in 31304ms",
    "meta": {},
    "company": null
  },
  {
    "id": 1777888155937.851,
    "ts": "2026-05-04T09:49:15.937Z",
    "level": "warn",
    "message": "[Customer:Marvel Gloves Industries] attempt 5/5 failed (429) — HTTP 429: \"<!DOCTYPE html>\\n<html lang=\\\"en\\\">\\n\\n<head>\\n    <meta charset=\\\"utf-8\\\">\\n    <title>Daily Usage Limit Reached</title>\\n    <style>\\n        html {\\n            -webkit-font-smoothing: antialiased;\\n            -moz-osx-font-smoothing: grayscale;\\n        }\\n\\n        body {\\n            font-fa — retrying in 30258ms",
    "meta": {},
    "company": null
  },
  {
    "id": 1777888155715.0408,
    "ts": "2026-05-04T09:49:15.715Z",
    "level": "warn",
    "message": "[Customer:Marwa Manpreet Kaur] attempt 5/5 failed (429) — HTTP 429: \"<!DOCTYPE html>\\n<html lang=\\\"en\\\">\\n\\n<head>\\n    <meta charset=\\\"utf-8\\\">\\n    <title>Daily Usage Limit Reached</title>\\n    <style>\\n        html {\\n            -webkit-font-smoothing: antialiased;\\n            -moz-osx-font-smoothing: grayscale;\\n        }\\n\\n        body {\\n            font-fa — retrying in 30974ms",
    "meta": {},
    "company": null
  },
  {
    "id": 1777888155270.3596,
    "ts": "2026-05-04T09:49:15.270Z",
    "level": "warn",
    "message": "[Customer:Maruti Wires & Cable Industries] attempt 5/5 failed (429) — HTTP 429: \"<!DOCTYPE html>\\n<html lang=\\\"en\\\">\\n\\n<head>\\n    <meta charset=\\\"utf-8\\\">\\n    <title>Daily Usage Limit Reached</title>\\n    <style>\\n        html {\\n            -webkit-font-smoothing: antialiased;\\n            -moz-osx-font-smoothing: grayscale;\\n        }\\n\\n        body {\\n            font-fa — retrying in 30998ms",
    "meta": {},
    "company": null
  },
  {
    "id": 1777888127455.1045,
    "ts": "2026-05-04T09:48:47.455Z",
    "level": "warn",
    "message": "[Customer:Maruti Trading Company] attempt 4/5 failed (429) — HTTP 429: \"<!DOCTYPE html>\\n<html lang=\\\"en\\\">\\n\\n<head>\\n    <meta charset=\\\"utf-8\\\">\\n    <title>Daily Usage Limit Reached</title>\\n    <style>\\n        html {\\n            -webkit-font-smoothing: antialiased;\\n            -moz-osx-font-smoothing: grayscale;\\n        }\\n\\n        body {\\n            font-fa — retrying in 30595ms",
    "meta": {},
    "company": null
  },
  {
    "id": 1777888127420.7156,
    "ts": "2026-05-04T09:48:47.420Z",
    "level": "warn",
    "message": "[Customer:Masala King Exports Trading Pvt. Ltd.] attempt 4/5 failed (429) — HTTP 429: \"<!DOCTYPE html>\\n<html lang=\\\"en\\\">\\n\\n<head>\\n    <meta charset=\\\"utf-8\\\">\\n    <title>Daily Usage Limit Reached</title>\\n    <style>\\n        html {\\n            -webkit-font-smoothing: antialiased;\\n            -moz-osx-font-smoothing: grayscale;\\n        }\\n\\n        body {\\n            font-fa — retrying in 30790ms",
    "meta": {},
    "company": null
  },
  {
    "id": 1777888126124.8794,
    "ts": "2026-05-04T09:48:46.124Z",
    "level": "warn",
    "message": "[Customer:Marwadi Shares and Finance Limited] attempt 4/5 failed (429) — HTTP 429: \"<!DOCTYPE html>\\n<html lang=\\\"en\\\">\\n\\n<head>\\n    <meta charset=\\\"utf-8\\\">\\n    <title>Daily Usage Limit Reached</title>\\n    <style>\\n        html {\\n            -webkit-font-smoothing: antialiased;\\n            -moz-osx-font-smoothing: grayscale;\\n        }\\n\\n        body {\\n            font-fa — retrying in 30153ms",
    "meta": {},
    "company": null
  },
  {
    "id": 1777888126074.3696,
    "ts": "2026-05-04T09:48:46.074Z",
    "level": "warn",
    "message": "[Customer:Marwadi Sammelan?s] attempt 4/5 failed (429) — HTTP 429: \"<!DOCTYPE html>\\n<html lang=\\\"en\\\">\\n\\n<head>\\n    <meta charset=\\\"utf-8\\\">\\n    <title>Daily Usage Limit Reached</title>\\n    <style>\\n        html {\\n            -webkit-font-smoothing: antialiased;\\n            -moz-osx-font-smoothing: grayscale;\\n        }\\n\\n        body {\\n            font-fa — retrying in 31024ms",
    "meta": {},
    "company": null
  },
  {
    "id": 1777888125556.5276,
    "ts": "2026-05-04T09:48:45.556Z",
    "level": "warn",
    "message": "[Customer:Marwa Manpreet Kaur] attempt 4/5 failed (429) — HTTP 429: \"<!DOCTYPE html>\\n<html lang=\\\"en\\\">\\n\\n<head>\\n    <meta charset=\\\"utf-8\\\">\\n    <title>Daily Usage Limit Reached</title>\\n    <style>\\n        html {\\n            -webkit-font-smoothing: antialiased;\\n            -moz-osx-font-smoothing: grayscale;\\n        }\\n\\n        body {\\n            font-fa — retrying in 30119ms",
    "meta": {},
    "company": null
  },
  {
    "id": 1777888125425.4243,
    "ts": "2026-05-04T09:48:45.425Z",
    "level": "warn",
    "message": "[Customer:Marvel Gloves Industries] attempt 4/5 failed (429) — HTTP 429: \"<!DOCTYPE html>\\n<html lang=\\\"en\\\">\\n\\n<head>\\n    <meta charset=\\\"utf-8\\\">\\n    <title>Daily Usage Limit Reached</title>\\n    <style>\\n        html {\\n            -webkit-font-smoothing: antialiased;\\n            -moz-osx-font-smoothing: grayscale;\\n        }\\n\\n        body {\\n            font-fa — retrying in 30475ms",
    "meta": {},
    "company": null
  },
  {
    "id": 1777888125103.431,
    "ts": "2026-05-04T09:48:45.103Z",
    "level": "warn",
    "message": "[Customer:Masco Bags] attempt 4/5 failed (429) — HTTP 429: \"<!DOCTYPE html>\\n<html lang=\\\"en\\\">\\n\\n<head>\\n    <meta charset=\\\"utf-8\\\">\\n    <title>Daily Usage Limit Reached</title>\\n    <style>\\n        html {\\n            -webkit-font-smoothing: antialiased;\\n            -moz-osx-font-smoothing: grayscale;\\n        }\\n\\n        body {\\n            font-fa — retrying in 31441ms",
    "meta": {},
    "company": null
  },
  {
    "id": 1777888124935.2542,
    "ts": "2026-05-04T09:48:44.935Z",
    "level": "warn",
    "message": "[Customer:Maruti Wires & Cable Industries] attempt 4/5 failed (429) — HTTP 429: \"<!DOCTYPE html>\\n<html lang=\\\"en\\\">\\n\\n<head>\\n    <meta charset=\\\"utf-8\\\">\\n    <title>Daily Usage Limit Reached</title>\\n    <style>\\n        html {\\n            -webkit-font-smoothing: antialiased;\\n            -moz-osx-font-smoothing: grayscale;\\n        }\\n\\n        body {\\n            font-fa — retrying in 30241ms",
    "meta": {},
    "company": null
  },
  {
    "id": 1777888096953.8235,
    "ts": "2026-05-04T09:48:16.953Z",
    "level": "warn",
    "message": "[Customer:Masala King Exports Trading Pvt. Ltd.] attempt 3/5 failed (429) — HTTP 429: \"<!DOCTYPE html>\\n<html lang=\\\"en\\\">\\n\\n<head>\\n    <meta charset=\\\"utf-8\\\">\\n    <title>Daily Usage Limit Reached</title>\\n    <style>\\n        html {\\n            -webkit-font-smoothing: antialiased;\\n            -moz-osx-font-smoothing: grayscale;\\n        }\\n\\n        body {\\n            font-fa — retrying in 30302ms",
    "meta": {},
    "company": null
  },
  {
    "id": 1777888096641.2876,
    "ts": "2026-05-04T09:48:16.641Z",
    "level": "warn",
    "message": "[Customer:Maruti Trading Company] attempt 3/5 failed (429) — HTTP 429: \"<!DOCTYPE html>\\n<html lang=\\\"en\\\">\\n\\n<head>\\n    <meta charset=\\\"utf-8\\\">\\n    <title>Daily Usage Limit Reached</title>\\n    <style>\\n        html {\\n            -webkit-font-smoothing: antialiased;\\n            -moz-osx-font-smoothing: grayscale;\\n        }\\n\\n        body {\\n            font-fa — retrying in 30728ms",
    "meta": {},
    "company": null
  },
  {
    "id": 1777888095705.4946,
    "ts": "2026-05-04T09:48:15.705Z",
    "level": "warn",
    "message": "[Customer:Marwadi Shares and Finance Limited] attempt 3/5 failed (429) — HTTP 429: \"<!DOCTYPE html>\\n<html lang=\\\"en\\\">\\n\\n<head>\\n    <meta charset=\\\"utf-8\\\">\\n    <title>Daily Usage Limit Reached</title>\\n    <style>\\n        html {\\n            -webkit-font-smoothing: antialiased;\\n            -moz-osx-font-smoothing: grayscale;\\n        }\\n\\n        body {\\n            font-fa — retrying in 30381ms",
    "meta": {},
    "company": null
  },
  {
    "id": 1777888095404.4275,
    "ts": "2026-05-04T09:48:15.404Z",
    "level": "warn",
    "message": "[Customer:Marwa Manpreet Kaur] attempt 3/5 failed (429) — HTTP 429: \"<!DOCTYPE html>\\n<html lang=\\\"en\\\">\\n\\n<head>\\n    <meta charset=\\\"utf-8\\\">\\n    <title>Daily Usage Limit Reached</title>\\n    <style>\\n        html {\\n            -webkit-font-smoothing: antialiased;\\n            -moz-osx-font-smoothing: grayscale;\\n        }\\n\\n        body {\\n            font-fa — retrying in 30111ms",
    "meta": {},
    "company": null
  },
  {
    "id": 1777888095338.3044,
    "ts": "2026-05-04T09:48:15.338Z",
    "level": "warn",
    "message": "[Customer:Marwadi Sammelan?s] attempt 3/5 failed (429) — HTTP 429: \"<!DOCTYPE html>\\n<html lang=\\\"en\\\">\\n\\n<head>\\n    <meta charset=\\\"utf-8\\\">\\n    <title>Daily Usage Limit Reached</title>\\n    <style>\\n        html {\\n            -webkit-font-smoothing: antialiased;\\n            -moz-osx-font-smoothing: grayscale;\\n        }\\n\\n        body {\\n            font-fa — retrying in 30702ms",
    "meta": {},
    "company": null
  },
  {
    "id": 1777888094839.596,
    "ts": "2026-05-04T09:48:14.839Z",
    "level": "warn",
    "message": "[Customer:Masco Bags] attempt 3/5 failed (429) — HTTP 429: \"<!DOCTYPE html>\\n<html lang=\\\"en\\\">\\n\\n<head>\\n    <meta charset=\\\"utf-8\\\">\\n    <title>Daily Usage Limit Reached</title>\\n    <style>\\n        html {\\n            -webkit-font-smoothing: antialiased;\\n            -moz-osx-font-smoothing: grayscale;\\n        }\\n\\n        body {\\n            font-fa — retrying in 30222ms",
    "meta": {},
    "company": null
  },
  {
    "id": 1777888094698.5942,
    "ts": "2026-05-04T09:48:14.698Z",
    "level": "warn",
    "message": "[Customer:Marvel Gloves Industries] attempt 3/5 failed (429) — HTTP 429: \"<!DOCTYPE html>\\n<html lang=\\\"en\\\">\\n\\n<head>\\n    <meta charset=\\\"utf-8\\\">\\n    <title>Daily Usage Limit Reached</title>\\n    <style>\\n        html {\\n            -webkit-font-smoothing: antialiased;\\n            -moz-osx-font-smoothing: grayscale;\\n        }\\n\\n        body {\\n            font-fa — retrying in 30614ms",
    "meta": {},
    "company": null
  },
  {
    "id": 1777888094672.5203,
    "ts": "2026-05-04T09:48:14.672Z",
    "level": "warn",
    "message": "[Customer:Maruti Wires & Cable Industries] attempt 3/5 failed (429) — HTTP 429: \"<!DOCTYPE html>\\n<html lang=\\\"en\\\">\\n\\n<head>\\n    <meta charset=\\\"utf-8\\\">\\n    <title>Daily Usage Limit Reached</title>\\n    <style>\\n        html {\\n            -webkit-font-smoothing: antialiased;\\n            -moz-osx-font-smoothing: grayscale;\\n        }\\n\\n        body {\\n            font-fa — retrying in 30091ms",
    "meta": {},
    "company": null
  },
  {
    "id": 1777888079662.2039,
    "ts": "2026-05-04T09:47:59.662Z",
    "level": "warn",
    "message": "[Customer:Maruti Trading Company] attempt 2/5 failed (429) — HTTP 429: \"<!DOCTYPE html>\\n<html lang=\\\"en\\\">\\n\\n<head>\\n    <meta charset=\\\"utf-8\\\">\\n    <title>Daily Usage Limit Reached</title>\\n    <style>\\n        html {\\n            -webkit-font-smoothing: antialiased;\\n            -moz-osx-font-smoothing: grayscale;\\n        }\\n\\n        body {\\n            font-fa — retrying in 16933ms",
    "meta": {},
    "company": null
  },
  {
    "id": 1777888079579.657,
    "ts": "2026-05-04T09:47:59.579Z",
    "level": "warn",
    "message": "[Customer:Masala King Exports Trading Pvt. Ltd.] attempt 2/5 failed (429) — HTTP 429: \"<!DOCTYPE html>\\n<html lang=\\\"en\\\">\\n\\n<head>\\n    <meta charset=\\\"utf-8\\\">\\n    <title>Daily Usage Limit Reached</title>\\n    <style>\\n        html {\\n            -webkit-font-smoothing: antialiased;\\n            -moz-osx-font-smoothing: grayscale;\\n        }\\n\\n        body {\\n            font-fa — retrying in 17333ms",
    "meta": {},
    "company": null
  },
  {
    "id": 1777888078637.7905,
    "ts": "2026-05-04T09:47:58.637Z",
    "level": "warn",
    "message": "[Customer:Marvel Gloves Industries] attempt 2/5 failed (429) — HTTP 429: \"<!DOCTYPE html>\\n<html lang=\\\"en\\\">\\n\\n<head>\\n    <meta charset=\\\"utf-8\\\">\\n    <title>Daily Usage Limit Reached</title>\\n    <style>\\n        html {\\n            -webkit-font-smoothing: antialiased;\\n            -moz-osx-font-smoothing: grayscale;\\n        }\\n\\n        body {\\n            font-fa — retrying in 16026ms",
    "meta": {},
    "company": null
  },
  {
    "id": 1777888078551.1155,
    "ts": "2026-05-04T09:47:58.551Z",
    "level": "warn",
    "message": "[Customer:Marwadi Sammelan?s] attempt 2/5 failed (429) — HTTP 429: \"<!DOCTYPE html>\\n<html lang=\\\"en\\\">\\n\\n<head>\\n    <meta charset=\\\"utf-8\\\">\\n    <title>Daily Usage Limit Reached</title>\\n    <style>\\n        html {\\n            -webkit-font-smoothing: antialiased;\\n            -moz-osx-font-smoothing: grayscale;\\n        }\\n\\n        body {\\n            font-fa — retrying in 16752ms",
    "meta": {},
    "company": null
  },
  {
    "id": 1777888078485.6921,
    "ts": "2026-05-04T09:47:58.485Z",
    "level": "warn",
    "message": "[Customer:Masco Bags] attempt 2/5 failed (429) — HTTP 429: \"<!DOCTYPE html>\\n<html lang=\\\"en\\\">\\n\\n<head>\\n    <meta charset=\\\"utf-8\\\">\\n    <title>Daily Usage Limit Reached</title>\\n    <style>\\n        html {\\n            -webkit-font-smoothing: antialiased;\\n            -moz-osx-font-smoothing: grayscale;\\n        }\\n\\n        body {\\n            font-fa — retrying in 16318ms",
    "meta": {},
    "company": null
  },
  {
    "id": 1777888078313.2266,
    "ts": "2026-05-04T09:47:58.313Z",
    "level": "warn",
    "message": "[Customer:Marwa Manpreet Kaur] attempt 2/5 failed (429) — HTTP 429: \"<!DOCTYPE html>\\n<html lang=\\\"en\\\">\\n\\n<head>\\n    <meta charset=\\\"utf-8\\\">\\n    <title>Daily Usage Limit Reached</title>\\n    <style>\\n        html {\\n            -webkit-font-smoothing: antialiased;\\n            -moz-osx-font-smoothing: grayscale;\\n        }\\n\\n        body {\\n            font-fa — retrying in 17049ms",
    "meta": {},
    "company": null
  },
  {
    "id": 1777888078250.1135,
    "ts": "2026-05-04T09:47:58.250Z",
    "level": "warn",
    "message": "[Customer:Marwadi Shares and Finance Limited] attempt 2/5 failed (429) — HTTP 429: \"<!DOCTYPE html>\\n<html lang=\\\"en\\\">\\n\\n<head>\\n    <meta charset=\\\"utf-8\\\">\\n    <title>Daily Usage Limit Reached</title>\\n    <style>\\n        html {\\n            -webkit-font-smoothing: antialiased;\\n            -moz-osx-font-smoothing: grayscale;\\n        }\\n\\n        body {\\n            font-fa — retrying in 17408ms",
    "meta": {},
    "company": null
  },
  {
    "id": 1777888078240.5713,
    "ts": "2026-05-04T09:47:58.240Z",
    "level": "warn",
    "message": "[Customer:Maruti Wires & Cable Industries] attempt 2/5 failed (429) — HTTP 429: \"<!DOCTYPE html>\\n<html lang=\\\"en\\\">\\n\\n<head>\\n    <meta charset=\\\"utf-8\\\">\\n    <title>Daily Usage Limit Reached</title>\\n    <style>\\n        html {\\n            -webkit-font-smoothing: antialiased;\\n            -moz-osx-font-smoothing: grayscale;\\n        }\\n\\n        body {\\n            font-fa — retrying in 16362ms",
    "meta": {},
    "company": null
  },
  {
    "id": 1777888070151.4395,
    "ts": "2026-05-04T09:47:50.151Z",
    "level": "warn",
    "message": "[Customer:Marwadi Shares and Finance Limited] attempt 1/5 failed (429) — HTTP 429: \"<!DOCTYPE html>\\n<html lang=\\\"en\\\">\\n\\n<head>\\n    <meta charset=\\\"utf-8\\\">\\n    <title>Daily Usage Limit Reached</title>\\n    <style>\\n        html {\\n            -webkit-font-smoothing: antialiased;\\n            -moz-osx-font-smoothing: grayscale;\\n        }\\n\\n        body {\\n            font-fa — retrying in 8045ms",
    "meta": {},
    "company": null
  },
  {
    "id": 1777888070142.393,
    "ts": "2026-05-04T09:47:50.142Z",
    "level": "warn",
    "message": "[Customer:Maruti Trading Company] attempt 1/5 failed (429) — HTTP 429: \"<!DOCTYPE html>\\n<html lang=\\\"en\\\">\\n\\n<head>\\n    <meta charset=\\\"utf-8\\\">\\n    <title>Daily Usage Limit Reached</title>\\n    <style>\\n        html {\\n            -webkit-font-smoothing: antialiased;\\n            -moz-osx-font-smoothing: grayscale;\\n        }\\n\\n        body {\\n            font-fa — retrying in 9479ms",
    "meta": {},
    "company": null
  },
  {
    "id": 1777888070134.6467,
    "ts": "2026-05-04T09:47:50.134Z",
    "level": "warn",
    "message": "[Customer:Masco Bags] attempt 1/5 failed (429) — HTTP 429: \"<!DOCTYPE html>\\n<html lang=\\\"en\\\">\\n\\n<head>\\n    <meta charset=\\\"utf-8\\\">\\n    <title>Daily Usage Limit Reached</title>\\n    <style>\\n        html {\\n            -webkit-font-smoothing: antialiased;\\n            -moz-osx-font-smoothing: grayscale;\\n        }\\n\\n        body {\\n            font-fa — retrying in 8301ms",
    "meta": {},
    "company": null
  },
  {
    "id": 1777888070124.0818,
    "ts": "2026-05-04T09:47:50.124Z",
    "level": "warn",
    "message": "[Customer:Marwa Manpreet Kaur] attempt 1/5 failed (429) — HTTP 429: \"<!DOCTYPE html>\\n<html lang=\\\"en\\\">\\n\\n<head>\\n    <meta charset=\\\"utf-8\\\">\\n    <title>Daily Usage Limit Reached</title>\\n    <style>\\n        html {\\n            -webkit-font-smoothing: antialiased;\\n            -moz-osx-font-smoothing: grayscale;\\n        }\\n\\n        body {\\n            font-fa — retrying in 8160ms",
    "meta": {},
    "company": null
  },
  {
    "id": 1777888070117.012,
    "ts": "2026-05-04T09:47:50.117Z",
    "level": "warn",
    "message": "[Customer:Masala King Exports Trading Pvt. Ltd.] attempt 1/5 failed (429) — HTTP 429: \"<!DOCTYPE html>\\n<html lang=\\\"en\\\">\\n\\n<head>\\n    <meta charset=\\\"utf-8\\\">\\n    <title>Daily Usage Limit Reached</title>\\n    <style>\\n        html {\\n            -webkit-font-smoothing: antialiased;\\n            -moz-osx-font-smoothing: grayscale;\\n        }\\n\\n        body {\\n            font-fa — retrying in 9420ms",
    "meta": {},
    "company": null
  },
  {
    "id": 1777888070104.5723,
    "ts": "2026-05-04T09:47:50.104Z",
    "level": "warn",
    "message": "[Customer:Maruti Wires & Cable Industries] attempt 1/5 failed (429) — HTTP 429: \"<!DOCTYPE html>\\n<html lang=\\\"en\\\">\\n\\n<head>\\n    <meta charset=\\\"utf-8\\\">\\n    <title>Daily Usage Limit Reached</title>\\n    <style>\\n        html {\\n            -webkit-font-smoothing: antialiased;\\n            -moz-osx-font-smoothing: grayscale;\\n        }\\n\\n        body {\\n            font-fa — retrying in 8022ms",
    "meta": {},
    "company": null
  },
  {
    "id": 1777888070096.5125,
    "ts": "2026-05-04T09:47:50.096Z",
    "level": "warn",
    "message": "[Customer:Marvel Gloves Industries] attempt 1/5 failed (429) — HTTP 429: \"<!DOCTYPE html>\\n<html lang=\\\"en\\\">\\n\\n<head>\\n    <meta charset=\\\"utf-8\\\">\\n    <title>Daily Usage Limit Reached</title>\\n    <style>\\n        html {\\n            -webkit-font-smoothing: antialiased;\\n            -moz-osx-font-smoothing: grayscale;\\n        }\\n\\n        body {\\n            font-fa — retrying in 8498ms",
    "meta": {},
    "company": null
  },
  {
    "id": 1777888070076.7708,
    "ts": "2026-05-04T09:47:50.076Z",
    "level": "warn",
    "message": "[Customer:Marwadi Sammelan?s] attempt 1/5 failed (429) — HTTP 429: \"<!DOCTYPE html>\\n<html lang=\\\"en\\\">\\n\\n<head>\\n    <meta charset=\\\"utf-8\\\">\\n    <title>Daily Usage Limit Reached</title>\\n    <style>\\n        html {\\n            -webkit-font-smoothing: antialiased;\\n            -moz-osx-font-smoothing: grayscale;\\n        }\\n\\n        body {\\n            font-fa — retrying in 8428ms",
    "meta": {},
    "company": null
  },
  {
    "id": 1777888023577.3596,
    "ts": "2026-05-04T09:47:03.577Z",
    "level": "warn",
    "message": "[Customer:Maruti Pipe And Tubes] attempt 5/5 failed (429) — HTTP 429: \"<!DOCTYPE html>\\n<html lang=\\\"en\\\">\\n\\n<head>\\n    <meta charset=\\\"utf-8\\\">\\n    <title>Daily Usage Limit Reached</title>\\n    <style>\\n        html {\\n            -webkit-font-smoothing: antialiased;\\n            -moz-osx-font-smoothing: grayscale;\\n        }\\n\\n        body {\\n            font-fa — retrying in 31076ms",
    "meta": {},
    "company": null
  },
  {
    "id": 1777888022324.7844,
    "ts": "2026-05-04T09:47:02.324Z",
    "level": "warn",
    "message": "[Customer:Maruti Traders] attempt 5/5 failed (429) — HTTP 429: \"<!DOCTYPE html>\\n<html lang=\\\"en\\\">\\n\\n<head>\\n    <meta charset=\\\"utf-8\\\">\\n    <title>Daily Usage Limit Reached</title>\\n    <style>\\n        html {\\n            -webkit-font-smoothing: antialiased;\\n            -moz-osx-font-smoothing: grayscale;\\n        }\\n\\n        body {\\n            font-fa — retrying in 30873ms",
    "meta": {},
    "company": null
  },
  {
    "id": 1777888022175.7764,
    "ts": "2026-05-04T09:47:02.175Z",
    "level": "warn",
    "message": "[Customer:Maruti Steels India.] attempt 5/5 failed (429) — HTTP 429: \"<!DOCTYPE html>\\n<html lang=\\\"en\\\">\\n\\n<head>\\n    <meta charset=\\\"utf-8\\\">\\n    <title>Daily Usage Limit Reached</title>\\n    <style>\\n        html {\\n            -webkit-font-smoothing: antialiased;\\n            -moz-osx-font-smoothing: grayscale;\\n        }\\n\\n        body {\\n            font-fa — retrying in 30415ms",
    "meta": {},
    "company": null
  },
  {
    "id": 1777888022066.4521,
    "ts": "2026-05-04T09:47:02.066Z",
    "level": "warn",
    "message": "[Customer:Maruti Metal Industries] attempt 5/5 failed (429) — HTTP 429: \"<!DOCTYPE html>\\n<html lang=\\\"en\\\">\\n\\n<head>\\n    <meta charset=\\\"utf-8\\\">\\n    <title>Daily Usage Limit Reached</title>\\n    <style>\\n        html {\\n            -webkit-font-smoothing: antialiased;\\n            -moz-osx-font-smoothing: grayscale;\\n        }\\n\\n        body {\\n            font-fa — retrying in 31213ms",
    "meta": {},
    "company": null
  },
  {
    "id": 1777888021965.5781,
    "ts": "2026-05-04T09:47:01.965Z",
    "level": "warn",
    "message": "[Customer:Maruti Trading Co] attempt 5/5 failed (429) — HTTP 429: \"<!DOCTYPE html>\\n<html lang=\\\"en\\\">\\n\\n<head>\\n    <meta charset=\\\"utf-8\\\">\\n    <title>Daily Usage Limit Reached</title>\\n    <style>\\n        html {\\n            -webkit-font-smoothing: antialiased;\\n            -moz-osx-font-smoothing: grayscale;\\n        }\\n\\n        body {\\n            font-fa — retrying in 31435ms",
    "meta": {},
    "company": null
  },
  {
    "id": 1777888021908.2024,
    "ts": "2026-05-04T09:47:01.908Z",
    "level": "warn",
    "message": "[Customer:Maruti Marble] attempt 5/5 failed (429) — HTTP 429: \"<!DOCTYPE html>\\n<html lang=\\\"en\\\">\\n\\n<head>\\n    <meta charset=\\\"utf-8\\\">\\n    <title>Daily Usage Limit Reached</title>\\n    <style>\\n        html {\\n            -webkit-font-smoothing: antialiased;\\n            -moz-osx-font-smoothing: grayscale;\\n        }\\n\\n        body {\\n            font-fa — retrying in 30918ms",
    "meta": {},
    "company": null
  },
  {
    "id": 1777888021042.727,
    "ts": "2026-05-04T09:47:01.042Z",
    "level": "warn",
    "message": "[Customer:Maruti Steels (India)Mumbai] attempt 5/5 failed (429) — HTTP 429: \"<!DOCTYPE html>\\n<html lang=\\\"en\\\">\\n\\n<head>\\n    <meta charset=\\\"utf-8\\\">\\n    <title>Daily Usage Limit Reached</title>\\n    <style>\\n        html {\\n            -webkit-font-smoothing: antialiased;\\n            -moz-osx-font-smoothing: grayscale;\\n        }\\n\\n        body {\\n            font-fa — retrying in 31363ms",
    "meta": {},
    "company": null
  },
  {
    "id": 1777888021035.6516,
    "ts": "2026-05-04T09:47:01.035Z",
    "level": "warn",
    "message": "[Customer:Maruti Trader] attempt 5/5 failed (429) — HTTP 429: \"<!DOCTYPE html>\\n<html lang=\\\"en\\\">\\n\\n<head>\\n    <meta charset=\\\"utf-8\\\">\\n    <title>Daily Usage Limit Reached</title>\\n    <style>\\n        html {\\n            -webkit-font-smoothing: antialiased;\\n            -moz-osx-font-smoothing: grayscale;\\n        }\\n\\n        body {\\n            font-fa — retrying in 30272ms",
    "meta": {},
    "company": null
  },
  {
    "id": 1777887992375.3628,
    "ts": "2026-05-04T09:46:32.375Z",
    "level": "warn",
    "message": "[Customer:Maruti Pipe And Tubes] attempt 4/5 failed (429) — HTTP 429: \"<!DOCTYPE html>\\n<html lang=\\\"en\\\">\\n\\n<head>\\n    <meta charset=\\\"utf-8\\\">\\n    <title>Daily Usage Limit Reached</title>\\n    <style>\\n        html {\\n            -webkit-font-smoothing: antialiased;\\n            -moz-osx-font-smoothing: grayscale;\\n        }\\n\\n        body {\\n            font-fa — retrying in 31168ms",
    "meta": {},
    "company": null
  },
  {
    "id": 1777887991679.5415,
    "ts": "2026-05-04T09:46:31.679Z",
    "level": "warn",
    "message": "[Customer:Maruti Trading Co] attempt 4/5 failed (429) — HTTP 429: \"<!DOCTYPE html>\\n<html lang=\\\"en\\\">\\n\\n<head>\\n    <meta charset=\\\"utf-8\\\">\\n    <title>Daily Usage Limit Reached</title>\\n    <style>\\n        html {\\n            -webkit-font-smoothing: antialiased;\\n            -moz-osx-font-smoothing: grayscale;\\n        }\\n\\n        body {\\n            font-fa — retrying in 30233ms",
    "meta": {},
    "company": null
  },
  {
    "id": 1777887991586.7964,
    "ts": "2026-05-04T09:46:31.586Z",
    "level": "warn",
    "message": "[Customer:Maruti Traders] attempt 4/5 failed (429) — HTTP 429: \"<!DOCTYPE html>\\n<html lang=\\\"en\\\">\\n\\n<head>\\n    <meta charset=\\\"utf-8\\\">\\n    <title>Daily Usage Limit Reached</title>\\n    <style>\\n        html {\\n            -webkit-font-smoothing: antialiased;\\n            -moz-osx-font-smoothing: grayscale;\\n        }\\n\\n        body {\\n            font-fa — retrying in 30700ms",
    "meta": {},
    "company": null
  },
  {
    "id": 1777887991270.792,
    "ts": "2026-05-04T09:46:31.270Z",
    "level": "warn",
    "message": "[Customer:Maruti Marble] attempt 4/5 failed (429) — HTTP 429: \"<!DOCTYPE html>\\n<html lang=\\\"en\\\">\\n\\n<head>\\n    <meta charset=\\\"utf-8\\\">\\n    <title>Daily Usage Limit Reached</title>\\n    <style>\\n        html {\\n            -webkit-font-smoothing: antialiased;\\n            -moz-osx-font-smoothing: grayscale;\\n        }\\n\\n        body {\\n            font-fa — retrying in 30607ms",
    "meta": {},
    "company": null
  },
  {
    "id": 1777887991152.0283,
    "ts": "2026-05-04T09:46:31.152Z",
    "level": "warn",
    "message": "[Customer:Maruti Metal Industries] attempt 4/5 failed (429) — HTTP 429: \"<!DOCTYPE html>\\n<html lang=\\\"en\\\">\\n\\n<head>\\n    <meta charset=\\\"utf-8\\\">\\n    <title>Daily Usage Limit Reached</title>\\n    <style>\\n        html {\\n            -webkit-font-smoothing: antialiased;\\n            -moz-osx-font-smoothing: grayscale;\\n        }\\n\\n        body {\\n            font-fa — retrying in 30875ms",
    "meta": {},
    "company": null
  },
  {
    "id": 1777887991143.714,
    "ts": "2026-05-04T09:46:31.143Z",
    "level": "warn",
    "message": "[Customer:Maruti Steels India.] attempt 4/5 failed (429) — HTTP 429: \"<!DOCTYPE html>\\n<html lang=\\\"en\\\">\\n\\n<head>\\n    <meta charset=\\\"utf-8\\\">\\n    <title>Daily Usage Limit Reached</title>\\n    <style>\\n        html {\\n            -webkit-font-smoothing: antialiased;\\n            -moz-osx-font-smoothing: grayscale;\\n        }\\n\\n        body {\\n            font-fa — retrying in 30985ms",
    "meta": {},
    "company": null
  },
  {
    "id": 1777887990861.5515,
    "ts": "2026-05-04T09:46:30.861Z",
    "level": "warn",
    "message": "[Customer:Maruti Trader] attempt 4/5 failed (429) — HTTP 429: \"<!DOCTYPE html>\\n<html lang=\\\"en\\\">\\n\\n<head>\\n    <meta charset=\\\"utf-8\\\">\\n    <title>Daily Usage Limit Reached</title>\\n    <style>\\n        html {\\n            -webkit-font-smoothing: antialiased;\\n            -moz-osx-font-smoothing: grayscale;\\n        }\\n\\n        body {\\n            font-fa — retrying in 30075ms",
    "meta": {},
    "company": null
  },
  {
    "id": 1777887990452.3315,
    "ts": "2026-05-04T09:46:30.452Z",
    "level": "warn",
    "message": "[Customer:Maruti Steels (India)Mumbai] attempt 4/5 failed (429) — HTTP 429: \"<!DOCTYPE html>\\n<html lang=\\\"en\\\">\\n\\n<head>\\n    <meta charset=\\\"utf-8\\\">\\n    <title>Daily Usage Limit Reached</title>\\n    <style>\\n        html {\\n            -webkit-font-smoothing: antialiased;\\n            -moz-osx-font-smoothing: grayscale;\\n        }\\n\\n        body {\\n            font-fa — retrying in 30510ms",
    "meta": {},
    "company": null
  },
  {
    "id": 1777887961408.4253,
    "ts": "2026-05-04T09:46:01.408Z",
    "level": "warn",
    "message": "[Customer:Maruti Pipe And Tubes] attempt 3/5 failed (429) — HTTP 429: \"<!DOCTYPE html>\\n<html lang=\\\"en\\\">\\n\\n<head>\\n    <meta charset=\\\"utf-8\\\">\\n    <title>Daily Usage Limit Reached</title>\\n    <style>\\n        html {\\n            -webkit-font-smoothing: antialiased;\\n            -moz-osx-font-smoothing: grayscale;\\n        }\\n\\n        body {\\n            font-fa — retrying in 30928ms",
    "meta": {},
    "company": null
  },
  {
    "id": 1777887960456.706,
    "ts": "2026-05-04T09:46:00.456Z",
    "level": "warn",
    "message": "[Customer:Maruti Marble] attempt 3/5 failed (429) — HTTP 429: \"<!DOCTYPE html>\\n<html lang=\\\"en\\\">\\n\\n<head>\\n    <meta charset=\\\"utf-8\\\">\\n    <title>Daily Usage Limit Reached</title>\\n    <style>\\n        html {\\n            -webkit-font-smoothing: antialiased;\\n            -moz-osx-font-smoothing: grayscale;\\n        }\\n\\n        body {\\n            font-fa — retrying in 30489ms",
    "meta": {},
    "company": null
  },
  {
    "id": 1777887960348.6445,
    "ts": "2026-05-04T09:46:00.348Z",
    "level": "warn",
    "message": "[Customer:Maruti Traders] attempt 3/5 failed (429) — HTTP 429: \"<!DOCTYPE html>\\n<html lang=\\\"en\\\">\\n\\n<head>\\n    <meta charset=\\\"utf-8\\\">\\n    <title>Daily Usage Limit Reached</title>\\n    <style>\\n        html {\\n            -webkit-font-smoothing: antialiased;\\n            -moz-osx-font-smoothing: grayscale;\\n        }\\n\\n        body {\\n            font-fa — retrying in 31132ms",
    "meta": {},
    "company": null
  },
  {
    "id": 1777887960333.5574,
    "ts": "2026-05-04T09:46:00.333Z",
    "level": "warn",
    "message": "[Customer:Maruti Steels India.] attempt 3/5 failed (429) — HTTP 429: \"<!DOCTYPE html>\\n<html lang=\\\"en\\\">\\n\\n<head>\\n    <meta charset=\\\"utf-8\\\">\\n    <title>Daily Usage Limit Reached</title>\\n    <style>\\n        html {\\n            -webkit-font-smoothing: antialiased;\\n            -moz-osx-font-smoothing: grayscale;\\n        }\\n\\n        body {\\n            font-fa — retrying in 30238ms",
    "meta": {},
    "company": null
  },
  {
    "id": 1777887960045.584,
    "ts": "2026-05-04T09:46:00.045Z",
    "level": "warn",
    "message": "[Customer:Maruti Trader] attempt 3/5 failed (429) — HTTP 429: \"<!DOCTYPE html>\\n<html lang=\\\"en\\\">\\n\\n<head>\\n    <meta charset=\\\"utf-8\\\">\\n    <title>Daily Usage Limit Reached</title>\\n    <style>\\n        html {\\n            -webkit-font-smoothing: antialiased;\\n            -moz-osx-font-smoothing: grayscale;\\n        }\\n\\n        body {\\n            font-fa — retrying in 30027ms",
    "meta": {},
    "company": null
  },
  {
    "id": 1777887960019.5688,
    "ts": "2026-05-04T09:46:00.019Z",
    "level": "warn",
    "message": "[Customer:Maruti Metal Industries] attempt 3/5 failed (429) — HTTP 429: \"<!DOCTYPE html>\\n<html lang=\\\"en\\\">\\n\\n<head>\\n    <meta charset=\\\"utf-8\\\">\\n    <title>Daily Usage Limit Reached</title>\\n    <style>\\n        html {\\n            -webkit-font-smoothing: antialiased;\\n            -moz-osx-font-smoothing: grayscale;\\n        }\\n\\n        body {\\n            font-fa — retrying in 30970ms",
    "meta": {},
    "company": null
  },
  {
    "id": 1777887959766.4932,
    "ts": "2026-05-04T09:45:59.766Z",
    "level": "warn",
    "message": "[Customer:Maruti Steels (India)Mumbai] attempt 3/5 failed (429) — HTTP 429: \"<!DOCTYPE html>\\n<html lang=\\\"en\\\">\\n\\n<head>\\n    <meta charset=\\\"utf-8\\\">\\n    <title>Daily Usage Limit Reached</title>\\n    <style>\\n        html {\\n            -webkit-font-smoothing: antialiased;\\n            -moz-osx-font-smoothing: grayscale;\\n        }\\n\\n        body {\\n            font-fa — retrying in 30102ms",
    "meta": {},
    "company": null
  },
  {
    "id": 1777887959737.9043,
    "ts": "2026-05-04T09:45:59.737Z",
    "level": "warn",
    "message": "[Customer:Maruti Trading Co] attempt 3/5 failed (429) — HTTP 429: \"<!DOCTYPE html>\\n<html lang=\\\"en\\\">\\n\\n<head>\\n    <meta charset=\\\"utf-8\\\">\\n    <title>Daily Usage Limit Reached</title>\\n    <style>\\n        html {\\n            -webkit-font-smoothing: antialiased;\\n            -moz-osx-font-smoothing: grayscale;\\n        }\\n\\n        body {\\n            font-fa — retrying in 31375ms",
    "meta": {},
    "company": null
  },
  {
    "id": 1777887944007.227,
    "ts": "2026-05-04T09:45:44.007Z",
    "level": "warn",
    "message": "[Customer:Maruti Pipe And Tubes] attempt 2/5 failed (429) — HTTP 429: \"<!DOCTYPE html>\\n<html lang=\\\"en\\\">\\n\\n<head>\\n    <meta charset=\\\"utf-8\\\">\\n    <title>Daily Usage Limit Reached</title>\\n    <style>\\n        html {\\n            -webkit-font-smoothing: antialiased;\\n            -moz-osx-font-smoothing: grayscale;\\n        }\\n\\n        body {\\n            font-fa — retrying in 17359ms",
    "meta": {},
    "company": null
  },
  {
    "id": 1777887943673.08,
    "ts": "2026-05-04T09:45:43.673Z",
    "level": "warn",
    "message": "[Customer:Maruti Metal Industries] attempt 2/5 failed (429) — HTTP 429: \"<!DOCTYPE html>\\n<html lang=\\\"en\\\">\\n\\n<head>\\n    <meta charset=\\\"utf-8\\\">\\n    <title>Daily Usage Limit Reached</title>\\n    <style>\\n        html {\\n            -webkit-font-smoothing: antialiased;\\n            -moz-osx-font-smoothing: grayscale;\\n        }\\n\\n        body {\\n            font-fa — retrying in 16306ms",
    "meta": {},
    "company": null
  },
  {
    "id": 1777887943554.9292,
    "ts": "2026-05-04T09:45:43.554Z",
    "level": "warn",
    "message": "[Customer:Maruti Steels India.] attempt 2/5 failed (429) — HTTP 429: \"<!DOCTYPE html>\\n<html lang=\\\"en\\\">\\n\\n<head>\\n    <meta charset=\\\"utf-8\\\">\\n    <title>Daily Usage Limit Reached</title>\\n    <style>\\n        html {\\n            -webkit-font-smoothing: antialiased;\\n            -moz-osx-font-smoothing: grayscale;\\n        }\\n\\n        body {\\n            font-fa — retrying in 16650ms",
    "meta": {},
    "company": null
  },
  {
    "id": 1777887943477.5913,
    "ts": "2026-05-04T09:45:43.477Z",
    "level": "warn",
    "message": "[Customer:Maruti Steels (India)Mumbai] attempt 2/5 failed (429) — HTTP 429: \"<!DOCTYPE html>\\n<html lang=\\\"en\\\">\\n\\n<head>\\n    <meta charset=\\\"utf-8\\\">\\n    <title>Daily Usage Limit Reached</title>\\n    <style>\\n        html {\\n            -webkit-font-smoothing: antialiased;\\n            -moz-osx-font-smoothing: grayscale;\\n        }\\n\\n        body {\\n            font-fa — retrying in 16223ms",
    "meta": {},
    "company": null
  },
  {
    "id": 1777887943228.0864,
    "ts": "2026-05-04T09:45:43.228Z",
    "level": "warn",
    "message": "[Customer:Maruti Marble] attempt 2/5 failed (429) — HTTP 429: \"<!DOCTYPE html>\\n<html lang=\\\"en\\\">\\n\\n<head>\\n    <meta charset=\\\"utf-8\\\">\\n    <title>Daily Usage Limit Reached</title>\\n    <style>\\n        html {\\n            -webkit-font-smoothing: antialiased;\\n            -moz-osx-font-smoothing: grayscale;\\n        }\\n\\n        body {\\n            font-fa — retrying in 17191ms",
    "meta": {},
    "company": null
  },
  {
    "id": 1777887942912.2937,
    "ts": "2026-05-04T09:45:42.912Z",
    "level": "warn",
    "message": "[Customer:Maruti Traders] attempt 2/5 failed (429) — HTTP 429: \"<!DOCTYPE html>\\n<html lang=\\\"en\\\">\\n\\n<head>\\n    <meta charset=\\\"utf-8\\\">\\n    <title>Daily Usage Limit Reached</title>\\n    <style>\\n        html {\\n            -webkit-font-smoothing: antialiased;\\n            -moz-osx-font-smoothing: grayscale;\\n        }\\n\\n        body {\\n            font-fa — retrying in 17391ms",
    "meta": {},
    "company": null
  },
  {
    "id": 1777887942823.3098,
    "ts": "2026-05-04T09:45:42.823Z",
    "level": "warn",
    "message": "[Customer:Maruti Trading Co] attempt 2/5 failed (429) — HTTP 429: \"<!DOCTYPE html>\\n<html lang=\\\"en\\\">\\n\\n<head>\\n    <meta charset=\\\"utf-8\\\">\\n    <title>Daily Usage Limit Reached</title>\\n    <style>\\n        html {\\n            -webkit-font-smoothing: antialiased;\\n            -moz-osx-font-smoothing: grayscale;\\n        }\\n\\n        body {\\n            font-fa — retrying in 16802ms",
    "meta": {},
    "company": null
  },
  {
    "id": 1777887942708.1326,
    "ts": "2026-05-04T09:45:42.708Z",
    "level": "warn",
    "message": "[Customer:Maruti Trader] attempt 2/5 failed (429) — HTTP 429: \"<!DOCTYPE html>\\n<html lang=\\\"en\\\">\\n\\n<head>\\n    <meta charset=\\\"utf-8\\\">\\n    <title>Daily Usage Limit Reached</title>\\n    <style>\\n        html {\\n            -webkit-font-smoothing: antialiased;\\n            -moz-osx-font-smoothing: grayscale;\\n        }\\n\\n        body {\\n            font-fa — retrying in 17306ms",
    "meta": {},
    "company": null
  },
  {
    "id": 1777887934747.2954,
    "ts": "2026-05-04T09:45:34.747Z",
    "level": "warn",
    "message": "[Customer:Maruti Traders] attempt 1/5 failed (429) — HTTP 429: \"<!DOCTYPE html>\\n<html lang=\\\"en\\\">\\n\\n<head>\\n    <meta charset=\\\"utf-8\\\">\\n    <title>Daily Usage Limit Reached</title>\\n    <style>\\n        html {\\n            -webkit-font-smoothing: antialiased;\\n            -moz-osx-font-smoothing: grayscale;\\n        }\\n\\n        body {\\n            font-fa — retrying in 8130ms",
    "meta": {},
    "company": null
  },
  {
    "id": 1777887934739.4998,
    "ts": "2026-05-04T09:45:34.739Z",
    "level": "warn",
    "message": "[Customer:Maruti Pipe And Tubes] attempt 1/5 failed (429) — HTTP 429: \"<!DOCTYPE html>\\n<html lang=\\\"en\\\">\\n\\n<head>\\n    <meta charset=\\\"utf-8\\\">\\n    <title>Daily Usage Limit Reached</title>\\n    <style>\\n        html {\\n            -webkit-font-smoothing: antialiased;\\n            -moz-osx-font-smoothing: grayscale;\\n        }\\n\\n        body {\\n            font-fa — retrying in 9235ms",
    "meta": {},
    "company": null
  },
  {
    "id": 1777887934730.7773,
    "ts": "2026-05-04T09:45:34.730Z",
    "level": "warn",
    "message": "[Customer:Maruti Metal Industries] attempt 1/5 failed (429) — HTTP 429: \"<!DOCTYPE html>\\n<html lang=\\\"en\\\">\\n\\n<head>\\n    <meta charset=\\\"utf-8\\\">\\n    <title>Daily Usage Limit Reached</title>\\n    <style>\\n        html {\\n            -webkit-font-smoothing: antialiased;\\n            -moz-osx-font-smoothing: grayscale;\\n        }\\n\\n        body {\\n            font-fa — retrying in 8901ms",
    "meta": {},
    "company": null
  },
  {
    "id": 1777887934722.32,
    "ts": "2026-05-04T09:45:34.722Z",
    "level": "warn",
    "message": "[Customer:Maruti Steels (India)Mumbai] attempt 1/5 failed (429) — HTTP 429: \"<!DOCTYPE html>\\n<html lang=\\\"en\\\">\\n\\n<head>\\n    <meta charset=\\\"utf-8\\\">\\n    <title>Daily Usage Limit Reached</title>\\n    <style>\\n        html {\\n            -webkit-font-smoothing: antialiased;\\n            -moz-osx-font-smoothing: grayscale;\\n        }\\n\\n        body {\\n            font-fa — retrying in 8708ms",
    "meta": {},
    "company": null
  },
  {
    "id": 1777887934714.9407,
    "ts": "2026-05-04T09:45:34.714Z",
    "level": "warn",
    "message": "[Customer:Maruti Trading Co] attempt 1/5 failed (429) — HTTP 429: \"<!DOCTYPE html>\\n<html lang=\\\"en\\\">\\n\\n<head>\\n    <meta charset=\\\"utf-8\\\">\\n    <title>Daily Usage Limit Reached</title>\\n    <style>\\n        html {\\n            -webkit-font-smoothing: antialiased;\\n            -moz-osx-font-smoothing: grayscale;\\n        }\\n\\n        body {\\n            font-fa — retrying in 8072ms",
    "meta": {},
    "company": null
  },
  {
    "id": 1777887934707.953,
    "ts": "2026-05-04T09:45:34.707Z",
    "level": "warn",
    "message": "[Customer:Maruti Marble] attempt 1/5 failed (429) — HTTP 429: \"<!DOCTYPE html>\\n<html lang=\\\"en\\\">\\n\\n<head>\\n    <meta charset=\\\"utf-8\\\">\\n    <title>Daily Usage Limit Reached</title>\\n    <style>\\n        html {\\n            -webkit-font-smoothing: antialiased;\\n            -moz-osx-font-smoothing: grayscale;\\n        }\\n\\n        body {\\n            font-fa — retrying in 8484ms",
    "meta": {},
    "company": null
  },
  {
    "id": 1777887934701.5745,
    "ts": "2026-05-04T09:45:34.701Z",
    "level": "warn",
    "message": "[Customer:Maruti Steels India.] attempt 1/5 failed (429) — HTTP 429: \"<!DOCTYPE html>\\n<html lang=\\\"en\\\">\\n\\n<head>\\n    <meta charset=\\\"utf-8\\\">\\n    <title>Daily Usage Limit Reached</title>\\n    <style>\\n        html {\\n            -webkit-font-smoothing: antialiased;\\n            -moz-osx-font-smoothing: grayscale;\\n        }\\n\\n        body {\\n            font-fa — retrying in 8813ms",
    "meta": {},
    "company": null
  },
  {
    "id": 1777887934438.877,
    "ts": "2026-05-04T09:45:34.438Z",
    "level": "warn",
    "message": "[Customer:Maruti Trader] attempt 1/5 failed (429) — HTTP 429: \"<!DOCTYPE html>\\n<html lang=\\\"en\\\">\\n\\n<head>\\n    <meta charset=\\\"utf-8\\\">\\n    <title>Daily Usage Limit Reached</title>\\n    <style>\\n        html {\\n            -webkit-font-smoothing: antialiased;\\n            -moz-osx-font-smoothing: grayscale;\\n        }\\n\\n        body {\\n            font-fa — retrying in 8160ms",
    "meta": {},
    "company": null
  },
  {
    "id": 1777887887496.6375,
    "ts": "2026-05-04T09:44:47.496Z",
    "level": "warn",
    "message": "[Customer:Maruti Enterprise(Andheri)] attempt 5/5 failed (429) — HTTP 429: \"<!DOCTYPE html>\\n<html lang=\\\"en\\\">\\n\\n<head>\\n    <meta charset=\\\"utf-8\\\">\\n    <title>Daily Usage Limit Reached</title>\\n    <style>\\n        html {\\n            -webkit-font-smoothing: antialiased;\\n            -moz-osx-font-smoothing: grayscale;\\n        }\\n\\n        body {\\n            font-fa — retrying in 30618ms",
    "meta": {},
    "company": null
  },
  {
    "id": 1777887887355.678,
    "ts": "2026-05-04T09:44:47.355Z",
    "level": "warn",
    "message": "[Customer:Maruti Circle Industries] attempt 5/5 failed (429) — HTTP 429: \"<!DOCTYPE html>\\n<html lang=\\\"en\\\">\\n\\n<head>\\n    <meta charset=\\\"utf-8\\\">\\n    <title>Daily Usage Limit Reached</title>\\n    <style>\\n        html {\\n            -webkit-font-smoothing: antialiased;\\n            -moz-osx-font-smoothing: grayscale;\\n        }\\n\\n        body {\\n            font-fa — retrying in 30297ms",
    "meta": {},
    "company": null
  },
  {
    "id": 1777887886765.2075,
    "ts": "2026-05-04T09:44:46.765Z",
    "level": "warn",
    "message": "[Customer:Maruf Enterprise] attempt 5/5 failed (429) — HTTP 429: \"<!DOCTYPE html>\\n<html lang=\\\"en\\\">\\n\\n<head>\\n    <meta charset=\\\"utf-8\\\">\\n    <title>Daily Usage Limit Reached</title>\\n    <style>\\n        html {\\n            -webkit-font-smoothing: antialiased;\\n            -moz-osx-font-smoothing: grayscale;\\n        }\\n\\n        body {\\n            font-fa — retrying in 30468ms",
    "meta": {},
    "company": null
  },
  {
    "id": 1777887886450.1272,
    "ts": "2026-05-04T09:44:46.450Z",
    "level": "warn",
    "message": "[Customer:Maruti Enterprises-Ch] attempt 5/5 failed (429) — HTTP 429: \"<!DOCTYPE html>\\n<html lang=\\\"en\\\">\\n\\n<head>\\n    <meta charset=\\\"utf-8\\\">\\n    <title>Daily Usage Limit Reached</title>\\n    <style>\\n        html {\\n            -webkit-font-smoothing: antialiased;\\n            -moz-osx-font-smoothing: grayscale;\\n        }\\n\\n        body {\\n            font-fa — retrying in 30138ms",
    "meta": {},
    "company": null
  },
  {
    "id": 1777887886115.991,
    "ts": "2026-05-04T09:44:46.115Z",
    "level": "warn",
    "message": "[Customer:Maruti Lift and Safe  Technique Pvt Ltd] attempt 5/5 failed (429) — HTTP 429: \"<!DOCTYPE html>\\n<html lang=\\\"en\\\">\\n\\n<head>\\n    <meta charset=\\\"utf-8\\\">\\n    <title>Daily Usage Limit Reached</title>\\n    <style>\\n        html {\\n            -webkit-font-smoothing: antialiased;\\n            -moz-osx-font-smoothing: grayscale;\\n        }\\n\\n        body {\\n            font-fa — retrying in 30835ms",
    "meta": {},
    "company": null
  },
  {
    "id": 1777887885768.9424,
    "ts": "2026-05-04T09:44:45.768Z",
    "level": "warn",
    "message": "[Customer:Maruti  Enterprise] attempt 5/5 failed (429) — HTTP 429: \"<!DOCTYPE html>\\n<html lang=\\\"en\\\">\\n\\n<head>\\n    <meta charset=\\\"utf-8\\\">\\n    <title>Daily Usage Limit Reached</title>\\n    <style>\\n        html {\\n            -webkit-font-smoothing: antialiased;\\n            -moz-osx-font-smoothing: grayscale;\\n        }\\n\\n        body {\\n            font-fa — retrying in 30190ms",
    "meta": {},
    "company": null
  },
  {
    "id": 1777887885639.658,
    "ts": "2026-05-04T09:44:45.639Z",
    "level": "warn",
    "message": "[Customer:Maruti Enterprises] attempt 5/5 failed (429) — HTTP 429: \"<!DOCTYPE html>\\n<html lang=\\\"en\\\">\\n\\n<head>\\n    <meta charset=\\\"utf-8\\\">\\n    <title>Daily Usage Limit Reached</title>\\n    <style>\\n        html {\\n            -webkit-font-smoothing: antialiased;\\n            -moz-osx-font-smoothing: grayscale;\\n        }\\n\\n        body {\\n            font-fa — retrying in 31270ms",
    "meta": {},
    "company": null
  },
  {
    "id": 1777887885080.1309,
    "ts": "2026-05-04T09:44:45.080Z",
    "level": "warn",
    "message": "[Customer:Marudhar Systems] attempt 5/5 failed (429) — HTTP 429: \"<!DOCTYPE html>\\n<html lang=\\\"en\\\">\\n\\n<head>\\n    <meta charset=\\\"utf-8\\\">\\n    <title>Daily Usage Limit Reached</title>\\n    <style>\\n        html {\\n            -webkit-font-smoothing: antialiased;\\n            -moz-osx-font-smoothing: grayscale;\\n        }\\n\\n        body {\\n            font-fa — retrying in 31473ms",
    "meta": {},
    "company": null
  },
  {
    "id": 1777887856644.238,
    "ts": "2026-05-04T09:44:16.644Z",
    "level": "warn",
    "message": "[Customer:Maruti Enterprise(Andheri)] attempt 4/5 failed (429) — HTTP 429: \"<!DOCTYPE html>\\n<html lang=\\\"en\\\">\\n\\n<head>\\n    <meta charset=\\\"utf-8\\\">\\n    <title>Daily Usage Limit Reached</title>\\n    <style>\\n        html {\\n            -webkit-font-smoothing: antialiased;\\n            -moz-osx-font-smoothing: grayscale;\\n        }\\n\\n        body {\\n            font-fa — retrying in 30819ms",
    "meta": {},
    "company": null
  },
  {
    "id": 1777887856402.3137,
    "ts": "2026-05-04T09:44:16.402Z",
    "level": "warn",
    "message": "[Customer:Maruf Enterprise] attempt 4/5 failed (429) — HTTP 429: \"<!DOCTYPE html>\\n<html lang=\\\"en\\\">\\n\\n<head>\\n    <meta charset=\\\"utf-8\\\">\\n    <title>Daily Usage Limit Reached</title>\\n    <style>\\n        html {\\n            -webkit-font-smoothing: antialiased;\\n            -moz-osx-font-smoothing: grayscale;\\n        }\\n\\n        body {\\n            font-fa — retrying in 30323ms",
    "meta": {},
    "company": null
  },
  {
    "id": 1777887856385.5847,
    "ts": "2026-05-04T09:44:16.385Z",
    "level": "warn",
    "message": "[Customer:Maruti Circle Industries] attempt 4/5 failed (429) — HTTP 429: \"<!DOCTYPE html>\\n<html lang=\\\"en\\\">\\n\\n<head>\\n    <meta charset=\\\"utf-8\\\">\\n    <title>Daily Usage Limit Reached</title>\\n    <style>\\n        html {\\n            -webkit-font-smoothing: antialiased;\\n            -moz-osx-font-smoothing: grayscale;\\n        }\\n\\n        body {\\n            font-fa — retrying in 30939ms",
    "meta": {},
    "company": null
  },
  {
    "id": 1777887856375.4473,
    "ts": "2026-05-04T09:44:16.375Z",
    "level": "warn",
    "message": "[Customer:Maruti Enterprises-Ch] attempt 4/5 failed (429) — HTTP 429: \"<!DOCTYPE html>\\n<html lang=\\\"en\\\">\\n\\n<head>\\n    <meta charset=\\\"utf-8\\\">\\n    <title>Daily Usage Limit Reached</title>\\n    <style>\\n        html {\\n            -webkit-font-smoothing: antialiased;\\n            -moz-osx-font-smoothing: grayscale;\\n        }\\n\\n        body {\\n            font-fa — retrying in 30041ms",
    "meta": {},
    "company": null
  },
  {
    "id": 1777887855421.672,
    "ts": "2026-05-04T09:44:15.421Z",
    "level": "warn",
    "message": "[Customer:Maruti  Enterprise] attempt 4/5 failed (429) — HTTP 429: \"<!DOCTYPE html>\\n<html lang=\\\"en\\\">\\n\\n<head>\\n    <meta charset=\\\"utf-8\\\">\\n    <title>Daily Usage Limit Reached</title>\\n    <style>\\n        html {\\n            -webkit-font-smoothing: antialiased;\\n            -moz-osx-font-smoothing: grayscale;\\n        }\\n\\n        body {\\n            font-fa — retrying in 30302ms",
    "meta": {},
    "company": null
  },
  {
    "id": 1777887855034.497,
    "ts": "2026-05-04T09:44:15.034Z",
    "level": "warn",
    "message": "[Customer:Maruti Enterprises] attempt 4/5 failed (429) — HTTP 429: \"<!DOCTYPE html>\\n<html lang=\\\"en\\\">\\n\\n<head>\\n    <meta charset=\\\"utf-8\\\">\\n    <title>Daily Usage Limit Reached</title>\\n    <style>\\n        html {\\n            -webkit-font-smoothing: antialiased;\\n            -moz-osx-font-smoothing: grayscale;\\n        }\\n\\n        body {\\n            font-fa — retrying in 30569ms",
    "meta": {},
    "company": null
  },
  {
    "id": 1777887854810.1301,
    "ts": "2026-05-04T09:44:14.810Z",
    "level": "warn",
    "message": "[Customer:Marudhar Systems] attempt 4/5 failed (429) — HTTP 429: \"<!DOCTYPE html>\\n<html lang=\\\"en\\\">\\n\\n<head>\\n    <meta charset=\\\"utf-8\\\">\\n    <title>Daily Usage Limit Reached</title>\\n    <style>\\n        html {\\n            -webkit-font-smoothing: antialiased;\\n            -moz-osx-font-smoothing: grayscale;\\n        }\\n\\n        body {\\n            font-fa — retrying in 30077ms",
    "meta": {},
    "company": null
  },
  {
    "id": 1777887854766.3345,
    "ts": "2026-05-04T09:44:14.766Z",
    "level": "warn",
    "message": "[Customer:Maruti Lift and Safe  Technique Pvt Ltd] attempt 4/5 failed (429) — HTTP 429: \"<!DOCTYPE html>\\n<html lang=\\\"en\\\">\\n\\n<head>\\n    <meta charset=\\\"utf-8\\\">\\n    <title>Daily Usage Limit Reached</title>\\n    <style>\\n        html {\\n            -webkit-font-smoothing: antialiased;\\n            -moz-osx-font-smoothing: grayscale;\\n        }\\n\\n        body {\\n            font-fa — retrying in 31310ms",
    "meta": {},
    "company": null
  },
  {
    "id": 1777887825498.7925,
    "ts": "2026-05-04T09:43:45.498Z",
    "level": "warn",
    "message": "[Customer:Maruti Circle Industries] attempt 3/5 failed (429) — HTTP 429: \"<!DOCTYPE html>\\n<html lang=\\\"en\\\">\\n\\n<head>\\n    <meta charset=\\\"utf-8\\\">\\n    <title>Daily Usage Limit Reached</title>\\n    <style>\\n        html {\\n            -webkit-font-smoothing: antialiased;\\n            -moz-osx-font-smoothing: grayscale;\\n        }\\n\\n        body {\\n            font-fa — retrying in 30858ms",
    "meta": {},
    "company": null
  },
  {
    "id": 1777887825375.023,
    "ts": "2026-05-04T09:43:45.375Z",
    "level": "warn",
    "message": "[Customer:Maruf Enterprise] attempt 3/5 failed (429) — HTTP 429: \"<!DOCTYPE html>\\n<html lang=\\\"en\\\">\\n\\n<head>\\n    <meta charset=\\\"utf-8\\\">\\n    <title>Daily Usage Limit Reached</title>\\n    <style>\\n        html {\\n            -webkit-font-smoothing: antialiased;\\n            -moz-osx-font-smoothing: grayscale;\\n        }\\n\\n        body {\\n            font-fa — retrying in 30992ms",
    "meta": {},
    "company": null
  },
  {
    "id": 1777887825341.793,
    "ts": "2026-05-04T09:43:45.341Z",
    "level": "warn",
    "message": "[Customer:Maruti Enterprise(Andheri)] attempt 3/5 failed (429) — HTTP 429: \"<!DOCTYPE html>\\n<html lang=\\\"en\\\">\\n\\n<head>\\n    <meta charset=\\\"utf-8\\\">\\n    <title>Daily Usage Limit Reached</title>\\n    <style>\\n        html {\\n            -webkit-font-smoothing: antialiased;\\n            -moz-osx-font-smoothing: grayscale;\\n        }\\n\\n        body {\\n            font-fa — retrying in 31263ms",
    "meta": {},
    "company": null
  },
  {
    "id": 1777887825095.436,
    "ts": "2026-05-04T09:43:45.095Z",
    "level": "warn",
    "message": "[Customer:Maruti Enterprises-Ch] attempt 3/5 failed (429) — HTTP 429: \"<!DOCTYPE html>\\n<html lang=\\\"en\\\">\\n\\n<head>\\n    <meta charset=\\\"utf-8\\\">\\n    <title>Daily Usage Limit Reached</title>\\n    <style>\\n        html {\\n            -webkit-font-smoothing: antialiased;\\n            -moz-osx-font-smoothing: grayscale;\\n        }\\n\\n        body {\\n            font-fa — retrying in 31237ms",
    "meta": {},
    "company": null
  },
  {
    "id": 1777887825072.1973,
    "ts": "2026-05-04T09:43:45.072Z",
    "level": "warn",
    "message": "[Customer:Maruti  Enterprise] attempt 3/5 failed (429) — HTTP 429: \"<!DOCTYPE html>\\n<html lang=\\\"en\\\">\\n\\n<head>\\n    <meta charset=\\\"utf-8\\\">\\n    <title>Daily Usage Limit Reached</title>\\n    <style>\\n        html {\\n            -webkit-font-smoothing: antialiased;\\n            -moz-osx-font-smoothing: grayscale;\\n        }\\n\\n        body {\\n            font-fa — retrying in 30306ms",
    "meta": {},
    "company": null
  },
  {
    "id": 1777887824663.7778,
    "ts": "2026-05-04T09:43:44.663Z",
    "level": "warn",
    "message": "[Customer:Marudhar Systems] attempt 3/5 failed (429) — HTTP 429: \"<!DOCTYPE html>\\n<html lang=\\\"en\\\">\\n\\n<head>\\n    <meta charset=\\\"utf-8\\\">\\n    <title>Daily Usage Limit Reached</title>\\n    <style>\\n        html {\\n            -webkit-font-smoothing: antialiased;\\n            -moz-osx-font-smoothing: grayscale;\\n        }\\n\\n        body {\\n            font-fa — retrying in 30093ms",
    "meta": {},
    "company": null
  },
  {
    "id": 1777887824185.6328,
    "ts": "2026-05-04T09:43:44.185Z",
    "level": "warn",
    "message": "[Customer:Maruti Enterprises] attempt 3/5 failed (429) — HTTP 429: \"<!DOCTYPE html>\\n<html lang=\\\"en\\\">\\n\\n<head>\\n    <meta charset=\\\"utf-8\\\">\\n    <title>Daily Usage Limit Reached</title>\\n    <style>\\n        html {\\n            -webkit-font-smoothing: antialiased;\\n            -moz-osx-font-smoothing: grayscale;\\n        }\\n\\n        body {\\n            font-fa — retrying in 30811ms",
    "meta": {},
    "company": null
  },
  {
    "id": 1777887824036.7378,
    "ts": "2026-05-04T09:43:44.036Z",
    "level": "warn",
    "message": "[Customer:Maruti Lift and Safe  Technique Pvt Ltd] attempt 3/5 failed (429) — HTTP 429: \"<!DOCTYPE html>\\n<html lang=\\\"en\\\">\\n\\n<head>\\n    <meta charset=\\\"utf-8\\\">\\n    <title>Daily Usage Limit Reached</title>\\n    <style>\\n        html {\\n            -webkit-font-smoothing: antialiased;\\n            -moz-osx-font-smoothing: grayscale;\\n        }\\n\\n        body {\\n            font-fa — retrying in 30624ms",
    "meta": {},
    "company": null
  },
  {
    "id": 1777887808710.9072,
    "ts": "2026-05-04T09:43:28.710Z",
    "level": "warn",
    "message": "[Customer:Maruf Enterprise] attempt 2/5 failed (429) — HTTP 429: \"<!DOCTYPE html>\\n<html lang=\\\"en\\\">\\n\\n<head>\\n    <meta charset=\\\"utf-8\\\">\\n    <title>Daily Usage Limit Reached</title>\\n    <style>\\n        html {\\n            -webkit-font-smoothing: antialiased;\\n            -moz-osx-font-smoothing: grayscale;\\n        }\\n\\n        body {\\n            font-fa — retrying in 16605ms",
    "meta": {},
    "company": null
  },
  {
    "id": 1777887808550.3782,
    "ts": "2026-05-04T09:43:28.550Z",
    "level": "warn",
    "message": "[Customer:Maruti  Enterprise] attempt 2/5 failed (429) — HTTP 429: \"<!DOCTYPE html>\\n<html lang=\\\"en\\\">\\n\\n<head>\\n    <meta charset=\\\"utf-8\\\">\\n    <title>Daily Usage Limit Reached</title>\\n    <style>\\n        html {\\n            -webkit-font-smoothing: antialiased;\\n            -moz-osx-font-smoothing: grayscale;\\n        }\\n\\n        body {\\n            font-fa — retrying in 16448ms",
    "meta": {},
    "company": null
  },
  {
    "id": 1777887808499.084,
    "ts": "2026-05-04T09:43:28.499Z",
    "level": "warn",
    "message": "[Customer:Maruti Circle Industries] attempt 2/5 failed (429) — HTTP 429: \"<!DOCTYPE html>\\n<html lang=\\\"en\\\">\\n\\n<head>\\n    <meta charset=\\\"utf-8\\\">\\n    <title>Daily Usage Limit Reached</title>\\n    <style>\\n        html {\\n            -webkit-font-smoothing: antialiased;\\n            -moz-osx-font-smoothing: grayscale;\\n        }\\n\\n        body {\\n            font-fa — retrying in 16956ms",
    "meta": {},
    "company": null
  },
  {
    "id": 1777887808069.8745,
    "ts": "2026-05-04T09:43:28.069Z",
    "level": "warn",
    "message": "[Customer:Marudhar Systems] attempt 2/5 failed (429) — HTTP 429: \"<!DOCTYPE html>\\n<html lang=\\\"en\\\">\\n\\n<head>\\n    <meta charset=\\\"utf-8\\\">\\n    <title>Daily Usage Limit Reached</title>\\n    <style>\\n        html {\\n            -webkit-font-smoothing: antialiased;\\n            -moz-osx-font-smoothing: grayscale;\\n        }\\n\\n        body {\\n            font-fa — retrying in 16457ms",
    "meta": {},
    "company": null
  },
  {
    "id": 1777887807949.4622,
    "ts": "2026-05-04T09:43:27.949Z",
    "level": "warn",
    "message": "[Customer:Maruti Enterprises] attempt 2/5 failed (429) — HTTP 429: \"<!DOCTYPE html>\\n<html lang=\\\"en\\\">\\n\\n<head>\\n    <meta charset=\\\"utf-8\\\">\\n    <title>Daily Usage Limit Reached</title>\\n    <style>\\n        html {\\n            -webkit-font-smoothing: antialiased;\\n            -moz-osx-font-smoothing: grayscale;\\n        }\\n\\n        body {\\n            font-fa — retrying in 16200ms",
    "meta": {},
    "company": null
  },
  {
    "id": 1777887807831.2207,
    "ts": "2026-05-04T09:43:27.831Z",
    "level": "warn",
    "message": "[Customer:Maruti Enterprise(Andheri)] attempt 2/5 failed (429) — HTTP 429: \"<!DOCTYPE html>\\n<html lang=\\\"en\\\">\\n\\n<head>\\n    <meta charset=\\\"utf-8\\\">\\n    <title>Daily Usage Limit Reached</title>\\n    <style>\\n        html {\\n            -webkit-font-smoothing: antialiased;\\n            -moz-osx-font-smoothing: grayscale;\\n        }\\n\\n        body {\\n            font-fa — retrying in 17479ms",
    "meta": {},
    "company": null
  },
  {
    "id": 1777887807739.805,
    "ts": "2026-05-04T09:43:27.739Z",
    "level": "warn",
    "message": "[Customer:Maruti Enterprises-Ch] attempt 2/5 failed (429) — HTTP 429: \"<!DOCTYPE html>\\n<html lang=\\\"en\\\">\\n\\n<head>\\n    <meta charset=\\\"utf-8\\\">\\n    <title>Daily Usage Limit Reached</title>\\n    <style>\\n        html {\\n            -webkit-font-smoothing: antialiased;\\n            -moz-osx-font-smoothing: grayscale;\\n        }\\n\\n        body {\\n            font-fa — retrying in 17335ms",
    "meta": {},
    "company": null
  },
  {
    "id": 1777887807279.5442,
    "ts": "2026-05-04T09:43:27.279Z",
    "level": "warn",
    "message": "[Customer:Maruti Lift and Safe  Technique Pvt Ltd] attempt 2/5 failed (429) — HTTP 429: \"<!DOCTYPE html>\\n<html lang=\\\"en\\\">\\n\\n<head>\\n    <meta charset=\\\"utf-8\\\">\\n    <title>Daily Usage Limit Reached</title>\\n    <style>\\n        html {\\n            -webkit-font-smoothing: antialiased;\\n            -moz-osx-font-smoothing: grayscale;\\n        }\\n\\n        body {\\n            font-fa — retrying in 16688ms",
    "meta": {},
    "company": null
  },
  {
    "id": 1777887799206.7588,
    "ts": "2026-05-04T09:43:19.206Z",
    "level": "warn",
    "message": "[Customer:Maruti Circle Industries] attempt 1/5 failed (429) — HTTP 429: \"<!DOCTYPE html>\\n<html lang=\\\"en\\\">\\n\\n<head>\\n    <meta charset=\\\"utf-8\\\">\\n    <title>Daily Usage Limit Reached</title>\\n    <style>\\n        html {\\n            -webkit-font-smoothing: antialiased;\\n            -moz-osx-font-smoothing: grayscale;\\n        }\\n\\n        body {\\n            font-fa — retrying in 9254ms",
    "meta": {},
    "company": null
  },
  {
    "id": 1777887799200.1123,
    "ts": "2026-05-04T09:43:19.200Z",
    "level": "warn",
    "message": "[Customer:Marudhar Systems] attempt 1/5 failed (429) — HTTP 429: \"<!DOCTYPE html>\\n<html lang=\\\"en\\\">\\n\\n<head>\\n    <meta charset=\\\"utf-8\\\">\\n    <title>Daily Usage Limit Reached</title>\\n    <style>\\n        html {\\n            -webkit-font-smoothing: antialiased;\\n            -moz-osx-font-smoothing: grayscale;\\n        }\\n\\n        body {\\n            font-fa — retrying in 8827ms",
    "meta": {},
    "company": null
  },
  {
    "id": 1777887799194.9216,
    "ts": "2026-05-04T09:43:19.194Z",
    "level": "warn",
    "message": "[Customer:Maruti Enterprises-Ch] attempt 1/5 failed (429) — HTTP 429: \"<!DOCTYPE html>\\n<html lang=\\\"en\\\">\\n\\n<head>\\n    <meta charset=\\\"utf-8\\\">\\n    <title>Daily Usage Limit Reached</title>\\n    <style>\\n        html {\\n            -webkit-font-smoothing: antialiased;\\n            -moz-osx-font-smoothing: grayscale;\\n        }\\n\\n        body {\\n            font-fa — retrying in 8510ms",
    "meta": {},
    "company": null
  },
  {
    "id": 1777887799186.896,
    "ts": "2026-05-04T09:43:19.186Z",
    "level": "warn",
    "message": "[Customer:Maruti Enterprise(Andheri)] attempt 1/5 failed (429) — HTTP 429: \"<!DOCTYPE html>\\n<html lang=\\\"en\\\">\\n\\n<head>\\n    <meta charset=\\\"utf-8\\\">\\n    <title>Daily Usage Limit Reached</title>\\n    <style>\\n        html {\\n            -webkit-font-smoothing: antialiased;\\n            -moz-osx-font-smoothing: grayscale;\\n        }\\n\\n        body {\\n            font-fa — retrying in 8611ms",
    "meta": {},
    "company": null
  },
  {
    "id": 1777887799177.549,
    "ts": "2026-05-04T09:43:19.177Z",
    "level": "warn",
    "message": "[Customer:Maruti  Enterprise] attempt 1/5 failed (429) — HTTP 429: \"<!DOCTYPE html>\\n<html lang=\\\"en\\\">\\n\\n<head>\\n    <meta charset=\\\"utf-8\\\">\\n    <title>Daily Usage Limit Reached</title>\\n    <style>\\n        html {\\n            -webkit-font-smoothing: antialiased;\\n            -moz-osx-font-smoothing: grayscale;\\n        }\\n\\n        body {\\n            font-fa — retrying in 9336ms",
    "meta": {},
    "company": null
  },
  {
    "id": 1777887799171.6514,
    "ts": "2026-05-04T09:43:19.171Z",
    "level": "warn",
    "message": "[Customer:Maruti Lift and Safe  Technique Pvt Ltd] attempt 1/5 failed (429) — HTTP 429: \"<!DOCTYPE html>\\n<html lang=\\\"en\\\">\\n\\n<head>\\n    <meta charset=\\\"utf-8\\\">\\n    <title>Daily Usage Limit Reached</title>\\n    <style>\\n        html {\\n            -webkit-font-smoothing: antialiased;\\n            -moz-osx-font-smoothing: grayscale;\\n        }\\n\\n        body {\\n            font-fa — retrying in 8027ms",
    "meta": {},
    "company": null
  },
  {
    "id": 1777887799165.9487,
    "ts": "2026-05-04T09:43:19.165Z",
    "level": "warn",
    "message": "[Customer:Maruf Enterprise] attempt 1/5 failed (429) — HTTP 429: \"<!DOCTYPE html>\\n<html lang=\\\"en\\\">\\n\\n<head>\\n    <meta charset=\\\"utf-8\\\">\\n    <title>Daily Usage Limit Reached</title>\\n    <style>\\n        html {\\n            -webkit-font-smoothing: antialiased;\\n            -moz-osx-font-smoothing: grayscale;\\n        }\\n\\n        body {\\n            font-fa — retrying in 9498ms",
    "meta": {},
    "company": null
  },
  {
    "id": 1777887798863.2744,
    "ts": "2026-05-04T09:43:18.863Z",
    "level": "warn",
    "message": "[Customer:Maruti Enterprises] attempt 1/5 failed (429) — HTTP 429: \"<!DOCTYPE html>\\n<html lang=\\\"en\\\">\\n\\n<head>\\n    <meta charset=\\\"utf-8\\\">\\n    <title>Daily Usage Limit Reached</title>\\n    <style>\\n        html {\\n            -webkit-font-smoothing: antialiased;\\n            -moz-osx-font-smoothing: grayscale;\\n        }\\n\\n        body {\\n            font-fa — retrying in 9037ms",
    "meta": {},
    "company": null
  },
  {
    "id": 1777887750024.742,
    "ts": "2026-05-04T09:42:30.024Z",
    "level": "warn",
    "message": "[Customer:Marudhar metal and Alloys(rajkot)] attempt 5/5 failed (429) — HTTP 429: \"<!DOCTYPE html>\\n<html lang=\\\"en\\\">\\n\\n<head>\\n    <meta charset=\\\"utf-8\\\">\\n    <title>Daily Usage Limit Reached</title>\\n    <style>\\n        html {\\n            -webkit-font-smoothing: antialiased;\\n            -moz-osx-font-smoothing: grayscale;\\n        }\\n\\n        body {\\n            font-fa — retrying in 30946ms",
    "meta": {},
    "company": null
  },
  {
    "id": 1777887749099.0396,
    "ts": "2026-05-04T09:42:29.099Z",
    "level": "warn",
    "message": "[Customer:Mars Gas Company] attempt 5/5 failed (429) — HTTP 429: \"<!DOCTYPE html>\\n<html lang=\\\"en\\\">\\n\\n<head>\\n    <meta charset=\\\"utf-8\\\">\\n    <title>Daily Usage Limit Reached</title>\\n    <style>\\n        html {\\n            -webkit-font-smoothing: antialiased;\\n            -moz-osx-font-smoothing: grayscale;\\n        }\\n\\n        body {\\n            font-fa — retrying in 31131ms",
    "meta": {},
    "company": null
  },
  {
    "id": 1777887749092.1543,
    "ts": "2026-05-04T09:42:29.092Z",
    "level": "warn",
    "message": "[Customer:MARS Shipping Agency] attempt 5/5 failed (429) — HTTP 429: \"<!DOCTYPE html>\\n<html lang=\\\"en\\\">\\n\\n<head>\\n    <meta charset=\\\"utf-8\\\">\\n    <title>Daily Usage Limit Reached</title>\\n    <style>\\n        html {\\n            -webkit-font-smoothing: antialiased;\\n            -moz-osx-font-smoothing: grayscale;\\n        }\\n\\n        body {\\n            font-fa — retrying in 30315ms",
    "meta": {},
    "company": null
  },
  {
    "id": 1777887749005.8674,
    "ts": "2026-05-04T09:42:29.005Z",
    "level": "warn",
    "message": "[Customer:Marudhar Metal & Engineering Co.] attempt 5/5 failed (429) — HTTP 429: \"<!DOCTYPE html>\\n<html lang=\\\"en\\\">\\n\\n<head>\\n    <meta charset=\\\"utf-8\\\">\\n    <title>Daily Usage Limit Reached</title>\\n    <style>\\n        html {\\n            -webkit-font-smoothing: antialiased;\\n            -moz-osx-font-smoothing: grayscale;\\n        }\\n\\n        body {\\n            font-fa — retrying in 30166ms",
    "meta": {},
    "company": null
  },
  {
    "id": 1777887748997.289,
    "ts": "2026-05-04T09:42:28.997Z",
    "level": "warn",
    "message": "[Customer:Marshal Refrigeration] attempt 5/5 failed (429) — HTTP 429: \"<!DOCTYPE html>\\n<html lang=\\\"en\\\">\\n\\n<head>\\n    <meta charset=\\\"utf-8\\\">\\n    <title>Daily Usage Limit Reached</title>\\n    <style>\\n        html {\\n            -webkit-font-smoothing: antialiased;\\n            -moz-osx-font-smoothing: grayscale;\\n        }\\n\\n        body {\\n            font-fa — retrying in 30457ms",
    "meta": {},
    "company": null
  },
  {
    "id": 1777887748695.804,
    "ts": "2026-05-04T09:42:28.695Z",
    "level": "warn",
    "message": "[Customer:Marudhar Garments] attempt 5/5 failed (429) — HTTP 429: \"<!DOCTYPE html>\\n<html lang=\\\"en\\\">\\n\\n<head>\\n    <meta charset=\\\"utf-8\\\">\\n    <title>Daily Usage Limit Reached</title>\\n    <style>\\n        html {\\n            -webkit-font-smoothing: antialiased;\\n            -moz-osx-font-smoothing: grayscale;\\n        }\\n\\n        body {\\n            font-fa — retrying in 31360ms",
    "meta": {},
    "company": null
  },
  {
    "id": 1777887748689.1963,
    "ts": "2026-05-04T09:42:28.689Z",
    "level": "warn",
    "message": "[Customer:Marudhar Metal & Alloys] attempt 5/5 failed (429) — HTTP 429: \"<!DOCTYPE html>\\n<html lang=\\\"en\\\">\\n\\n<head>\\n    <meta charset=\\\"utf-8\\\">\\n    <title>Daily Usage Limit Reached</title>\\n    <style>\\n        html {\\n            -webkit-font-smoothing: antialiased;\\n            -moz-osx-font-smoothing: grayscale;\\n        }\\n\\n        body {\\n            font-fa — retrying in 31202ms",
    "meta": {},
    "company": null
  },
  {
    "id": 1777887748682.8865,
    "ts": "2026-05-04T09:42:28.682Z",
    "level": "warn",
    "message": "[Customer:Marudhar Brass Collection] attempt 5/5 failed (429) — HTTP 429: \"<!DOCTYPE html>\\n<html lang=\\\"en\\\">\\n\\n<head>\\n    <meta charset=\\\"utf-8\\\">\\n    <title>Daily Usage Limit Reached</title>\\n    <style>\\n        html {\\n            -webkit-font-smoothing: antialiased;\\n            -moz-osx-font-smoothing: grayscale;\\n        }\\n\\n        body {\\n            font-fa — retrying in 30047ms",
    "meta": {},
    "company": null
  },
  {
    "id": 1777887719187.6716,
    "ts": "2026-05-04T09:41:59.187Z",
    "level": "warn",
    "message": "[Customer:Marudhar metal and Alloys(rajkot)] attempt 4/5 failed (429) — HTTP 429: \"<!DOCTYPE html>\\n<html lang=\\\"en\\\">\\n\\n<head>\\n    <meta charset=\\\"utf-8\\\">\\n    <title>Daily Usage Limit Reached</title>\\n    <style>\\n        html {\\n            -webkit-font-smoothing: antialiased;\\n            -moz-osx-font-smoothing: grayscale;\\n        }\\n\\n        body {\\n            font-fa — retrying in 30750ms",
    "meta": {},
    "company": null
  },
  {
    "id": 1777887718187.0947,
    "ts": "2026-05-04T09:41:58.187Z",
    "level": "warn",
    "message": "[Customer:Mars Gas Company] attempt 4/5 failed (429) — HTTP 429: \"<!DOCTYPE html>\\n<html lang=\\\"en\\\">\\n\\n<head>\\n    <meta charset=\\\"utf-8\\\">\\n    <title>Daily Usage Limit Reached</title>\\n    <style>\\n        html {\\n            -webkit-font-smoothing: antialiased;\\n            -moz-osx-font-smoothing: grayscale;\\n        }\\n\\n        body {\\n            font-fa — retrying in 30587ms",
    "meta": {},
    "company": null
  },
  {
    "id": 1777887718087.136,
    "ts": "2026-05-04T09:41:58.087Z",
    "level": "warn",
    "message": "[Customer:Marudhar Metal & Engineering Co.] attempt 4/5 failed (429) — HTTP 429: \"<!DOCTYPE html>\\n<html lang=\\\"en\\\">\\n\\n<head>\\n    <meta charset=\\\"utf-8\\\">\\n    <title>Daily Usage Limit Reached</title>\\n    <style>\\n        html {\\n            -webkit-font-smoothing: antialiased;\\n            -moz-osx-font-smoothing: grayscale;\\n        }\\n\\n        body {\\n            font-fa — retrying in 30148ms",
    "meta": {},
    "company": null
  },
  {
    "id": 1777887717560.9214,
    "ts": "2026-05-04T09:41:57.560Z",
    "level": "warn",
    "message": "[Customer:Marshal Refrigeration] attempt 4/5 failed (429) — HTTP 429: \"<!DOCTYPE html>\\n<html lang=\\\"en\\\">\\n\\n<head>\\n    <meta charset=\\\"utf-8\\\">\\n    <title>Daily Usage Limit Reached</title>\\n    <style>\\n        html {\\n            -webkit-font-smoothing: antialiased;\\n            -moz-osx-font-smoothing: grayscale;\\n        }\\n\\n        body {\\n            font-fa — retrying in 30699ms",
    "meta": {},
    "company": null
  },
  {
    "id": 1777887716635.4263,
    "ts": "2026-05-04T09:41:56.635Z",
    "level": "warn",
    "message": "[Customer:MARS Shipping Agency] attempt 4/5 failed (429) — HTTP 429: \"<!DOCTYPE html>\\n<html lang=\\\"en\\\">\\n\\n<head>\\n    <meta charset=\\\"utf-8\\\">\\n    <title>Daily Usage Limit Reached</title>\\n    <style>\\n        html {\\n            -webkit-font-smoothing: antialiased;\\n            -moz-osx-font-smoothing: grayscale;\\n        }\\n\\n        body {\\n            font-fa — retrying in 30901ms",
    "meta": {},
    "company": null
  },
  {
    "id": 1777887716612.9482,
    "ts": "2026-05-04T09:41:56.612Z",
    "level": "warn",
    "message": "[Customer:Marudhar Brass Collection] attempt 4/5 failed (429) — HTTP 429: \"<!DOCTYPE html>\\n<html lang=\\\"en\\\">\\n\\n<head>\\n    <meta charset=\\\"utf-8\\\">\\n    <title>Daily Usage Limit Reached</title>\\n    <style>\\n        html {\\n            -webkit-font-smoothing: antialiased;\\n            -moz-osx-font-smoothing: grayscale;\\n        }\\n\\n        body {\\n            font-fa — retrying in 30229ms",
    "meta": {},
    "company": null
  },
  {
    "id": 1777887716465.2559,
    "ts": "2026-05-04T09:41:56.465Z",
    "level": "warn",
    "message": "[Customer:Marudhar Metal & Alloys] attempt 4/5 failed (429) — HTTP 429: \"<!DOCTYPE html>\\n<html lang=\\\"en\\\">\\n\\n<head>\\n    <meta charset=\\\"utf-8\\\">\\n    <title>Daily Usage Limit Reached</title>\\n    <style>\\n        html {\\n            -webkit-font-smoothing: antialiased;\\n            -moz-osx-font-smoothing: grayscale;\\n        }\\n\\n        body {\\n            font-fa — retrying in 30409ms",
    "meta": {},
    "company": null
  },
  {
    "id": 1777887715939.3096,
    "ts": "2026-05-04T09:41:55.939Z",
    "level": "warn",
    "message": "[Customer:Marudhar Garments] attempt 4/5 failed (429) — HTTP 429: \"<!DOCTYPE html>\\n<html lang=\\\"en\\\">\\n\\n<head>\\n    <meta charset=\\\"utf-8\\\">\\n    <title>Daily Usage Limit Reached</title>\\n    <style>\\n        html {\\n            -webkit-font-smoothing: antialiased;\\n            -moz-osx-font-smoothing: grayscale;\\n        }\\n\\n        body {\\n            font-fa — retrying in 30952ms",
    "meta": {},
    "company": null
  },
  {
    "id": 1777887687837.2686,
    "ts": "2026-05-04T09:41:27.837Z",
    "level": "warn",
    "message": "[Customer:Marudhar metal and Alloys(rajkot)] attempt 3/5 failed (429) — HTTP 429: \"<!DOCTYPE html>\\n<html lang=\\\"en\\\">\\n\\n<head>\\n    <meta charset=\\\"utf-8\\\">\\n    <title>Daily Usage Limit Reached</title>\\n    <style>\\n        html {\\n            -webkit-font-smoothing: antialiased;\\n            -moz-osx-font-smoothing: grayscale;\\n        }\\n\\n        body {\\n            font-fa — retrying in 31292ms",
    "meta": {},
    "company": null
  },
  {
    "id": 1777887687829.6204,
    "ts": "2026-05-04T09:41:27.829Z",
    "level": "warn",
    "message": "[Customer:Marudhar Metal & Engineering Co.] attempt 3/5 failed (429) — HTTP 429: \"<!DOCTYPE html>\\n<html lang=\\\"en\\\">\\n\\n<head>\\n    <meta charset=\\\"utf-8\\\">\\n    <title>Daily Usage Limit Reached</title>\\n    <style>\\n        html {\\n            -webkit-font-smoothing: antialiased;\\n            -moz-osx-font-smoothing: grayscale;\\n        }\\n\\n        body {\\n            font-fa — retrying in 30212ms",
    "meta": {},
    "company": null
  },
  {
    "id": 1777887687117.7673,
    "ts": "2026-05-04T09:41:27.117Z",
    "level": "warn",
    "message": "[Customer:Marshal Refrigeration] attempt 3/5 failed (429) — HTTP 429: \"<!DOCTYPE html>\\n<html lang=\\\"en\\\">\\n\\n<head>\\n    <meta charset=\\\"utf-8\\\">\\n    <title>Daily Usage Limit Reached</title>\\n    <style>\\n        html {\\n            -webkit-font-smoothing: antialiased;\\n            -moz-osx-font-smoothing: grayscale;\\n        }\\n\\n        body {\\n            font-fa — retrying in 30398ms",
    "meta": {},
    "company": null
  },
  {
    "id": 1777887686732.6848,
    "ts": "2026-05-04T09:41:26.732Z",
    "level": "warn",
    "message": "[Customer:Mars Gas Company] attempt 3/5 failed (429) — HTTP 429: \"<!DOCTYPE html>\\n<html lang=\\\"en\\\">\\n\\n<head>\\n    <meta charset=\\\"utf-8\\\">\\n    <title>Daily Usage Limit Reached</title>\\n    <style>\\n        html {\\n            -webkit-font-smoothing: antialiased;\\n            -moz-osx-font-smoothing: grayscale;\\n        }\\n\\n        body {\\n            font-fa — retrying in 31415ms",
    "meta": {},
    "company": null
  },
  {
    "id": 1777887686325.4905,
    "ts": "2026-05-04T09:41:26.325Z",
    "level": "warn",
    "message": "[Customer:Marudhar Brass Collection] attempt 3/5 failed (429) — HTTP 429: \"<!DOCTYPE html>\\n<html lang=\\\"en\\\">\\n\\n<head>\\n    <meta charset=\\\"utf-8\\\">\\n    <title>Daily Usage Limit Reached</title>\\n    <style>\\n        html {\\n            -webkit-font-smoothing: antialiased;\\n            -moz-osx-font-smoothing: grayscale;\\n        }\\n\\n        body {\\n            font-fa — retrying in 30247ms",
    "meta": {},
    "company": null
  },
  {
    "id": 1777887685921.0576,
    "ts": "2026-05-04T09:41:25.921Z",
    "level": "warn",
    "message": "[Customer:Marudhar Metal & Alloys] attempt 3/5 failed (429) — HTTP 429: \"<!DOCTYPE html>\\n<html lang=\\\"en\\\">\\n\\n<head>\\n    <meta charset=\\\"utf-8\\\">\\n    <title>Daily Usage Limit Reached</title>\\n    <style>\\n        html {\\n            -webkit-font-smoothing: antialiased;\\n            -moz-osx-font-smoothing: grayscale;\\n        }\\n\\n        body {\\n            font-fa — retrying in 30509ms",
    "meta": {},
    "company": null
  },
  {
    "id": 1777887685399.7754,
    "ts": "2026-05-04T09:41:25.399Z",
    "level": "warn",
    "message": "[Customer:MARS Shipping Agency] attempt 3/5 failed (429) — HTTP 429: \"<!DOCTYPE html>\\n<html lang=\\\"en\\\">\\n\\n<head>\\n    <meta charset=\\\"utf-8\\\">\\n    <title>Daily Usage Limit Reached</title>\\n    <style>\\n        html {\\n            -webkit-font-smoothing: antialiased;\\n            -moz-osx-font-smoothing: grayscale;\\n        }\\n\\n        body {\\n            font-fa — retrying in 31203ms",
    "meta": {},
    "company": null
  },
  {
    "id": 1777887685063.0376,
    "ts": "2026-05-04T09:41:25.063Z",
    "level": "warn",
    "message": "[Customer:Marudhar Garments] attempt 3/5 failed (429) — HTTP 429: \"<!DOCTYPE html>\\n<html lang=\\\"en\\\">\\n\\n<head>\\n    <meta charset=\\\"utf-8\\\">\\n    <title>Daily Usage Limit Reached</title>\\n    <style>\\n        html {\\n            -webkit-font-smoothing: antialiased;\\n            -moz-osx-font-smoothing: grayscale;\\n        }\\n\\n        body {\\n            font-fa — retrying in 30749ms",
    "meta": {},
    "company": null
  },
  {
    "id": 1777887668015.4043,
    "ts": "2026-05-04T09:41:08.015Z",
    "level": "warn",
    "message": "[Customer:Marshal Refrigeration] attempt 2/5 failed (429) — HTTP 429: \"<!DOCTYPE html>\\n<html lang=\\\"en\\\">\\n\\n<head>\\n    <meta charset=\\\"utf-8\\\">\\n    <title>Daily Usage Limit Reached</title>\\n    <style>\\n        html {\\n            -webkit-font-smoothing: antialiased;\\n            -moz-osx-font-smoothing: grayscale;\\n        }\\n\\n        body {\\n            font-fa — retrying in 16548ms",
    "meta": {},
    "company": null
  },
  {
    "id": 1777887667900.6218,
    "ts": "2026-05-04T09:41:07.900Z",
    "level": "warn",
    "message": "[Customer:Marudhar metal and Alloys(rajkot)] attempt 2/5 failed (429) — HTTP 429: \"<!DOCTYPE html>\\n<html lang=\\\"en\\\">\\n\\n<head>\\n    <meta charset=\\\"utf-8\\\">\\n    <title>Daily Usage Limit Reached</title>\\n    <style>\\n        html {\\n            -webkit-font-smoothing: antialiased;\\n            -moz-osx-font-smoothing: grayscale;\\n        }\\n\\n        body {\\n            font-fa — retrying in 16350ms",
    "meta": {},
    "company": null
  },
  {
    "id": 1777887667825.8896,
    "ts": "2026-05-04T09:41:07.825Z",
    "level": "warn",
    "message": "[Customer:Marudhar Brass Collection] attempt 2/5 failed (429) — HTTP 429: \"<!DOCTYPE html>\\n<html lang=\\\"en\\\">\\n\\n<head>\\n    <meta charset=\\\"utf-8\\\">\\n    <title>Daily Usage Limit Reached</title>\\n    <style>\\n        html {\\n            -webkit-font-smoothing: antialiased;\\n            -moz-osx-font-smoothing: grayscale;\\n        }\\n\\n        body {\\n            font-fa — retrying in 16215ms",
    "meta": {},
    "company": null
  },
  {
    "id": 1777887667526.2256,
    "ts": "2026-05-04T09:41:07.526Z",
    "level": "warn",
    "message": "[Customer:Marudhar Metal & Engineering Co.] attempt 2/5 failed (429) — HTTP 429: \"<!DOCTYPE html>\\n<html lang=\\\"en\\\">\\n\\n<head>\\n    <meta charset=\\\"utf-8\\\">\\n    <title>Daily Usage Limit Reached</title>\\n    <style>\\n        html {\\n            -webkit-font-smoothing: antialiased;\\n            -moz-osx-font-smoothing: grayscale;\\n        }\\n\\n        body {\\n            font-fa — retrying in 16744ms",
    "meta": {},
    "company": null
  },
  {
    "id": 1777887667026.6577,
    "ts": "2026-05-04T09:41:07.026Z",
    "level": "warn",
    "message": "[Customer:Marudhar Metal & Alloys] attempt 2/5 failed (429) — HTTP 429: \"<!DOCTYPE html>\\n<html lang=\\\"en\\\">\\n\\n<head>\\n    <meta charset=\\\"utf-8\\\">\\n    <title>Daily Usage Limit Reached</title>\\n    <style>\\n        html {\\n            -webkit-font-smoothing: antialiased;\\n            -moz-osx-font-smoothing: grayscale;\\n        }\\n\\n        body {\\n            font-fa — retrying in 16133ms",
    "meta": {},
    "company": null
  },
  {
    "id": 1777887666885.2761,
    "ts": "2026-05-04T09:41:06.885Z",
    "level": "warn",
    "message": "[Customer:MARS Shipping Agency] attempt 2/5 failed (429) — HTTP 429: \"<!DOCTYPE html>\\n<html lang=\\\"en\\\">\\n\\n<head>\\n    <meta charset=\\\"utf-8\\\">\\n    <title>Daily Usage Limit Reached</title>\\n    <style>\\n        html {\\n            -webkit-font-smoothing: antialiased;\\n            -moz-osx-font-smoothing: grayscale;\\n        }\\n\\n        body {\\n            font-fa — retrying in 17029ms",
    "meta": {},
    "company": null
  },
  {
    "id": 1777887666824.8203,
    "ts": "2026-05-04T09:41:06.824Z",
    "level": "warn",
    "message": "[Customer:Marudhar Garments] attempt 2/5 failed (429) — HTTP 429: \"<!DOCTYPE html>\\n<html lang=\\\"en\\\">\\n\\n<head>\\n    <meta charset=\\\"utf-8\\\">\\n    <title>Daily Usage Limit Reached</title>\\n    <style>\\n        html {\\n            -webkit-font-smoothing: antialiased;\\n            -moz-osx-font-smoothing: grayscale;\\n        }\\n\\n        body {\\n            font-fa — retrying in 16638ms",
    "meta": {},
    "company": null
  },
  {
    "id": 1777887666815.6235,
    "ts": "2026-05-04T09:41:06.815Z",
    "level": "warn",
    "message": "[Customer:Mars Gas Company] attempt 2/5 failed (429) — HTTP 429: \"<!DOCTYPE html>\\n<html lang=\\\"en\\\">\\n\\n<head>\\n    <meta charset=\\\"utf-8\\\">\\n    <title>Daily Usage Limit Reached</title>\\n    <style>\\n        html {\\n            -webkit-font-smoothing: antialiased;\\n            -moz-osx-font-smoothing: grayscale;\\n        }\\n\\n        body {\\n            font-fa — retrying in 16519ms",
    "meta": {},
    "company": null
  },
  {
    "id": 1777887658592.1716,
    "ts": "2026-05-04T09:40:58.592Z",
    "level": "warn",
    "message": "[Customer:Marudhar metal and Alloys(rajkot)] attempt 1/5 failed (429) — HTTP 429: \"<!DOCTYPE html>\\n<html lang=\\\"en\\\">\\n\\n<head>\\n    <meta charset=\\\"utf-8\\\">\\n    <title>Daily Usage Limit Reached</title>\\n    <style>\\n        html {\\n            -webkit-font-smoothing: antialiased;\\n            -moz-osx-font-smoothing: grayscale;\\n        }\\n\\n        body {\\n            font-fa — retrying in 9280ms",
    "meta": {},
    "company": null
  },
  {
    "id": 1777887658585.7617,
    "ts": "2026-05-04T09:40:58.585Z",
    "level": "warn",
    "message": "[Customer:Marudhar Brass Collection] attempt 1/5 failed (429) — HTTP 429: \"<!DOCTYPE html>\\n<html lang=\\\"en\\\">\\n\\n<head>\\n    <meta charset=\\\"utf-8\\\">\\n    <title>Daily Usage Limit Reached</title>\\n    <style>\\n        html {\\n            -webkit-font-smoothing: antialiased;\\n            -moz-osx-font-smoothing: grayscale;\\n        }\\n\\n        body {\\n            font-fa — retrying in 9205ms",
    "meta": {},
    "company": null
  },
  {
    "id": 1777887658577.8948,
    "ts": "2026-05-04T09:40:58.577Z",
    "level": "warn",
    "message": "[Customer:Marshal Refrigeration] attempt 1/5 failed (429) — HTTP 429: \"<!DOCTYPE html>\\n<html lang=\\\"en\\\">\\n\\n<head>\\n    <meta charset=\\\"utf-8\\\">\\n    <title>Daily Usage Limit Reached</title>\\n    <style>\\n        html {\\n            -webkit-font-smoothing: antialiased;\\n            -moz-osx-font-smoothing: grayscale;\\n        }\\n\\n        body {\\n            font-fa — retrying in 9393ms",
    "meta": {},
    "company": null
  },
  {
    "id": 1777887658568.1824,
    "ts": "2026-05-04T09:40:58.568Z",
    "level": "warn",
    "message": "[Customer:Marudhar Metal & Engineering Co.] attempt 1/5 failed (429) — HTTP 429: \"<!DOCTYPE html>\\n<html lang=\\\"en\\\">\\n\\n<head>\\n    <meta charset=\\\"utf-8\\\">\\n    <title>Daily Usage Limit Reached</title>\\n    <style>\\n        html {\\n            -webkit-font-smoothing: antialiased;\\n            -moz-osx-font-smoothing: grayscale;\\n        }\\n\\n        body {\\n            font-fa — retrying in 8922ms",
    "meta": {},
    "company": null
  },
  {
    "id": 1777887658557.9937,
    "ts": "2026-05-04T09:40:58.557Z",
    "level": "warn",
    "message": "[Customer:Marudhar Garments] attempt 1/5 failed (429) — HTTP 429: \"<!DOCTYPE html>\\n<html lang=\\\"en\\\">\\n\\n<head>\\n    <meta charset=\\\"utf-8\\\">\\n    <title>Daily Usage Limit Reached</title>\\n    <style>\\n        html {\\n            -webkit-font-smoothing: antialiased;\\n            -moz-osx-font-smoothing: grayscale;\\n        }\\n\\n        body {\\n            font-fa — retrying in 8166ms",
    "meta": {},
    "company": null
  },
  {
    "id": 1777887658544.888,
    "ts": "2026-05-04T09:40:58.544Z",
    "level": "warn",
    "message": "[Customer:Mars Gas Company] attempt 1/5 failed (429) — HTTP 429: \"<!DOCTYPE html>\\n<html lang=\\\"en\\\">\\n\\n<head>\\n    <meta charset=\\\"utf-8\\\">\\n    <title>Daily Usage Limit Reached</title>\\n    <style>\\n        html {\\n            -webkit-font-smoothing: antialiased;\\n            -moz-osx-font-smoothing: grayscale;\\n        }\\n\\n        body {\\n            font-fa — retrying in 8191ms",
    "meta": {},
    "company": null
  },
  {
    "id": 1777887658538.0635,
    "ts": "2026-05-04T09:40:58.538Z",
    "level": "warn",
    "message": "[Customer:MARS Shipping Agency] attempt 1/5 failed (429) — HTTP 429: \"<!DOCTYPE html>\\n<html lang=\\\"en\\\">\\n\\n<head>\\n    <meta charset=\\\"utf-8\\\">\\n    <title>Daily Usage Limit Reached</title>\\n    <style>\\n        html {\\n            -webkit-font-smoothing: antialiased;\\n            -moz-osx-font-smoothing: grayscale;\\n        }\\n\\n        body {\\n            font-fa — retrying in 8303ms",
    "meta": {},
    "company": null
  },
  {
    "id": 1777887658531.5745,
    "ts": "2026-05-04T09:40:58.531Z",
    "level": "warn",
    "message": "[Customer:Marudhar Metal & Alloys] attempt 1/5 failed (429) — HTTP 429: \"<!DOCTYPE html>\\n<html lang=\\\"en\\\">\\n\\n<head>\\n    <meta charset=\\\"utf-8\\\">\\n    <title>Daily Usage Limit Reached</title>\\n    <style>\\n        html {\\n            -webkit-font-smoothing: antialiased;\\n            -moz-osx-font-smoothing: grayscale;\\n        }\\n\\n        body {\\n            font-fa — retrying in 8453ms",
    "meta": {},
    "company": null
  },
  {
    "id": 1777887641404.6465,
    "ts": "2026-05-04T09:40:41.404Z",
    "level": "info",
    "message": "[Customer] 240/481 synced - pausing 17000ms (throttled +15000ms)",
    "meta": {},
    "company": null
  },
  {
    "id": 1777887595136.254,
    "ts": "2026-05-04T09:39:55.136Z",
    "level": "warn",
    "message": "[Customer:Marlex Metal Industries] attempt 5/5 failed (429) — HTTP 429: \"<!DOCTYPE html>\\n<html lang=\\\"en\\\">\\n\\n<head>\\n    <meta charset=\\\"utf-8\\\">\\n    <title>Daily Usage Limit Reached</title>\\n    <style>\\n        html {\\n            -webkit-font-smoothing: antialiased;\\n            -moz-osx-font-smoothing: grayscale;\\n        }\\n\\n        body {\\n            font-fa — retrying in 30182ms",
    "meta": {},
    "company": null
  },
  {
    "id": 1777887595020.7014,
    "ts": "2026-05-04T09:39:55.020Z",
    "level": "warn",
    "message": "[Customer:Marlex Pipes & Tubes] attempt 5/5 failed (429) — HTTP 429: \"<!DOCTYPE html>\\n<html lang=\\\"en\\\">\\n\\n<head>\\n    <meta charset=\\\"utf-8\\\">\\n    <title>Daily Usage Limit Reached</title>\\n    <style>\\n        html {\\n            -webkit-font-smoothing: antialiased;\\n            -moz-osx-font-smoothing: grayscale;\\n        }\\n\\n        body {\\n            font-fa — retrying in 31048ms",
    "meta": {},
    "company": null
  },
  {
    "id": 1777887595013.1501,
    "ts": "2026-05-04T09:39:55.013Z",
    "level": "warn",
    "message": "[Customer:Marquis Entarprises India] attempt 5/5 failed (429) — HTTP 429: \"<!DOCTYPE html>\\n<html lang=\\\"en\\\">\\n\\n<head>\\n    <meta charset=\\\"utf-8\\\">\\n    <title>Daily Usage Limit Reached</title>\\n    <style>\\n        html {\\n            -webkit-font-smoothing: antialiased;\\n            -moz-osx-font-smoothing: grayscale;\\n        }\\n\\n        body {\\n            font-fa — retrying in 30469ms",
    "meta": {},
    "company": null
  },
  {
    "id": 1777887595003.9358,
    "ts": "2026-05-04T09:39:55.003Z",
    "level": "warn",
    "message": "[Customer:Marquis Flowers Pvt. Ltd.] attempt 5/5 failed (429) — HTTP 429: \"<!DOCTYPE html>\\n<html lang=\\\"en\\\">\\n\\n<head>\\n    <meta charset=\\\"utf-8\\\">\\n    <title>Daily Usage Limit Reached</title>\\n    <style>\\n        html {\\n            -webkit-font-smoothing: antialiased;\\n            -moz-osx-font-smoothing: grayscale;\\n        }\\n\\n        body {\\n            font-fa — retrying in 31017ms",
    "meta": {},
    "company": null
  },
  {
    "id": 1777887594979.774,
    "ts": "2026-05-04T09:39:54.979Z",
    "level": "warn",
    "message": "[Customer:Marlex Steel (India)] attempt 5/5 failed (429) — HTTP 429: \"<!DOCTYPE html>\\n<html lang=\\\"en\\\">\\n\\n<head>\\n    <meta charset=\\\"utf-8\\\">\\n    <title>Daily Usage Limit Reached</title>\\n    <style>\\n        html {\\n            -webkit-font-smoothing: antialiased;\\n            -moz-osx-font-smoothing: grayscale;\\n        }\\n\\n        body {\\n            font-fa — retrying in 30717ms",
    "meta": {},
    "company": null
  },
  {
    "id": 1777887594306.4895,
    "ts": "2026-05-04T09:39:54.306Z",
    "level": "warn",
    "message": "[Customer:Marrk & Associates] attempt 5/5 failed (429) — HTTP 429: \"<!DOCTYPE html>\\n<html lang=\\\"en\\\">\\n\\n<head>\\n    <meta charset=\\\"utf-8\\\">\\n    <title>Daily Usage Limit Reached</title>\\n    <style>\\n        html {\\n            -webkit-font-smoothing: antialiased;\\n            -moz-osx-font-smoothing: grayscale;\\n        }\\n\\n        body {\\n            font-fa — retrying in 31320ms",
    "meta": {},
    "company": null
  },
  {
    "id": 1777887593934.0322,
    "ts": "2026-05-04T09:39:53.934Z",
    "level": "warn",
    "message": "[Customer:Marlexpipes] attempt 5/5 failed (429) — HTTP 429: \"<!DOCTYPE html>\\n<html lang=\\\"en\\\">\\n\\n<head>\\n    <meta charset=\\\"utf-8\\\">\\n    <title>Daily Usage Limit Reached</title>\\n    <style>\\n        html {\\n            -webkit-font-smoothing: antialiased;\\n            -moz-osx-font-smoothing: grayscale;\\n        }\\n\\n        body {\\n            font-fa — retrying in 31341ms",
    "meta": {},
    "company": null
  },
  {
    "id": 1777887593807.5684,
    "ts": "2026-05-04T09:39:53.807Z",
    "level": "warn",
    "message": "[Customer:Marquis Enterprises India] attempt 5/5 failed (429) — HTTP 429: \"<!DOCTYPE html>\\n<html lang=\\\"en\\\">\\n\\n<head>\\n    <meta charset=\\\"utf-8\\\">\\n    <title>Daily Usage Limit Reached</title>\\n    <style>\\n        html {\\n            -webkit-font-smoothing: antialiased;\\n            -moz-osx-font-smoothing: grayscale;\\n        }\\n\\n        body {\\n            font-fa — retrying in 31275ms",
    "meta": {},
    "company": null
  },
  {
    "id": 1777887564427.1575,
    "ts": "2026-05-04T09:39:24.427Z",
    "level": "warn",
    "message": "[Customer:Marquis Flowers Pvt. Ltd.] attempt 4/5 failed (429) — HTTP 429: \"<!DOCTYPE html>\\n<html lang=\\\"en\\\">\\n\\n<head>\\n    <meta charset=\\\"utf-8\\\">\\n    <title>Daily Usage Limit Reached</title>\\n    <style>\\n        html {\\n            -webkit-font-smoothing: antialiased;\\n            -moz-osx-font-smoothing: grayscale;\\n        }\\n\\n        body {\\n            font-fa — retrying in 30416ms",
    "meta": {},
    "company": null
  },
  {
    "id": 1777887564387.5542,
    "ts": "2026-05-04T09:39:24.387Z",
    "level": "warn",
    "message": "[Customer:Marlex Metal Industries] attempt 4/5 failed (429) — HTTP 429: \"<!DOCTYPE html>\\n<html lang=\\\"en\\\">\\n\\n<head>\\n    <meta charset=\\\"utf-8\\\">\\n    <title>Daily Usage Limit Reached</title>\\n    <style>\\n        html {\\n            -webkit-font-smoothing: antialiased;\\n            -moz-osx-font-smoothing: grayscale;\\n        }\\n\\n        body {\\n            font-fa — retrying in 30717ms",
    "meta": {},
    "company": null
  },
  {
    "id": 1777887564012.4324,
    "ts": "2026-05-04T09:39:24.012Z",
    "level": "warn",
    "message": "[Customer:Marlex Steel (India)] attempt 4/5 failed (429) — HTTP 429: \"<!DOCTYPE html>\\n<html lang=\\\"en\\\">\\n\\n<head>\\n    <meta charset=\\\"utf-8\\\">\\n    <title>Daily Usage Limit Reached</title>\\n    <style>\\n        html {\\n            -webkit-font-smoothing: antialiased;\\n            -moz-osx-font-smoothing: grayscale;\\n        }\\n\\n        body {\\n            font-fa — retrying in 30779ms",
    "meta": {},
    "company": null
  },
  {
    "id": 1777887563737.7905,
    "ts": "2026-05-04T09:39:23.737Z",
    "level": "warn",
    "message": "[Customer:Marlex Pipes & Tubes] attempt 4/5 failed (429) — HTTP 429: \"<!DOCTYPE html>\\n<html lang=\\\"en\\\">\\n\\n<head>\\n    <meta charset=\\\"utf-8\\\">\\n    <title>Daily Usage Limit Reached</title>\\n    <style>\\n        html {\\n            -webkit-font-smoothing: antialiased;\\n            -moz-osx-font-smoothing: grayscale;\\n        }\\n\\n        body {\\n            font-fa — retrying in 31231ms",
    "meta": {},
    "company": null
  },
  {
    "id": 1777887563637.7588,
    "ts": "2026-05-04T09:39:23.637Z",
    "level": "warn",
    "message": "[Customer:Marlexpipes] attempt 4/5 failed (429) — HTTP 429: \"<!DOCTYPE html>\\n<html lang=\\\"en\\\">\\n\\n<head>\\n    <meta charset=\\\"utf-8\\\">\\n    <title>Daily Usage Limit Reached</title>\\n    <style>\\n        html {\\n            -webkit-font-smoothing: antialiased;\\n            -moz-osx-font-smoothing: grayscale;\\n        }\\n\\n        body {\\n            font-fa — retrying in 30252ms",
    "meta": {},
    "company": null
  },
  {
    "id": 1777887563499.2773,
    "ts": "2026-05-04T09:39:23.499Z",
    "level": "warn",
    "message": "[Customer:Marquis Entarprises India] attempt 4/5 failed (429) — HTTP 429: \"<!DOCTYPE html>\\n<html lang=\\\"en\\\">\\n\\n<head>\\n    <meta charset=\\\"utf-8\\\">\\n    <title>Daily Usage Limit Reached</title>\\n    <style>\\n        html {\\n            -webkit-font-smoothing: antialiased;\\n            -moz-osx-font-smoothing: grayscale;\\n        }\\n\\n        body {\\n            font-fa — retrying in 31467ms",
    "meta": {},
    "company": null
  },
  {
    "id": 1777887563141.6409,
    "ts": "2026-05-04T09:39:23.141Z",
    "level": "warn",
    "message": "[Customer:Marrk & Associates] attempt 4/5 failed (429) — HTTP 429: \"<!DOCTYPE html>\\n<html lang=\\\"en\\\">\\n\\n<head>\\n    <meta charset=\\\"utf-8\\\">\\n    <title>Daily Usage Limit Reached</title>\\n    <style>\\n        html {\\n            -webkit-font-smoothing: antialiased;\\n            -moz-osx-font-smoothing: grayscale;\\n        }\\n\\n        body {\\n            font-fa — retrying in 31136ms",
    "meta": {},
    "company": null
  },
  {
    "id": 1777887562957.2068,
    "ts": "2026-05-04T09:39:22.957Z",
    "level": "warn",
    "message": "[Customer:Marquis Enterprises India] attempt 4/5 failed (429) — HTTP 429: \"<!DOCTYPE html>\\n<html lang=\\\"en\\\">\\n\\n<head>\\n    <meta charset=\\\"utf-8\\\">\\n    <title>Daily Usage Limit Reached</title>\\n    <style>\\n        html {\\n            -webkit-font-smoothing: antialiased;\\n            -moz-osx-font-smoothing: grayscale;\\n        }\\n\\n        body {\\n            font-fa — retrying in 30788ms",
    "meta": {},
    "company": null
  },
  {
    "id": 1777887533033.4739,
    "ts": "2026-05-04T09:38:53.033Z",
    "level": "warn",
    "message": "[Customer:Marlex Pipes & Tubes] attempt 3/5 failed (429) — HTTP 429: \"<!DOCTYPE html>\\n<html lang=\\\"en\\\">\\n\\n<head>\\n    <meta charset=\\\"utf-8\\\">\\n    <title>Daily Usage Limit Reached</title>\\n    <style>\\n        html {\\n            -webkit-font-smoothing: antialiased;\\n            -moz-osx-font-smoothing: grayscale;\\n        }\\n\\n        body {\\n            font-fa — retrying in 30669ms",
    "meta": {},
    "company": null
  },
  {
    "id": 1777887533027.8818,
    "ts": "2026-05-04T09:38:53.027Z",
    "level": "warn",
    "message": "[Customer:Marlex Metal Industries] attempt 3/5 failed (429) — HTTP 429: \"<!DOCTYPE html>\\n<html lang=\\\"en\\\">\\n\\n<head>\\n    <meta charset=\\\"utf-8\\\">\\n    <title>Daily Usage Limit Reached</title>\\n    <style>\\n        html {\\n            -webkit-font-smoothing: antialiased;\\n            -moz-osx-font-smoothing: grayscale;\\n        }\\n\\n        body {\\n            font-fa — retrying in 31310ms",
    "meta": {},
    "company": null
  },
  {
    "id": 1777887533023.3997,
    "ts": "2026-05-04T09:38:53.023Z",
    "level": "warn",
    "message": "[Customer:Marlex Steel (India)] attempt 3/5 failed (429) — HTTP 429: \"<!DOCTYPE html>\\n<html lang=\\\"en\\\">\\n\\n<head>\\n    <meta charset=\\\"utf-8\\\">\\n    <title>Daily Usage Limit Reached</title>\\n    <style>\\n        html {\\n            -webkit-font-smoothing: antialiased;\\n            -moz-osx-font-smoothing: grayscale;\\n        }\\n\\n        body {\\n            font-fa — retrying in 30944ms",
    "meta": {},
    "company": null
  },
  {
    "id": 1777887532929.9656,
    "ts": "2026-05-04T09:38:52.929Z",
    "level": "warn",
    "message": "[Customer:Marrk & Associates] attempt 3/5 failed (429) — HTTP 429: \"<!DOCTYPE html>\\n<html lang=\\\"en\\\">\\n\\n<head>\\n    <meta charset=\\\"utf-8\\\">\\n    <title>Daily Usage Limit Reached</title>\\n    <style>\\n        html {\\n            -webkit-font-smoothing: antialiased;\\n            -moz-osx-font-smoothing: grayscale;\\n        }\\n\\n        body {\\n            font-fa — retrying in 30174ms",
    "meta": {},
    "company": null
  },
  {
    "id": 1777887532923.9597,
    "ts": "2026-05-04T09:38:52.923Z",
    "level": "warn",
    "message": "[Customer:Marquis Flowers Pvt. Ltd.] attempt 3/5 failed (429) — HTTP 429: \"<!DOCTYPE html>\\n<html lang=\\\"en\\\">\\n\\n<head>\\n    <meta charset=\\\"utf-8\\\">\\n    <title>Daily Usage Limit Reached</title>\\n    <style>\\n        html {\\n            -webkit-font-smoothing: antialiased;\\n            -moz-osx-font-smoothing: grayscale;\\n        }\\n\\n        body {\\n            font-fa — retrying in 31467ms",
    "meta": {},
    "company": null
  },
  {
    "id": 1777887532822.1826,
    "ts": "2026-05-04T09:38:52.822Z",
    "level": "warn",
    "message": "[Customer:Marlexpipes] attempt 3/5 failed (429) — HTTP 429: \"<!DOCTYPE html>\\n<html lang=\\\"en\\\">\\n\\n<head>\\n    <meta charset=\\\"utf-8\\\">\\n    <title>Daily Usage Limit Reached</title>\\n    <style>\\n        html {\\n            -webkit-font-smoothing: antialiased;\\n            -moz-osx-font-smoothing: grayscale;\\n        }\\n\\n        body {\\n            font-fa — retrying in 30761ms",
    "meta": {},
    "company": null
  },
  {
    "id": 1777887532153.3977,
    "ts": "2026-05-04T09:38:52.153Z",
    "level": "warn",
    "message": "[Customer:Marquis Entarprises India] attempt 3/5 failed (429) — HTTP 429: \"<!DOCTYPE html>\\n<html lang=\\\"en\\\">\\n\\n<head>\\n    <meta charset=\\\"utf-8\\\">\\n    <title>Daily Usage Limit Reached</title>\\n    <style>\\n        html {\\n            -webkit-font-smoothing: antialiased;\\n            -moz-osx-font-smoothing: grayscale;\\n        }\\n\\n        body {\\n            font-fa — retrying in 31316ms",
    "meta": {},
    "company": null
  },
  {
    "id": 1777887532146.1404,
    "ts": "2026-05-04T09:38:52.146Z",
    "level": "warn",
    "message": "[Customer:Marquis Enterprises India] attempt 3/5 failed (429) — HTTP 429: \"<!DOCTYPE html>\\n<html lang=\\\"en\\\">\\n\\n<head>\\n    <meta charset=\\\"utf-8\\\">\\n    <title>Daily Usage Limit Reached</title>\\n    <style>\\n        html {\\n            -webkit-font-smoothing: antialiased;\\n            -moz-osx-font-smoothing: grayscale;\\n        }\\n\\n        body {\\n            font-fa — retrying in 30734ms",
    "meta": {},
    "company": null
  },
  {
    "id": 1777887513666.3071,
    "ts": "2026-05-04T09:38:33.666Z",
    "level": "warn",
    "message": "[Customer:Marlex Metal Industries] attempt 2/5 failed (429) — HTTP 429: \"<!DOCTYPE html>\\n<html lang=\\\"en\\\">\\n\\n<head>\\n    <meta charset=\\\"utf-8\\\">\\n    <title>Daily Usage Limit Reached</title>\\n    <style>\\n        html {\\n            -webkit-font-smoothing: antialiased;\\n            -moz-osx-font-smoothing: grayscale;\\n        }\\n\\n        body {\\n            font-fa — retrying in 17225ms",
    "meta": {},
    "company": null
  },
  {
    "id": 1777887513661.577,
    "ts": "2026-05-04T09:38:33.661Z",
    "level": "warn",
    "message": "[Customer:Marquis Enterprises India] attempt 2/5 failed (429) — HTTP 429: \"<!DOCTYPE html>\\n<html lang=\\\"en\\\">\\n\\n<head>\\n    <meta charset=\\\"utf-8\\\">\\n    <title>Daily Usage Limit Reached</title>\\n    <style>\\n        html {\\n            -webkit-font-smoothing: antialiased;\\n            -moz-osx-font-smoothing: grayscale;\\n        }\\n\\n        body {\\n            font-fa — retrying in 16455ms",
    "meta": {},
    "company": null
  },
  {
    "id": 1777887513656.72,
    "ts": "2026-05-04T09:38:33.656Z",
    "level": "warn",
    "message": "[Customer:Marquis Flowers Pvt. Ltd.] attempt 2/5 failed (429) — HTTP 429: \"<!DOCTYPE html>\\n<html lang=\\\"en\\\">\\n\\n<head>\\n    <meta charset=\\\"utf-8\\\">\\n    <title>Daily Usage Limit Reached</title>\\n    <style>\\n        html {\\n            -webkit-font-smoothing: antialiased;\\n            -moz-osx-font-smoothing: grayscale;\\n        }\\n\\n        body {\\n            font-fa — retrying in 17063ms",
    "meta": {},
    "company": null
  },
  {
    "id": 1777887513650.0967,
    "ts": "2026-05-04T09:38:33.650Z",
    "level": "warn",
    "message": "[Customer:Marlex Pipes & Tubes] attempt 2/5 failed (429) — HTTP 429: \"<!DOCTYPE html>\\n<html lang=\\\"en\\\">\\n\\n<head>\\n    <meta charset=\\\"utf-8\\\">\\n    <title>Daily Usage Limit Reached</title>\\n    <style>\\n        html {\\n            -webkit-font-smoothing: antialiased;\\n            -moz-osx-font-smoothing: grayscale;\\n        }\\n\\n        body {\\n            font-fa — retrying in 16691ms",
    "meta": {},
    "company": null
  },
  {
    "id": 1777887513643.9941,
    "ts": "2026-05-04T09:38:33.643Z",
    "level": "warn",
    "message": "[Customer:Marlexpipes] attempt 2/5 failed (429) — HTTP 429: \"<!DOCTYPE html>\\n<html lang=\\\"en\\\">\\n\\n<head>\\n    <meta charset=\\\"utf-8\\\">\\n    <title>Daily Usage Limit Reached</title>\\n    <style>\\n        html {\\n            -webkit-font-smoothing: antialiased;\\n            -moz-osx-font-smoothing: grayscale;\\n        }\\n\\n        body {\\n            font-fa — retrying in 17468ms",
    "meta": {},
    "company": null
  },
  {
    "id": 1777887513636.3035,
    "ts": "2026-05-04T09:38:33.636Z",
    "level": "warn",
    "message": "[Customer:Marquis Entarprises India] attempt 2/5 failed (429) — HTTP 429: \"<!DOCTYPE html>\\n<html lang=\\\"en\\\">\\n\\n<head>\\n    <meta charset=\\\"utf-8\\\">\\n    <title>Daily Usage Limit Reached</title>\\n    <style>\\n        html {\\n            -webkit-font-smoothing: antialiased;\\n            -moz-osx-font-smoothing: grayscale;\\n        }\\n\\n        body {\\n            font-fa — retrying in 16541ms",
    "meta": {},
    "company": null
  },
  {
    "id": 1777887513629.185,
    "ts": "2026-05-04T09:38:33.629Z",
    "level": "warn",
    "message": "[Customer:Marrk & Associates] attempt 2/5 failed (429) — HTTP 429: \"<!DOCTYPE html>\\n<html lang=\\\"en\\\">\\n\\n<head>\\n    <meta charset=\\\"utf-8\\\">\\n    <title>Daily Usage Limit Reached</title>\\n    <style>\\n        html {\\n            -webkit-font-smoothing: antialiased;\\n            -moz-osx-font-smoothing: grayscale;\\n        }\\n\\n        body {\\n            font-fa — retrying in 17121ms",
    "meta": {},
    "company": null
  },
  {
    "id": 1777887513623.8027,
    "ts": "2026-05-04T09:38:33.623Z",
    "level": "warn",
    "message": "[Customer:Marlex Steel (India)] attempt 2/5 failed (429) — HTTP 429: \"<!DOCTYPE html>\\n<html lang=\\\"en\\\">\\n\\n<head>\\n    <meta charset=\\\"utf-8\\\">\\n    <title>Daily Usage Limit Reached</title>\\n    <style>\\n        html {\\n            -webkit-font-smoothing: antialiased;\\n            -moz-osx-font-smoothing: grayscale;\\n        }\\n\\n        body {\\n            font-fa — retrying in 16686ms",
    "meta": {},
    "company": null
  },
  {
    "id": 1777887513534.8142,
    "ts": "2026-05-04T09:38:33.534Z",
    "level": "info",
    "message": "Middleware check complete: ok",
    "meta": {
      "companies": 2,
      "groups": 243,
      "ledgers": 16760,
      "voucherTypes": 39,
      "costCategories": 1,
      "costCentres": 45,
      "currencies": 2,
      "budgets": 0,
      "stockGroups": 6,
      "stockItems": 115,
      "stockCategories": 11,
      "units": 5,
      "godowns": 2,
      "vouchers": 10672
    },
    "company": null
  },
  {
    "id": 1777887513520.6353,
    "ts": "2026-05-04T09:38:33.520Z",
    "level": "success",
    "message": "Fetched 10672 vouchers (filtered: 2025-01-01 → 2026-05-04) from 10672 total",
    "meta": {
      "company": "Rajlaxmi Solutions Private Limited - (From 1-Apr-2016)"
    },
    "company": "Rajlaxmi Solutions Private Limited - (From 1-Apr-2016)"
  },
  {
    "id": 1777887513504.7898,
    "ts": "2026-05-04T09:38:33.504Z",
    "level": "info",
    "message": "Vouchers parsed successfully: 10672",
    "meta": {
      "company": "Rajlaxmi Solutions Private Limited - (From 1-Apr-2016)"
    },
    "company": "Rajlaxmi Solutions Private Limited - (From 1-Apr-2016)"
  },
  {
    "id": 1777887513275.0427,
    "ts": "2026-05-04T09:38:33.275Z",
    "level": "info",
    "message": "Raw vouchers received from Tally: 10672",
    "meta": {
      "company": "Rajlaxmi Solutions Private Limited - (From 1-Apr-2016)"
    },
    "company": "Rajlaxmi Solutions Private Limited - (From 1-Apr-2016)"
  },
  {
    "id": 1777887497713.7834,
    "ts": "2026-05-04T09:38:17.713Z",
    "level": "warn",
    "message": "[Customer:Marlex Steel (India)] attempt 1/5 failed (429) — HTTP 429: \"<!DOCTYPE html>\\n<html lang=\\\"en\\\">\\n\\n<head>\\n    <meta charset=\\\"utf-8\\\">\\n    <title>Daily Usage Limit Reached</title>\\n    <style>\\n        html {\\n            -webkit-font-smoothing: antialiased;\\n            -moz-osx-font-smoothing: grayscale;\\n        }\\n\\n        body {\\n            font-fa — retrying in 8120ms",
    "meta": {},
    "company": null
  },
  {
    "id": 1777887497703.2266,
    "ts": "2026-05-04T09:38:17.703Z",
    "level": "warn",
    "message": "[Customer:Marlex Pipes & Tubes] attempt 1/5 failed (429) — HTTP 429: \"<!DOCTYPE html>\\n<html lang=\\\"en\\\">\\n\\n<head>\\n    <meta charset=\\\"utf-8\\\">\\n    <title>Daily Usage Limit Reached</title>\\n    <style>\\n        html {\\n            -webkit-font-smoothing: antialiased;\\n            -moz-osx-font-smoothing: grayscale;\\n        }\\n\\n        body {\\n            font-fa — retrying in 8608ms",
    "meta": {},
    "company": null
  },
  {
    "id": 1777887497697.7966,
    "ts": "2026-05-04T09:38:17.697Z",
    "level": "warn",
    "message": "[Customer:Marlex Metal Industries] attempt 1/5 failed (429) — HTTP 429: \"<!DOCTYPE html>\\n<html lang=\\\"en\\\">\\n\\n<head>\\n    <meta charset=\\\"utf-8\\\">\\n    <title>Daily Usage Limit Reached</title>\\n    <style>\\n        html {\\n            -webkit-font-smoothing: antialiased;\\n            -moz-osx-font-smoothing: grayscale;\\n        }\\n\\n        body {\\n            font-fa — retrying in 9279ms",
    "meta": {},
    "company": null
  },
  {
    "id": 1777887497690.2913,
    "ts": "2026-05-04T09:38:17.690Z",
    "level": "warn",
    "message": "[Customer:Marquis Enterprises India] attempt 1/5 failed (429) — HTTP 429: \"<!DOCTYPE html>\\n<html lang=\\\"en\\\">\\n\\n<head>\\n    <meta charset=\\\"utf-8\\\">\\n    <title>Daily Usage Limit Reached</title>\\n    <style>\\n        html {\\n            -webkit-font-smoothing: antialiased;\\n            -moz-osx-font-smoothing: grayscale;\\n        }\\n\\n        body {\\n            font-fa — retrying in 8846ms",
    "meta": {},
    "company": null
  },
  {
    "id": 1777887497681.1802,
    "ts": "2026-05-04T09:38:17.681Z",
    "level": "warn",
    "message": "[Customer:Marrk & Associates] attempt 1/5 failed (429) — HTTP 429: \"<!DOCTYPE html>\\n<html lang=\\\"en\\\">\\n\\n<head>\\n    <meta charset=\\\"utf-8\\\">\\n    <title>Daily Usage Limit Reached</title>\\n    <style>\\n        html {\\n            -webkit-font-smoothing: antialiased;\\n            -moz-osx-font-smoothing: grayscale;\\n        }\\n\\n        body {\\n            font-fa — retrying in 8107ms",
    "meta": {},
    "company": null
  },
  {
    "id": 1777887497670.3467,
    "ts": "2026-05-04T09:38:17.670Z",
    "level": "warn",
    "message": "[Customer:Marquis Entarprises India] attempt 1/5 failed (429) — HTTP 429: \"<!DOCTYPE html>\\n<html lang=\\\"en\\\">\\n\\n<head>\\n    <meta charset=\\\"utf-8\\\">\\n    <title>Daily Usage Limit Reached</title>\\n    <style>\\n        html {\\n            -webkit-font-smoothing: antialiased;\\n            -moz-osx-font-smoothing: grayscale;\\n        }\\n\\n        body {\\n            font-fa — retrying in 8257ms",
    "meta": {},
    "company": null
  },
  {
    "id": 1777887497660.2664,
    "ts": "2026-05-04T09:38:17.660Z",
    "level": "warn",
    "message": "[Customer:Marquis Flowers Pvt. Ltd.] attempt 1/5 failed (429) — HTTP 429: \"<!DOCTYPE html>\\n<html lang=\\\"en\\\">\\n\\n<head>\\n    <meta charset=\\\"utf-8\\\">\\n    <title>Daily Usage Limit Reached</title>\\n    <style>\\n        html {\\n            -webkit-font-smoothing: antialiased;\\n            -moz-osx-font-smoothing: grayscale;\\n        }\\n\\n        body {\\n            font-fa — retrying in 8491ms",
    "meta": {},
    "company": null
  },
  {
    "id": 1777887497654.556,
    "ts": "2026-05-04T09:38:17.654Z",
    "level": "warn",
    "message": "[Customer:Marlexpipes] attempt 1/5 failed (429) — HTTP 429: \"<!DOCTYPE html>\\n<html lang=\\\"en\\\">\\n\\n<head>\\n    <meta charset=\\\"utf-8\\\">\\n    <title>Daily Usage Limit Reached</title>\\n    <style>\\n        html {\\n            -webkit-font-smoothing: antialiased;\\n            -moz-osx-font-smoothing: grayscale;\\n        }\\n\\n        body {\\n            font-fa — retrying in 8746ms",
    "meta": {},
    "company": null
  },
  {
    "id": 1777887482623.0142,
    "ts": "2026-05-04T09:38:02.623Z",
    "level": "info",
    "message": "Fetching ALL vouchers from Tally",
    "meta": {
      "company": "Rajlaxmi Solutions Private Limited - (From 1-Apr-2016)",
      "fromDate": "2025-01-01",
      "toDate": "2026-05-04"
    },
    "company": "Rajlaxmi Solutions Private Limited - (From 1-Apr-2016)"
  },
  {
    "id": 1777887482614.3298,
    "ts": "2026-05-04T09:38:02.614Z",
    "level": "info",
    "message": "Voucher check: fetching vouchers from 2025-01-01 to 2026-05-04",
    "meta": {
      "company": "Rajlaxmi Solutions Private Limited - (From 1-Apr-2016)"
    },
    "company": "Rajlaxmi Solutions Private Limited - (From 1-Apr-2016)"
  },
  {
    "id": 1777887482607.0847,
    "ts": "2026-05-04T09:38:02.607Z",
    "level": "success",
    "message": "Fetched 2 godowns",
    "meta": {
      "company": "Rajlaxmi Solutions Private Limited - (From 1-Apr-2016)"
    },
    "company": "Rajlaxmi Solutions Private Limited - (From 1-Apr-2016)"
  },
  {
    "id": 1777887482591.2468,
    "ts": "2026-05-04T09:38:02.591Z",
    "level": "info",
    "message": "Fetching godowns from Tally",
    "meta": {
      "company": "Rajlaxmi Solutions Private Limited - (From 1-Apr-2016)"
    },
    "company": "Rajlaxmi Solutions Private Limited - (From 1-Apr-2016)"
  },
  {
    "id": 1777887482582.0225,
    "ts": "2026-05-04T09:38:02.582Z",
    "level": "success",
    "message": "Fetched 5 units",
    "meta": {
      "company": "Rajlaxmi Solutions Private Limited - (From 1-Apr-2016)"
    },
    "company": "Rajlaxmi Solutions Private Limited - (From 1-Apr-2016)"
  },
  {
    "id": 1777887482566.837,
    "ts": "2026-05-04T09:38:02.567Z",
    "level": "info",
    "message": "Fetching units from Tally",
    "meta": {
      "company": "Rajlaxmi Solutions Private Limited - (From 1-Apr-2016)"
    },
    "company": "Rajlaxmi Solutions Private Limited - (From 1-Apr-2016)"
  },
  {
    "id": 1777887482559.888,
    "ts": "2026-05-04T09:38:02.559Z",
    "level": "success",
    "message": "Fetched 11 stock categories",
    "meta": {
      "company": "Rajlaxmi Solutions Private Limited - (From 1-Apr-2016)"
    },
    "company": "Rajlaxmi Solutions Private Limited - (From 1-Apr-2016)"
  },
  {
    "id": 1777887482543.1138,
    "ts": "2026-05-04T09:38:02.543Z",
    "level": "info",
    "message": "Fetching stock categories from Tally",
    "meta": {
      "company": "Rajlaxmi Solutions Private Limited - (From 1-Apr-2016)"
    },
    "company": "Rajlaxmi Solutions Private Limited - (From 1-Apr-2016)"
  },
  {
    "id": 1777887482536.9253,
    "ts": "2026-05-04T09:38:02.536Z",
    "level": "success",
    "message": "Fetched 115 stock items (74 with HSN/SAC, 0 with GST rate)",
    "meta": {
      "company": "Rajlaxmi Solutions Private Limited - (From 1-Apr-2016)"
    },
    "company": "Rajlaxmi Solutions Private Limited - (From 1-Apr-2016)"
  },
  {
    "id": 1777887482452.8398,
    "ts": "2026-05-04T09:38:02.452Z",
    "level": "info",
    "message": "Fetching stock items from Tally",
    "meta": {
      "company": "Rajlaxmi Solutions Private Limited - (From 1-Apr-2016)"
    },
    "company": "Rajlaxmi Solutions Private Limited - (From 1-Apr-2016)"
  },
  {
    "id": 1777887482445.8171,
    "ts": "2026-05-04T09:38:02.445Z",
    "level": "success",
    "message": "Fetched 6 stock groups",
    "meta": {
      "company": "Rajlaxmi Solutions Private Limited - (From 1-Apr-2016)"
    },
    "company": "Rajlaxmi Solutions Private Limited - (From 1-Apr-2016)"
  },
  {
    "id": 1777887482414.2722,
    "ts": "2026-05-04T09:38:02.414Z",
    "level": "info",
    "message": "Fetching stock groups from Tally",
    "meta": {
      "company": "Rajlaxmi Solutions Private Limited - (From 1-Apr-2016)"
    },
    "company": "Rajlaxmi Solutions Private Limited - (From 1-Apr-2016)"
  },
  {
    "id": 1777887482406.2986,
    "ts": "2026-05-04T09:38:02.406Z",
    "level": "success",
    "message": "Fetched 0 budgets",
    "meta": {
      "company": "Rajlaxmi Solutions Private Limited - (From 1-Apr-2016)"
    },
    "company": "Rajlaxmi Solutions Private Limited - (From 1-Apr-2016)"
  },
  {
    "id": 1777887482395.8313,
    "ts": "2026-05-04T09:38:02.395Z",
    "level": "info",
    "message": "Fetching budgets from Tally",
    "meta": {
      "company": "Rajlaxmi Solutions Private Limited - (From 1-Apr-2016)"
    },
    "company": "Rajlaxmi Solutions Private Limited - (From 1-Apr-2016)"
  },
  {
    "id": 1777887482386.65,
    "ts": "2026-05-04T09:38:02.386Z",
    "level": "success",
    "message": "Fetched 2 currencies",
    "meta": {
      "company": "Rajlaxmi Solutions Private Limited - (From 1-Apr-2016)"
    },
    "company": "Rajlaxmi Solutions Private Limited - (From 1-Apr-2016)"
  },
  {
    "id": 1777887482373.1404,
    "ts": "2026-05-04T09:38:02.373Z",
    "level": "info",
    "message": "Fetching currencies from Tally",
    "meta": {
      "company": "Rajlaxmi Solutions Private Limited - (From 1-Apr-2016)"
    },
    "company": "Rajlaxmi Solutions Private Limited - (From 1-Apr-2016)"
  },
  {
    "id": 1777887482364.0337,
    "ts": "2026-05-04T09:38:02.364Z",
    "level": "success",
    "message": "Fetched 45 cost centres",
    "meta": {
      "company": "Rajlaxmi Solutions Private Limited - (From 1-Apr-2016)"
    },
    "company": "Rajlaxmi Solutions Private Limited - (From 1-Apr-2016)"
  },
  {
    "id": 1777887482341.4143,
    "ts": "2026-05-04T09:38:02.341Z",
    "level": "info",
    "message": "Fetching cost centres from Tally",
    "meta": {
      "company": "Rajlaxmi Solutions Private Limited - (From 1-Apr-2016)"
    },
    "company": "Rajlaxmi Solutions Private Limited - (From 1-Apr-2016)"
  },
  {
    "id": 1777887482333.9846,
    "ts": "2026-05-04T09:38:02.333Z",
    "level": "success",
    "message": "Fetched 1 cost categories",
    "meta": {
      "company": "Rajlaxmi Solutions Private Limited - (From 1-Apr-2016)"
    },
    "company": "Rajlaxmi Solutions Private Limited - (From 1-Apr-2016)"
  },
  {
    "id": 1777887482321.092,
    "ts": "2026-05-04T09:38:02.321Z",
    "level": "info",
    "message": "Fetching cost categories from Tally",
    "meta": {
      "company": "Rajlaxmi Solutions Private Limited - (From 1-Apr-2016)"
    },
    "company": "Rajlaxmi Solutions Private Limited - (From 1-Apr-2016)"
  },
  {
    "id": 1777887482313.2249,
    "ts": "2026-05-04T09:38:02.313Z",
    "level": "success",
    "message": "Fetched 39 voucher types",
    "meta": {
      "company": "Rajlaxmi Solutions Private Limited - (From 1-Apr-2016)"
    },
    "company": "Rajlaxmi Solutions Private Limited - (From 1-Apr-2016)"
  },
  {
    "id": 1777887482269.524,
    "ts": "2026-05-04T09:38:02.269Z",
    "level": "info",
    "message": "Fetching voucher types from Tally",
    "meta": {
      "company": "Rajlaxmi Solutions Private Limited - (From 1-Apr-2016)"
    },
    "company": "Rajlaxmi Solutions Private Limited - (From 1-Apr-2016)"
  },
  {
    "id": 1777887482256.13,
    "ts": "2026-05-04T09:38:02.256Z",
    "level": "success",
    "message": "Fetched 16760 ledgers",
    "meta": {
      "company": "Rajlaxmi Solutions Private Limited - (From 1-Apr-2016)"
    },
    "company": "Rajlaxmi Solutions Private Limited - (From 1-Apr-2016)"
  },
  {
    "id": 1777887474834.4556,
    "ts": "2026-05-04T09:37:54.834Z",
    "level": "info",
    "message": "Fetching ledgers from Tally",
    "meta": {
      "company": "Rajlaxmi Solutions Private Limited - (From 1-Apr-2016)"
    },
    "company": "Rajlaxmi Solutions Private Limited - (From 1-Apr-2016)"
  },
  {
    "id": 1777887474823.4275,
    "ts": "2026-05-04T09:37:54.823Z",
    "level": "success",
    "message": "Fetched 243 groups",
    "meta": {
      "company": "Rajlaxmi Solutions Private Limited - (From 1-Apr-2016)"
    },
    "company": "Rajlaxmi Solutions Private Limited - (From 1-Apr-2016)"
  },
  {
    "id": 1777887474690.2761,
    "ts": "2026-05-04T09:37:54.690Z",
    "level": "info",
    "message": "Fetching groups from Tally",
    "meta": {
      "company": "Rajlaxmi Solutions Private Limited - (From 1-Apr-2016)"
    },
    "company": "Rajlaxmi Solutions Private Limited - (From 1-Apr-2016)"
  },
  {
    "id": 1777887474665.8123,
    "ts": "2026-05-04T09:37:54.665Z",
    "level": "info",
    "message": "Fetching companies from Tally",
    "meta": {},
    "company": null
  },
  {
    "id": 1777887474641.7625,
    "ts": "2026-05-04T09:37:54.641Z",
    "level": "info",
    "message": "Middleware check started for: Rajlaxmi Solutions Private Limited - (From 1-Apr-2016)",
    "meta": {},
    "company": null
  },
  {
    "id": 1777887448660.3054,
    "ts": "2026-05-04T09:37:28.660Z",
    "level": "warn",
    "message": "[Customer:MarksMan Healthcare Communications] attempt 5/5 failed (429) — HTTP 429: \"<!DOCTYPE html>\\n<html lang=\\\"en\\\">\\n\\n<head>\\n    <meta charset=\\\"utf-8\\\">\\n    <title>Daily Usage Limit Reached</title>\\n    <style>\\n        html {\\n            -webkit-font-smoothing: antialiased;\\n            -moz-osx-font-smoothing: grayscale;\\n        }\\n\\n        body {\\n            font-fa — retrying in 30696ms",
    "meta": {},
    "company": null
  },
  {
    "id": 1777887448225.0771,
    "ts": "2026-05-04T09:37:28.225Z",
    "level": "warn",
    "message": "[Customer:Mark & Associate] attempt 5/5 failed (429) — HTTP 429: \"<!DOCTYPE html>\\n<html lang=\\\"en\\\">\\n\\n<head>\\n    <meta charset=\\\"utf-8\\\">\\n    <title>Daily Usage Limit Reached</title>\\n    <style>\\n        html {\\n            -webkit-font-smoothing: antialiased;\\n            -moz-osx-font-smoothing: grayscale;\\n        }\\n\\n        body {\\n            font-fa — retrying in 30369ms",
    "meta": {},
    "company": null
  },
  {
    "id": 1777887448166.511,
    "ts": "2026-05-04T09:37:28.166Z",
    "level": "warn",
    "message": "[Customer:Mark Speciality (I) P. Ltd.] attempt 5/5 failed (429) — HTTP 429: \"<!DOCTYPE html>\\n<html lang=\\\"en\\\">\\n\\n<head>\\n    <meta charset=\\\"utf-8\\\">\\n    <title>Daily Usage Limit Reached</title>\\n    <style>\\n        html {\\n            -webkit-font-smoothing: antialiased;\\n            -moz-osx-font-smoothing: grayscale;\\n        }\\n\\n        body {\\n            font-fa — retrying in 30105ms",
    "meta": {},
    "company": null
  },
  {
    "id": 1777887447673.4868,
    "ts": "2026-05-04T09:37:27.673Z",
    "level": "warn",
    "message": "[Customer:Maritu Marble] attempt 5/5 failed (429) — HTTP 429: \"<!DOCTYPE html>\\n<html lang=\\\"en\\\">\\n\\n<head>\\n    <meta charset=\\\"utf-8\\\">\\n    <title>Daily Usage Limit Reached</title>\\n    <style>\\n        html {\\n            -webkit-font-smoothing: antialiased;\\n            -moz-osx-font-smoothing: grayscale;\\n        }\\n\\n        body {\\n            font-fa — retrying in 30286ms",
    "meta": {},
    "company": null
  },
  {
    "id": 1777887447225.3088,
    "ts": "2026-05-04T09:37:27.225Z",
    "level": "warn",
    "message": "[Customer:Mark It Solutions Pvt. Ltd.] attempt 5/5 failed (429) — HTTP 429: \"<!DOCTYPE html>\\n<html lang=\\\"en\\\">\\n\\n<head>\\n    <meta charset=\\\"utf-8\\\">\\n    <title>Daily Usage Limit Reached</title>\\n    <style>\\n        html {\\n            -webkit-font-smoothing: antialiased;\\n            -moz-osx-font-smoothing: grayscale;\\n        }\\n\\n        body {\\n            font-fa — retrying in 31124ms",
    "meta": {},
    "company": null
  },
  {
    "id": 1777887446907.135,
    "ts": "2026-05-04T09:37:26.907Z",
    "level": "warn",
    "message": "[Customer:Markandeshwar Engineering Pvt Ltd] attempt 5/5 failed (429) — HTTP 429: \"<!DOCTYPE html>\\n<html lang=\\\"en\\\">\\n\\n<head>\\n    <meta charset=\\\"utf-8\\\">\\n    <title>Daily Usage Limit Reached</title>\\n    <style>\\n        html {\\n            -webkit-font-smoothing: antialiased;\\n            -moz-osx-font-smoothing: grayscale;\\n        }\\n\\n        body {\\n            font-fa — retrying in 30400ms",
    "meta": {},
    "company": null
  },
  {
    "id": 1777887446821.9854,
    "ts": "2026-05-04T09:37:26.821Z",
    "level": "warn",
    "message": "[Customer:Markin Tex India LLP] attempt 5/5 failed (429) — HTTP 429: \"<!DOCTYPE html>\\n<html lang=\\\"en\\\">\\n\\n<head>\\n    <meta charset=\\\"utf-8\\\">\\n    <title>Daily Usage Limit Reached</title>\\n    <style>\\n        html {\\n            -webkit-font-smoothing: antialiased;\\n            -moz-osx-font-smoothing: grayscale;\\n        }\\n\\n        body {\\n            font-fa — retrying in 30836ms",
    "meta": {},
    "company": null
  },
  {
    "id": 1777887446728.0764,
    "ts": "2026-05-04T09:37:26.728Z",
    "level": "warn",
    "message": "[Customer:Marketeers] attempt 5/5 failed (429) — HTTP 429: \"<!DOCTYPE html>\\n<html lang=\\\"en\\\">\\n\\n<head>\\n    <meta charset=\\\"utf-8\\\">\\n    <title>Daily Usage Limit Reached</title>\\n    <style>\\n        html {\\n            -webkit-font-smoothing: antialiased;\\n            -moz-osx-font-smoothing: grayscale;\\n        }\\n\\n        body {\\n            font-fa — retrying in 30520ms",
    "meta": {},
    "company": null
  },
  {
    "id": 1777887417351.7542,
    "ts": "2026-05-04T09:36:57.351Z",
    "level": "warn",
    "message": "[Customer:Mark & Associate] attempt 4/5 failed (429) — HTTP 429: \"<!DOCTYPE html>\\n<html lang=\\\"en\\\">\\n\\n<head>\\n    <meta charset=\\\"utf-8\\\">\\n    <title>Daily Usage Limit Reached</title>\\n    <style>\\n        html {\\n            -webkit-font-smoothing: antialiased;\\n            -moz-osx-font-smoothing: grayscale;\\n        }\\n\\n        body {\\n            font-fa — retrying in 30845ms",
    "meta": {},
    "company": null
  },
  {
    "id": 1777887417255.166,
    "ts": "2026-05-04T09:36:57.255Z",
    "level": "warn",
    "message": "[Customer:MarksMan Healthcare Communications] attempt 4/5 failed (429) — HTTP 429: \"<!DOCTYPE html>\\n<html lang=\\\"en\\\">\\n\\n<head>\\n    <meta charset=\\\"utf-8\\\">\\n    <title>Daily Usage Limit Reached</title>\\n    <style>\\n        html {\\n            -webkit-font-smoothing: antialiased;\\n            -moz-osx-font-smoothing: grayscale;\\n        }\\n\\n        body {\\n            font-fa — retrying in 31371ms",
    "meta": {},
    "company": null
  },
  {
    "id": 1777887417096.2942,
    "ts": "2026-05-04T09:36:57.096Z",
    "level": "warn",
    "message": "[Customer:Mark It Solutions Pvt. Ltd.] attempt 4/5 failed (429) — HTTP 429: \"<!DOCTYPE html>\\n<html lang=\\\"en\\\">\\n\\n<head>\\n    <meta charset=\\\"utf-8\\\">\\n    <title>Daily Usage Limit Reached</title>\\n    <style>\\n        html {\\n            -webkit-font-smoothing: antialiased;\\n            -moz-osx-font-smoothing: grayscale;\\n        }\\n\\n        body {\\n            font-fa — retrying in 30101ms",
    "meta": {},
    "company": null
  },
  {
    "id": 1777887416920.9797,
    "ts": "2026-05-04T09:36:56.920Z",
    "level": "warn",
    "message": "[Customer:Mark Speciality (I) P. Ltd.] attempt 4/5 failed (429) — HTTP 429: \"<!DOCTYPE html>\\n<html lang=\\\"en\\\">\\n\\n<head>\\n    <meta charset=\\\"utf-8\\\">\\n    <title>Daily Usage Limit Reached</title>\\n    <style>\\n        html {\\n            -webkit-font-smoothing: antialiased;\\n            -moz-osx-font-smoothing: grayscale;\\n        }\\n\\n        body {\\n            font-fa — retrying in 31199ms",
    "meta": {},
    "company": null
  },
  {
    "id": 1777887416472.9932,
    "ts": "2026-05-04T09:36:56.472Z",
    "level": "warn",
    "message": "[Customer:Markin Tex India LLP] attempt 4/5 failed (429) — HTTP 429: \"<!DOCTYPE html>\\n<html lang=\\\"en\\\">\\n\\n<head>\\n    <meta charset=\\\"utf-8\\\">\\n    <title>Daily Usage Limit Reached</title>\\n    <style>\\n        html {\\n            -webkit-font-smoothing: antialiased;\\n            -moz-osx-font-smoothing: grayscale;\\n        }\\n\\n        body {\\n            font-fa — retrying in 30311ms",
    "meta": {},
    "company": null
  },
  {
    "id": 1777887416352.3284,
    "ts": "2026-05-04T09:36:56.352Z",
    "level": "warn",
    "message": "[Customer:Maritu Marble] attempt 4/5 failed (429) — HTTP 429: \"<!DOCTYPE html>\\n<html lang=\\\"en\\\">\\n\\n<head>\\n    <meta charset=\\\"utf-8\\\">\\n    <title>Daily Usage Limit Reached</title>\\n    <style>\\n        html {\\n            -webkit-font-smoothing: antialiased;\\n            -moz-osx-font-smoothing: grayscale;\\n        }\\n\\n        body {\\n            font-fa — retrying in 31279ms",
    "meta": {},
    "company": null
  },
  {
    "id": 1777887416327.5667,
    "ts": "2026-05-04T09:36:56.327Z",
    "level": "warn",
    "message": "[Customer:Markandeshwar Engineering Pvt Ltd] attempt 4/5 failed (429) — HTTP 429: \"<!DOCTYPE html>\\n<html lang=\\\"en\\\">\\n\\n<head>\\n    <meta charset=\\\"utf-8\\\">\\n    <title>Daily Usage Limit Reached</title>\\n    <style>\\n        html {\\n            -webkit-font-smoothing: antialiased;\\n            -moz-osx-font-smoothing: grayscale;\\n        }\\n\\n        body {\\n            font-fa — retrying in 30531ms",
    "meta": {},
    "company": null
  },
  {
    "id": 1777887415446.3054,
    "ts": "2026-05-04T09:36:55.446Z",
    "level": "warn",
    "message": "[Customer:Marketeers] attempt 4/5 failed (429) — HTTP 429: \"<!DOCTYPE html>\\n<html lang=\\\"en\\\">\\n\\n<head>\\n    <meta charset=\\\"utf-8\\\">\\n    <title>Daily Usage Limit Reached</title>\\n    <style>\\n        html {\\n            -webkit-font-smoothing: antialiased;\\n            -moz-osx-font-smoothing: grayscale;\\n        }\\n\\n        body {\\n            font-fa — retrying in 31210ms",
    "meta": {},
    "company": null
  },
  {
    "id": 1777887386558.7942,
    "ts": "2026-05-04T09:36:26.558Z",
    "level": "warn",
    "message": "[Customer:Mark Speciality (I) P. Ltd.] attempt 3/5 failed (429) — HTTP 429: \"<!DOCTYPE html>\\n<html lang=\\\"en\\\">\\n\\n<head>\\n    <meta charset=\\\"utf-8\\\">\\n    <title>Daily Usage Limit Reached</title>\\n    <style>\\n        html {\\n            -webkit-font-smoothing: antialiased;\\n            -moz-osx-font-smoothing: grayscale;\\n        }\\n\\n        body {\\n            font-fa — retrying in 30313ms",
    "meta": {},
    "company": null
  },
  {
    "id": 1777887386435.4968,
    "ts": "2026-05-04T09:36:26.435Z",
    "level": "warn",
    "message": "[Customer:MarksMan Healthcare Communications] attempt 3/5 failed (429) — HTTP 429: \"<!DOCTYPE html>\\n<html lang=\\\"en\\\">\\n\\n<head>\\n    <meta charset=\\\"utf-8\\\">\\n    <title>Daily Usage Limit Reached</title>\\n    <style>\\n        html {\\n            -webkit-font-smoothing: antialiased;\\n            -moz-osx-font-smoothing: grayscale;\\n        }\\n\\n        body {\\n            font-fa — retrying in 30779ms",
    "meta": {},
    "company": null
  },
  {
    "id": 1777887386059.032,
    "ts": "2026-05-04T09:36:26.059Z",
    "level": "warn",
    "message": "[Customer:Mark & Associate] attempt 3/5 failed (429) — HTTP 429: \"<!DOCTYPE html>\\n<html lang=\\\"en\\\">\\n\\n<head>\\n    <meta charset=\\\"utf-8\\\">\\n    <title>Daily Usage Limit Reached</title>\\n    <style>\\n        html {\\n            -webkit-font-smoothing: antialiased;\\n            -moz-osx-font-smoothing: grayscale;\\n        }\\n\\n        body {\\n            font-fa — retrying in 31220ms",
    "meta": {},
    "company": null
  },
  {
    "id": 1777887385964.5754,
    "ts": "2026-05-04T09:36:25.964Z",
    "level": "warn",
    "message": "[Customer:Mark It Solutions Pvt. Ltd.] attempt 3/5 failed (429) — HTTP 429: \"<!DOCTYPE html>\\n<html lang=\\\"en\\\">\\n\\n<head>\\n    <meta charset=\\\"utf-8\\\">\\n    <title>Daily Usage Limit Reached</title>\\n    <style>\\n        html {\\n            -webkit-font-smoothing: antialiased;\\n            -moz-osx-font-smoothing: grayscale;\\n        }\\n\\n        body {\\n            font-fa — retrying in 31097ms",
    "meta": {},
    "company": null
  },
  {
    "id": 1777887385585.691,
    "ts": "2026-05-04T09:36:25.585Z",
    "level": "warn",
    "message": "[Customer:Maritu Marble] attempt 3/5 failed (429) — HTTP 429: \"<!DOCTYPE html>\\n<html lang=\\\"en\\\">\\n\\n<head>\\n    <meta charset=\\\"utf-8\\\">\\n    <title>Daily Usage Limit Reached</title>\\n    <style>\\n        html {\\n            -webkit-font-smoothing: antialiased;\\n            -moz-osx-font-smoothing: grayscale;\\n        }\\n\\n        body {\\n            font-fa — retrying in 30706ms",
    "meta": {},
    "company": null
  },
  {
    "id": 1777887385428.7026,
    "ts": "2026-05-04T09:36:25.428Z",
    "level": "warn",
    "message": "[Customer:Markandeshwar Engineering Pvt Ltd] attempt 3/5 failed (429) — HTTP 429: \"<!DOCTYPE html>\\n<html lang=\\\"en\\\">\\n\\n<head>\\n    <meta charset=\\\"utf-8\\\">\\n    <title>Daily Usage Limit Reached</title>\\n    <style>\\n        html {\\n            -webkit-font-smoothing: antialiased;\\n            -moz-osx-font-smoothing: grayscale;\\n        }\\n\\n        body {\\n            font-fa — retrying in 30850ms",
    "meta": {},
    "company": null
  },
  {
    "id": 1777887385152.805,
    "ts": "2026-05-04T09:36:25.152Z",
    "level": "warn",
    "message": "[Customer:Markin Tex India LLP] attempt 3/5 failed (429) — HTTP 429: \"<!DOCTYPE html>\\n<html lang=\\\"en\\\">\\n\\n<head>\\n    <meta charset=\\\"utf-8\\\">\\n    <title>Daily Usage Limit Reached</title>\\n    <style>\\n        html {\\n            -webkit-font-smoothing: antialiased;\\n            -moz-osx-font-smoothing: grayscale;\\n        }\\n\\n        body {\\n            font-fa — retrying in 31288ms",
    "meta": {},
    "company": null
  },
  {
    "id": 1777887384768.6538,
    "ts": "2026-05-04T09:36:24.768Z",
    "level": "warn",
    "message": "[Customer:Marketeers] attempt 3/5 failed (429) — HTTP 429: \"<!DOCTYPE html>\\n<html lang=\\\"en\\\">\\n\\n<head>\\n    <meta charset=\\\"utf-8\\\">\\n    <title>Daily Usage Limit Reached</title>\\n    <style>\\n        html {\\n            -webkit-font-smoothing: antialiased;\\n            -moz-osx-font-smoothing: grayscale;\\n        }\\n\\n        body {\\n            font-fa — retrying in 30608ms",
    "meta": {},
    "company": null
  },
  {
    "id": 1777887369416.5518,
    "ts": "2026-05-04T09:36:09.416Z",
    "level": "warn",
    "message": "[Customer:Mark Speciality (I) P. Ltd.] attempt 2/5 failed (429) — HTTP 429: \"<!DOCTYPE html>\\n<html lang=\\\"en\\\">\\n\\n<head>\\n    <meta charset=\\\"utf-8\\\">\\n    <title>Daily Usage Limit Reached</title>\\n    <style>\\n        html {\\n            -webkit-font-smoothing: antialiased;\\n            -moz-osx-font-smoothing: grayscale;\\n        }\\n\\n        body {\\n            font-fa — retrying in 17109ms",
    "meta": {},
    "company": null
  },
  {
    "id": 1777887369398.4536,
    "ts": "2026-05-04T09:36:09.398Z",
    "level": "warn",
    "message": "[Customer:Mark & Associate] attempt 2/5 failed (429) — HTTP 429: \"<!DOCTYPE html>\\n<html lang=\\\"en\\\">\\n\\n<head>\\n    <meta charset=\\\"utf-8\\\">\\n    <title>Daily Usage Limit Reached</title>\\n    <style>\\n        html {\\n            -webkit-font-smoothing: antialiased;\\n            -moz-osx-font-smoothing: grayscale;\\n        }\\n\\n        body {\\n            font-fa — retrying in 16635ms",
    "meta": {},
    "company": null
  },
  {
    "id": 1777887369146.571,
    "ts": "2026-05-04T09:36:09.146Z",
    "level": "warn",
    "message": "[Customer:Mark It Solutions Pvt. Ltd.] attempt 2/5 failed (429) — HTTP 429: \"<!DOCTYPE html>\\n<html lang=\\\"en\\\">\\n\\n<head>\\n    <meta charset=\\\"utf-8\\\">\\n    <title>Daily Usage Limit Reached</title>\\n    <style>\\n        html {\\n            -webkit-font-smoothing: antialiased;\\n            -moz-osx-font-smoothing: grayscale;\\n        }\\n\\n        body {\\n            font-fa — retrying in 16780ms",
    "meta": {},
    "company": null
  },
  {
    "id": 1777887369005.2942,
    "ts": "2026-05-04T09:36:09.005Z",
    "level": "warn",
    "message": "[Customer:MarksMan Healthcare Communications] attempt 2/5 failed (429) — HTTP 429: \"<!DOCTYPE html>\\n<html lang=\\\"en\\\">\\n\\n<head>\\n    <meta charset=\\\"utf-8\\\">\\n    <title>Daily Usage Limit Reached</title>\\n    <style>\\n        html {\\n            -webkit-font-smoothing: antialiased;\\n            -moz-osx-font-smoothing: grayscale;\\n        }\\n\\n        body {\\n            font-fa — retrying in 17395ms",
    "meta": {},
    "company": null
  },
  {
    "id": 1777887368619.96,
    "ts": "2026-05-04T09:36:08.619Z",
    "level": "warn",
    "message": "[Customer:Maritu Marble] attempt 2/5 failed (429) — HTTP 429: \"<!DOCTYPE html>\\n<html lang=\\\"en\\\">\\n\\n<head>\\n    <meta charset=\\\"utf-8\\\">\\n    <title>Daily Usage Limit Reached</title>\\n    <style>\\n        html {\\n            -webkit-font-smoothing: antialiased;\\n            -moz-osx-font-smoothing: grayscale;\\n        }\\n\\n        body {\\n            font-fa — retrying in 16932ms",
    "meta": {},
    "company": null
  },
  {
    "id": 1777887368431.2273,
    "ts": "2026-05-04T09:36:08.431Z",
    "level": "warn",
    "message": "[Customer:Markin Tex India LLP] attempt 2/5 failed (429) — HTTP 429: \"<!DOCTYPE html>\\n<html lang=\\\"en\\\">\\n\\n<head>\\n    <meta charset=\\\"utf-8\\\">\\n    <title>Daily Usage Limit Reached</title>\\n    <style>\\n        html {\\n            -webkit-font-smoothing: antialiased;\\n            -moz-osx-font-smoothing: grayscale;\\n        }\\n\\n        body {\\n            font-fa — retrying in 16680ms",
    "meta": {},
    "company": null
  },
  {
    "id": 1777887368287.4849,
    "ts": "2026-05-04T09:36:08.287Z",
    "level": "warn",
    "message": "[Customer:Markandeshwar Engineering Pvt Ltd] attempt 2/5 failed (429) — HTTP 429: \"<!DOCTYPE html>\\n<html lang=\\\"en\\\">\\n\\n<head>\\n    <meta charset=\\\"utf-8\\\">\\n    <title>Daily Usage Limit Reached</title>\\n    <style>\\n        html {\\n            -webkit-font-smoothing: antialiased;\\n            -moz-osx-font-smoothing: grayscale;\\n        }\\n\\n        body {\\n            font-fa — retrying in 17104ms",
    "meta": {},
    "company": null
  },
  {
    "id": 1777887368275.089,
    "ts": "2026-05-04T09:36:08.275Z",
    "level": "warn",
    "message": "[Customer:Marketeers] attempt 2/5 failed (429) — HTTP 429: \"<!DOCTYPE html>\\n<html lang=\\\"en\\\">\\n\\n<head>\\n    <meta charset=\\\"utf-8\\\">\\n    <title>Daily Usage Limit Reached</title>\\n    <style>\\n        html {\\n            -webkit-font-smoothing: antialiased;\\n            -moz-osx-font-smoothing: grayscale;\\n        }\\n\\n        body {\\n            font-fa — retrying in 16426ms",
    "meta": {},
    "company": null
  },
  {
    "id": 1777887360227.6245,
    "ts": "2026-05-04T09:36:00.227Z",
    "level": "warn",
    "message": "[Customer:Markin Tex India LLP] attempt 1/5 failed (429) — HTTP 429: \"<!DOCTYPE html>\\n<html lang=\\\"en\\\">\\n\\n<head>\\n    <meta charset=\\\"utf-8\\\">\\n    <title>Daily Usage Limit Reached</title>\\n    <style>\\n        html {\\n            -webkit-font-smoothing: antialiased;\\n            -moz-osx-font-smoothing: grayscale;\\n        }\\n\\n        body {\\n            font-fa — retrying in 8171ms",
    "meta": {},
    "company": null
  },
  {
    "id": 1777887360224.2722,
    "ts": "2026-05-04T09:36:00.224Z",
    "level": "warn",
    "message": "[Customer:Markandeshwar Engineering Pvt Ltd] attempt 1/5 failed (429) — HTTP 429: \"<!DOCTYPE html>\\n<html lang=\\\"en\\\">\\n\\n<head>\\n    <meta charset=\\\"utf-8\\\">\\n    <title>Daily Usage Limit Reached</title>\\n    <style>\\n        html {\\n            -webkit-font-smoothing: antialiased;\\n            -moz-osx-font-smoothing: grayscale;\\n        }\\n\\n        body {\\n            font-fa — retrying in 8021ms",
    "meta": {},
    "company": null
  },
  {
    "id": 1777887360220.9622,
    "ts": "2026-05-04T09:36:00.220Z",
    "level": "warn",
    "message": "[Customer:Mark & Associate] attempt 1/5 failed (429) — HTTP 429: \"<!DOCTYPE html>\\n<html lang=\\\"en\\\">\\n\\n<head>\\n    <meta charset=\\\"utf-8\\\">\\n    <title>Daily Usage Limit Reached</title>\\n    <style>\\n        html {\\n            -webkit-font-smoothing: antialiased;\\n            -moz-osx-font-smoothing: grayscale;\\n        }\\n\\n        body {\\n            font-fa — retrying in 9150ms",
    "meta": {},
    "company": null
  },
  {
    "id": 1777887360215.029,
    "ts": "2026-05-04T09:36:00.215Z",
    "level": "warn",
    "message": "[Customer:Maritu Marble] attempt 1/5 failed (429) — HTTP 429: \"<!DOCTYPE html>\\n<html lang=\\\"en\\\">\\n\\n<head>\\n    <meta charset=\\\"utf-8\\\">\\n    <title>Daily Usage Limit Reached</title>\\n    <style>\\n        html {\\n            -webkit-font-smoothing: antialiased;\\n            -moz-osx-font-smoothing: grayscale;\\n        }\\n\\n        body {\\n            font-fa — retrying in 8373ms",
    "meta": {},
    "company": null
  },
  {
    "id": 1777887360211.5999,
    "ts": "2026-05-04T09:36:00.211Z",
    "level": "warn",
    "message": "[Customer:Mark Speciality (I) P. Ltd.] attempt 1/5 failed (429) — HTTP 429: \"<!DOCTYPE html>\\n<html lang=\\\"en\\\">\\n\\n<head>\\n    <meta charset=\\\"utf-8\\\">\\n    <title>Daily Usage Limit Reached</title>\\n    <style>\\n        html {\\n            -webkit-font-smoothing: antialiased;\\n            -moz-osx-font-smoothing: grayscale;\\n        }\\n\\n        body {\\n            font-fa — retrying in 9185ms",
    "meta": {},
    "company": null
  },
  {
    "id": 1777887360206.1772,
    "ts": "2026-05-04T09:36:00.206Z",
    "level": "warn",
    "message": "[Customer:Marketeers] attempt 1/5 failed (429) — HTTP 429: \"<!DOCTYPE html>\\n<html lang=\\\"en\\\">\\n\\n<head>\\n    <meta charset=\\\"utf-8\\\">\\n    <title>Daily Usage Limit Reached</title>\\n    <style>\\n        html {\\n            -webkit-font-smoothing: antialiased;\\n            -moz-osx-font-smoothing: grayscale;\\n        }\\n\\n        body {\\n            font-fa — retrying in 8013ms",
    "meta": {},
    "company": null
  },
  {
    "id": 1777887360203.631,
    "ts": "2026-05-04T09:36:00.203Z",
    "level": "warn",
    "message": "[Customer:Mark It Solutions Pvt. Ltd.] attempt 1/5 failed (429) — HTTP 429: \"<!DOCTYPE html>\\n<html lang=\\\"en\\\">\\n\\n<head>\\n    <meta charset=\\\"utf-8\\\">\\n    <title>Daily Usage Limit Reached</title>\\n    <style>\\n        html {\\n            -webkit-font-smoothing: antialiased;\\n            -moz-osx-font-smoothing: grayscale;\\n        }\\n\\n        body {\\n            font-fa — retrying in 8910ms",
    "meta": {},
    "company": null
  },
  {
    "id": 1777887360200.547,
    "ts": "2026-05-04T09:36:00.200Z",
    "level": "warn",
    "message": "[Customer:MarksMan Healthcare Communications] attempt 1/5 failed (429) — HTTP 429: \"<!DOCTYPE html>\\n<html lang=\\\"en\\\">\\n\\n<head>\\n    <meta charset=\\\"utf-8\\\">\\n    <title>Daily Usage Limit Reached</title>\\n    <style>\\n        html {\\n            -webkit-font-smoothing: antialiased;\\n            -moz-osx-font-smoothing: grayscale;\\n        }\\n\\n        body {\\n            font-fa — retrying in 8773ms",
    "meta": {},
    "company": null
  },
  {
    "id": 1777887313571.8267,
    "ts": "2026-05-04T09:35:13.571Z",
    "level": "warn",
    "message": "[Customer:Mardia Steel India] attempt 5/5 failed (429) — HTTP 429: \"<!DOCTYPE html>\\n<html lang=\\\"en\\\">\\n\\n<head>\\n    <meta charset=\\\"utf-8\\\">\\n    <title>Daily Usage Limit Reached</title>\\n    <style>\\n        html {\\n            -webkit-font-smoothing: antialiased;\\n            -moz-osx-font-smoothing: grayscale;\\n        }\\n\\n        body {\\n            font-fa — retrying in 30509ms",
    "meta": {},
    "company": null
  },
  {
    "id": 1777887313543.6274,
    "ts": "2026-05-04T09:35:13.543Z",
    "level": "warn",
    "message": "[Customer:MARINA CO-OP. HSG. SOC. LTD.] attempt 5/5 failed (429) — HTTP 429: \"<!DOCTYPE html>\\n<html lang=\\\"en\\\">\\n\\n<head>\\n    <meta charset=\\\"utf-8\\\">\\n    <title>Daily Usage Limit Reached</title>\\n    <style>\\n        html {\\n            -webkit-font-smoothing: antialiased;\\n            -moz-osx-font-smoothing: grayscale;\\n        }\\n\\n        body {\\n            font-fa — retrying in 31249ms",
    "meta": {},
    "company": null
  },
  {
    "id": 1777887313228.6748,
    "ts": "2026-05-04T09:35:13.228Z",
    "level": "warn",
    "message": "[Customer:Marino Food Products Pvt Ltd] attempt 5/5 failed (429) — HTTP 429: \"<!DOCTYPE html>\\n<html lang=\\\"en\\\">\\n\\n<head>\\n    <meta charset=\\\"utf-8\\\">\\n    <title>Daily Usage Limit Reached</title>\\n    <style>\\n        html {\\n            -webkit-font-smoothing: antialiased;\\n            -moz-osx-font-smoothing: grayscale;\\n        }\\n\\n        body {\\n            font-fa — retrying in 30755ms",
    "meta": {},
    "company": null
  },
  {
    "id": 1777887313216.1528,
    "ts": "2026-05-04T09:35:13.216Z",
    "level": "warn",
    "message": "[Customer:Mardia Steel Impex] attempt 5/5 failed (429) — HTTP 429: \"<!DOCTYPE html>\\n<html lang=\\\"en\\\">\\n\\n<head>\\n    <meta charset=\\\"utf-8\\\">\\n    <title>Daily Usage Limit Reached</title>\\n    <style>\\n        html {\\n            -webkit-font-smoothing: antialiased;\\n            -moz-osx-font-smoothing: grayscale;\\n        }\\n\\n        body {\\n            font-fa — retrying in 30408ms",
    "meta": {},
    "company": null
  },
  {
    "id": 1777887313189.1667,
    "ts": "2026-05-04T09:35:13.189Z",
    "level": "warn",
    "message": "[Customer:Marine Stainless India] attempt 5/5 failed (429) — HTTP 429: \"<!DOCTYPE html>\\n<html lang=\\\"en\\\">\\n\\n<head>\\n    <meta charset=\\\"utf-8\\\">\\n    <title>Daily Usage Limit Reached</title>\\n    <style>\\n        html {\\n            -webkit-font-smoothing: antialiased;\\n            -moz-osx-font-smoothing: grayscale;\\n        }\\n\\n        body {\\n            font-fa — retrying in 30393ms",
    "meta": {},
    "company": null
  },
  {
    "id": 1777887313057.536,
    "ts": "2026-05-04T09:35:13.057Z",
    "level": "warn",
    "message": "[Customer:Marhaba Tours And Travels] attempt 5/5 failed (429) — HTTP 429: \"<!DOCTYPE html>\\n<html lang=\\\"en\\\">\\n\\n<head>\\n    <meta charset=\\\"utf-8\\\">\\n    <title>Daily Usage Limit Reached</title>\\n    <style>\\n        html {\\n            -webkit-font-smoothing: antialiased;\\n            -moz-osx-font-smoothing: grayscale;\\n        }\\n\\n        body {\\n            font-fa — retrying in 30601ms",
    "meta": {},
    "company": null
  },
  {
    "id": 1777887312657.0693,
    "ts": "2026-05-04T09:35:12.657Z",
    "level": "warn",
    "message": "[Customer:Maritime Oil Company] attempt 5/5 failed (429) — HTTP 429: \"<!DOCTYPE html>\\n<html lang=\\\"en\\\">\\n\\n<head>\\n    <meta charset=\\\"utf-8\\\">\\n    <title>Daily Usage Limit Reached</title>\\n    <style>\\n        html {\\n            -webkit-font-smoothing: antialiased;\\n            -moz-osx-font-smoothing: grayscale;\\n        }\\n\\n        body {\\n            font-fa — retrying in 30793ms",
    "meta": {},
    "company": null
  },
  {
    "id": 1777887312311.2637,
    "ts": "2026-05-04T09:35:12.311Z",
    "level": "warn",
    "message": "[Customer:Marine Blue Technology Pvt. Ltd] attempt 5/5 failed (429) — HTTP 429: \"<!DOCTYPE html>\\n<html lang=\\\"en\\\">\\n\\n<head>\\n    <meta charset=\\\"utf-8\\\">\\n    <title>Daily Usage Limit Reached</title>\\n    <style>\\n        html {\\n            -webkit-font-smoothing: antialiased;\\n            -moz-osx-font-smoothing: grayscale;\\n        }\\n\\n        body {\\n            font-fa — retrying in 31170ms",
    "meta": {},
    "company": null
  },
  {
    "id": 1777887282946.6672,
    "ts": "2026-05-04T09:34:42.946Z",
    "level": "warn",
    "message": "[Customer:Mardia Steel Impex] attempt 4/5 failed (429) — HTTP 429: \"<!DOCTYPE html>\\n<html lang=\\\"en\\\">\\n\\n<head>\\n    <meta charset=\\\"utf-8\\\">\\n    <title>Daily Usage Limit Reached</title>\\n    <style>\\n        html {\\n            -webkit-font-smoothing: antialiased;\\n            -moz-osx-font-smoothing: grayscale;\\n        }\\n\\n        body {\\n            font-fa — retrying in 30250ms",
    "meta": {},
    "company": null
  },
  {
    "id": 1777887282849.3875,
    "ts": "2026-05-04T09:34:42.849Z",
    "level": "warn",
    "message": "[Customer:MARINA CO-OP. HSG. SOC. LTD.] attempt 4/5 failed (429) — HTTP 429: \"<!DOCTYPE html>\\n<html lang=\\\"en\\\">\\n\\n<head>\\n    <meta charset=\\\"utf-8\\\">\\n    <title>Daily Usage Limit Reached</title>\\n    <style>\\n        html {\\n            -webkit-font-smoothing: antialiased;\\n            -moz-osx-font-smoothing: grayscale;\\n        }\\n\\n        body {\\n            font-fa — retrying in 30675ms",
    "meta": {},
    "company": null
  },
  {
    "id": 1777887282739.4778,
    "ts": "2026-05-04T09:34:42.739Z",
    "level": "warn",
    "message": "[Customer:Marino Food Products Pvt Ltd] attempt 4/5 failed (429) — HTTP 429: \"<!DOCTYPE html>\\n<html lang=\\\"en\\\">\\n\\n<head>\\n    <meta charset=\\\"utf-8\\\">\\n    <title>Daily Usage Limit Reached</title>\\n    <style>\\n        html {\\n            -webkit-font-smoothing: antialiased;\\n            -moz-osx-font-smoothing: grayscale;\\n        }\\n\\n        body {\\n            font-fa — retrying in 30444ms",
    "meta": {},
    "company": null
  },
  {
    "id": 1777887282696.0515,
    "ts": "2026-05-04T09:34:42.696Z",
    "level": "warn",
    "message": "[Customer:Mardia Steel India] attempt 4/5 failed (429) — HTTP 429: \"<!DOCTYPE html>\\n<html lang=\\\"en\\\">\\n\\n<head>\\n    <meta charset=\\\"utf-8\\\">\\n    <title>Daily Usage Limit Reached</title>\\n    <style>\\n        html {\\n            -webkit-font-smoothing: antialiased;\\n            -moz-osx-font-smoothing: grayscale;\\n        }\\n\\n        body {\\n            font-fa — retrying in 30855ms",
    "meta": {},
    "company": null
  },
  {
    "id": 1777887282556.5925,
    "ts": "2026-05-04T09:34:42.556Z",
    "level": "warn",
    "message": "[Customer:Marhaba Tours And Travels] attempt 4/5 failed (429) — HTTP 429: \"<!DOCTYPE html>\\n<html lang=\\\"en\\\">\\n\\n<head>\\n    <meta charset=\\\"utf-8\\\">\\n    <title>Daily Usage Limit Reached</title>\\n    <style>\\n        html {\\n            -webkit-font-smoothing: antialiased;\\n            -moz-osx-font-smoothing: grayscale;\\n        }\\n\\n        body {\\n            font-fa — retrying in 30474ms",
    "meta": {},
    "company": null
  },
  {
    "id": 1777887282446.5232,
    "ts": "2026-05-04T09:34:42.446Z",
    "level": "warn",
    "message": "[Customer:Marine Stainless India] attempt 4/5 failed (429) — HTTP 429: \"<!DOCTYPE html>\\n<html lang=\\\"en\\\">\\n\\n<head>\\n    <meta charset=\\\"utf-8\\\">\\n    <title>Daily Usage Limit Reached</title>\\n    <style>\\n        html {\\n            -webkit-font-smoothing: antialiased;\\n            -moz-osx-font-smoothing: grayscale;\\n        }\\n\\n        body {\\n            font-fa — retrying in 30696ms",
    "meta": {},
    "company": null
  },
  {
    "id": 1777887282244.6675,
    "ts": "2026-05-04T09:34:42.244Z",
    "level": "warn",
    "message": "[Customer:Marine Blue Technology Pvt. Ltd] attempt 4/5 failed (429) — HTTP 429: \"<!DOCTYPE html>\\n<html lang=\\\"en\\\">\\n\\n<head>\\n    <meta charset=\\\"utf-8\\\">\\n    <title>Daily Usage Limit Reached</title>\\n    <style>\\n        html {\\n            -webkit-font-smoothing: antialiased;\\n            -moz-osx-font-smoothing: grayscale;\\n        }\\n\\n        body {\\n            font-fa — retrying in 30004ms",
    "meta": {},
    "company": null
  },
  {
    "id": 1777887281835.3792,
    "ts": "2026-05-04T09:34:41.835Z",
    "level": "warn",
    "message": "[Customer:Maritime Oil Company] attempt 4/5 failed (429) — HTTP 429: \"<!DOCTYPE html>\\n<html lang=\\\"en\\\">\\n\\n<head>\\n    <meta charset=\\\"utf-8\\\">\\n    <title>Daily Usage Limit Reached</title>\\n    <style>\\n        html {\\n            -webkit-font-smoothing: antialiased;\\n            -moz-osx-font-smoothing: grayscale;\\n        }\\n\\n        body {\\n            font-fa — retrying in 30785ms",
    "meta": {},
    "company": null
  },
  {
    "id": 1777887250064.9426,
    "ts": "2026-05-04T09:34:10.064Z",
    "level": "warn",
    "message": "[Customer:Mardia Steel Impex] attempt 3/5 failed (429) — HTTP 429: \"<!DOCTYPE html>\\n<html lang=\\\"en\\\">\\n\\n<head>\\n    <meta charset=\\\"utf-8\\\">\\n    <title>Daily Usage Limit Reached</title>\\n    <style>\\n        html {\\n            -webkit-font-smoothing: antialiased;\\n            -moz-osx-font-smoothing: grayscale;\\n        }\\n\\n        body {\\n            font-fa — retrying in 31444ms",
    "meta": {},
    "company": null
  },
  {
    "id": 1777887249943.351,
    "ts": "2026-05-04T09:34:09.943Z",
    "level": "warn",
    "message": "[Customer:Marine Stainless India] attempt 3/5 failed (429) — HTTP 429: \"<!DOCTYPE html>\\n<html lang=\\\"en\\\">\\n\\n<head>\\n    <meta charset=\\\"utf-8\\\">\\n    <title>Daily Usage Limit Reached</title>\\n    <style>\\n        html {\\n            -webkit-font-smoothing: antialiased;\\n            -moz-osx-font-smoothing: grayscale;\\n        }\\n\\n        body {\\n            font-fa — retrying in 31219ms",
    "meta": {},
    "company": null
  },
  {
    "id": 1777887249765.173,
    "ts": "2026-05-04T09:34:09.765Z",
    "level": "warn",
    "message": "[Customer:Mardia Steel India] attempt 3/5 failed (429) — HTTP 429: \"<!DOCTYPE html>\\n<html lang=\\\"en\\\">\\n\\n<head>\\n    <meta charset=\\\"utf-8\\\">\\n    <title>Daily Usage Limit Reached</title>\\n    <style>\\n        html {\\n            -webkit-font-smoothing: antialiased;\\n            -moz-osx-font-smoothing: grayscale;\\n        }\\n\\n        body {\\n            font-fa — retrying in 30910ms",
    "meta": {},
    "company": null
  },
  {
    "id": 1777887249568.2285,
    "ts": "2026-05-04T09:34:09.568Z",
    "level": "warn",
    "message": "[Customer:Marine Blue Technology Pvt. Ltd] attempt 3/5 failed (429) — HTTP 429: \"<!DOCTYPE html>\\n<html lang=\\\"en\\\">\\n\\n<head>\\n    <meta charset=\\\"utf-8\\\">\\n    <title>Daily Usage Limit Reached</title>\\n    <style>\\n        html {\\n            -webkit-font-smoothing: antialiased;\\n            -moz-osx-font-smoothing: grayscale;\\n        }\\n\\n        body {\\n            font-fa — retrying in 30288ms",
    "meta": {},
    "company": null
  },
  {
    "id": 1777887249273.8494,
    "ts": "2026-05-04T09:34:09.273Z",
    "level": "warn",
    "message": "[Customer:MARINA CO-OP. HSG. SOC. LTD.] attempt 3/5 failed (429) — HTTP 429: \"<!DOCTYPE html>\\n<html lang=\\\"en\\\">\\n\\n<head>\\n    <meta charset=\\\"utf-8\\\">\\n    <title>Daily Usage Limit Reached</title>\\n    <style>\\n        html {\\n            -webkit-font-smoothing: antialiased;\\n            -moz-osx-font-smoothing: grayscale;\\n        }\\n\\n        body {\\n            font-fa — retrying in 31319ms",
    "meta": {},
    "company": null
  },
  {
    "id": 1777887249232.6965,
    "ts": "2026-05-04T09:34:09.232Z",
    "level": "warn",
    "message": "[Customer:Marhaba Tours And Travels] attempt 3/5 failed (429) — HTTP 429: \"<!DOCTYPE html>\\n<html lang=\\\"en\\\">\\n\\n<head>\\n    <meta charset=\\\"utf-8\\\">\\n    <title>Daily Usage Limit Reached</title>\\n    <style>\\n        html {\\n            -webkit-font-smoothing: antialiased;\\n            -moz-osx-font-smoothing: grayscale;\\n        }\\n\\n        body {\\n            font-fa — retrying in 30727ms",
    "meta": {},
    "company": null
  },
  {
    "id": 1777887248961.8022,
    "ts": "2026-05-04T09:34:08.961Z",
    "level": "warn",
    "message": "[Customer:Maritime Oil Company] attempt 3/5 failed (429) — HTTP 429: \"<!DOCTYPE html>\\n<html lang=\\\"en\\\">\\n\\n<head>\\n    <meta charset=\\\"utf-8\\\">\\n    <title>Daily Usage Limit Reached</title>\\n    <style>\\n        html {\\n            -webkit-font-smoothing: antialiased;\\n            -moz-osx-font-smoothing: grayscale;\\n        }\\n\\n        body {\\n            font-fa — retrying in 30558ms",
    "meta": {},
    "company": null
  },
  {
    "id": 1777887248032.5347,
    "ts": "2026-05-04T09:34:08.032Z",
    "level": "warn",
    "message": "[Customer:Marino Food Products Pvt Ltd] attempt 3/5 failed (429) — HTTP 429: \"<!DOCTYPE html>\\n<html lang=\\\"en\\\">\\n\\n<head>\\n    <meta charset=\\\"utf-8\\\">\\n    <title>Daily Usage Limit Reached</title>\\n    <style>\\n        html {\\n            -webkit-font-smoothing: antialiased;\\n            -moz-osx-font-smoothing: grayscale;\\n        }\\n\\n        body {\\n            font-fa — retrying in 31244ms",
    "meta": {},
    "company": null
  },
  {
    "id": 1777887233517.3901,
    "ts": "2026-05-04T09:33:53.517Z",
    "level": "warn",
    "message": "[Customer:Mardia Steel India] attempt 2/5 failed (429) — HTTP 429: \"<!DOCTYPE html>\\n<html lang=\\\"en\\\">\\n\\n<head>\\n    <meta charset=\\\"utf-8\\\">\\n    <title>Daily Usage Limit Reached</title>\\n    <style>\\n        html {\\n            -webkit-font-smoothing: antialiased;\\n            -moz-osx-font-smoothing: grayscale;\\n        }\\n\\n        body {\\n            font-fa — retrying in 16198ms",
    "meta": {},
    "company": null
  },
  {
    "id": 1777887232978.67,
    "ts": "2026-05-04T09:33:52.978Z",
    "level": "warn",
    "message": "[Customer:Marhaba Tours And Travels] attempt 2/5 failed (429) — HTTP 429: \"<!DOCTYPE html>\\n<html lang=\\\"en\\\">\\n\\n<head>\\n    <meta charset=\\\"utf-8\\\">\\n    <title>Daily Usage Limit Reached</title>\\n    <style>\\n        html {\\n            -webkit-font-smoothing: antialiased;\\n            -moz-osx-font-smoothing: grayscale;\\n        }\\n\\n        body {\\n            font-fa — retrying in 16205ms",
    "meta": {},
    "company": null
  },
  {
    "id": 1777887232707.9976,
    "ts": "2026-05-04T09:33:52.707Z",
    "level": "warn",
    "message": "[Customer:Mardia Steel Impex] attempt 2/5 failed (429) — HTTP 429: \"<!DOCTYPE html>\\n<html lang=\\\"en\\\">\\n\\n<head>\\n    <meta charset=\\\"utf-8\\\">\\n    <title>Daily Usage Limit Reached</title>\\n    <style>\\n        html {\\n            -webkit-font-smoothing: antialiased;\\n            -moz-osx-font-smoothing: grayscale;\\n        }\\n\\n        body {\\n            font-fa — retrying in 17336ms",
    "meta": {},
    "company": null
  },
  {
    "id": 1777887232671.309,
    "ts": "2026-05-04T09:33:52.671Z",
    "level": "warn",
    "message": "[Customer:Marine Blue Technology Pvt. Ltd] attempt 2/5 failed (429) — HTTP 429: \"<!DOCTYPE html>\\n<html lang=\\\"en\\\">\\n\\n<head>\\n    <meta charset=\\\"utf-8\\\">\\n    <title>Daily Usage Limit Reached</title>\\n    <style>\\n        html {\\n            -webkit-font-smoothing: antialiased;\\n            -moz-osx-font-smoothing: grayscale;\\n        }\\n\\n        body {\\n            font-fa — retrying in 16867ms",
    "meta": {},
    "company": null
  },
  {
    "id": 1777887232497.2305,
    "ts": "2026-05-04T09:33:52.497Z",
    "level": "warn",
    "message": "[Customer:MARINA CO-OP. HSG. SOC. LTD.] attempt 2/5 failed (429) — HTTP 429: \"<!DOCTYPE html>\\n<html lang=\\\"en\\\">\\n\\n<head>\\n    <meta charset=\\\"utf-8\\\">\\n    <title>Daily Usage Limit Reached</title>\\n    <style>\\n        html {\\n            -webkit-font-smoothing: antialiased;\\n            -moz-osx-font-smoothing: grayscale;\\n        }\\n\\n        body {\\n            font-fa — retrying in 16737ms",
    "meta": {},
    "company": null
  },
  {
    "id": 1777887232489.5068,
    "ts": "2026-05-04T09:33:52.489Z",
    "level": "warn",
    "message": "[Customer:Marine Stainless India] attempt 2/5 failed (429) — HTTP 429: \"<!DOCTYPE html>\\n<html lang=\\\"en\\\">\\n\\n<head>\\n    <meta charset=\\\"utf-8\\\">\\n    <title>Daily Usage Limit Reached</title>\\n    <style>\\n        html {\\n            -webkit-font-smoothing: antialiased;\\n            -moz-osx-font-smoothing: grayscale;\\n        }\\n\\n        body {\\n            font-fa — retrying in 17420ms",
    "meta": {},
    "company": null
  },
  {
    "id": 1777887231770.6926,
    "ts": "2026-05-04T09:33:51.770Z",
    "level": "warn",
    "message": "[Customer:Marino Food Products Pvt Ltd] attempt 2/5 failed (429) — HTTP 429: \"<!DOCTYPE html>\\n<html lang=\\\"en\\\">\\n\\n<head>\\n    <meta charset=\\\"utf-8\\\">\\n    <title>Daily Usage Limit Reached</title>\\n    <style>\\n        html {\\n            -webkit-font-smoothing: antialiased;\\n            -moz-osx-font-smoothing: grayscale;\\n        }\\n\\n        body {\\n            font-fa — retrying in 16175ms",
    "meta": {},
    "company": null
  },
  {
    "id": 1777887231533.3318,
    "ts": "2026-05-04T09:33:51.533Z",
    "level": "warn",
    "message": "[Customer:Maritime Oil Company] attempt 2/5 failed (429) — HTTP 429: \"<!DOCTYPE html>\\n<html lang=\\\"en\\\">\\n\\n<head>\\n    <meta charset=\\\"utf-8\\\">\\n    <title>Daily Usage Limit Reached</title>\\n    <style>\\n        html {\\n            -webkit-font-smoothing: antialiased;\\n            -moz-osx-font-smoothing: grayscale;\\n        }\\n\\n        body {\\n            font-fa — retrying in 17394ms",
    "meta": {},
    "company": null
  },
  {
    "id": 1777887218811.4958,
    "ts": "2026-05-04T09:33:38.811Z",
    "level": "warn",
    "message": "[Customer:MARINA CO-OP. HSG. SOC. LTD.] attempt 1/5 failed (429) — HTTP 429: \"<!DOCTYPE html>\\n<html lang=\\\"en\\\">\\n\\n<head>\\n    <meta charset=\\\"utf-8\\\">\\n    <title>Daily Usage Limit Reached</title>\\n    <style>\\n        html {\\n            -webkit-font-smoothing: antialiased;\\n            -moz-osx-font-smoothing: grayscale;\\n        }\\n\\n        body {\\n            font-fa — retrying in 9381ms",
    "meta": {},
    "company": null
  },
  {
    "id": 1777887218807.2703,
    "ts": "2026-05-04T09:33:38.807Z",
    "level": "warn",
    "message": "[Customer:Marine Blue Technology Pvt. Ltd] attempt 1/5 failed (429) — HTTP 429: \"<!DOCTYPE html>\\n<html lang=\\\"en\\\">\\n\\n<head>\\n    <meta charset=\\\"utf-8\\\">\\n    <title>Daily Usage Limit Reached</title>\\n    <style>\\n        html {\\n            -webkit-font-smoothing: antialiased;\\n            -moz-osx-font-smoothing: grayscale;\\n        }\\n\\n        body {\\n            font-fa — retrying in 8860ms",
    "meta": {},
    "company": null
  },
  {
    "id": 1777887218716.638,
    "ts": "2026-05-04T09:33:38.716Z",
    "level": "warn",
    "message": "[Customer:Mardia Steel Impex] attempt 1/5 failed (429) — HTTP 429: \"<!DOCTYPE html>\\n<html lang=\\\"en\\\">\\n\\n<head>\\n    <meta charset=\\\"utf-8\\\">\\n    <title>Daily Usage Limit Reached</title>\\n    <style>\\n        html {\\n            -webkit-font-smoothing: antialiased;\\n            -moz-osx-font-smoothing: grayscale;\\n        }\\n\\n        body {\\n            font-fa — retrying in 8420ms",
    "meta": {},
    "company": null
  },
  {
    "id": 1777887218710.967,
    "ts": "2026-05-04T09:33:38.710Z",
    "level": "warn",
    "message": "[Customer:Mardia Steel India] attempt 1/5 failed (429) — HTTP 429: \"<!DOCTYPE html>\\n<html lang=\\\"en\\\">\\n\\n<head>\\n    <meta charset=\\\"utf-8\\\">\\n    <title>Daily Usage Limit Reached</title>\\n    <style>\\n        html {\\n            -webkit-font-smoothing: antialiased;\\n            -moz-osx-font-smoothing: grayscale;\\n        }\\n\\n        body {\\n            font-fa — retrying in 8850ms",
    "meta": {},
    "company": null
  },
  {
    "id": 1777887218705.2568,
    "ts": "2026-05-04T09:33:38.705Z",
    "level": "warn",
    "message": "[Customer:Marino Food Products Pvt Ltd] attempt 1/5 failed (429) — HTTP 429: \"<!DOCTYPE html>\\n<html lang=\\\"en\\\">\\n\\n<head>\\n    <meta charset=\\\"utf-8\\\">\\n    <title>Daily Usage Limit Reached</title>\\n    <style>\\n        html {\\n            -webkit-font-smoothing: antialiased;\\n            -moz-osx-font-smoothing: grayscale;\\n        }\\n\\n        body {\\n            font-fa — retrying in 8028ms",
    "meta": {},
    "company": null
  },
  {
    "id": 1777887218701.4377,
    "ts": "2026-05-04T09:33:38.701Z",
    "level": "warn",
    "message": "[Customer:Marine Stainless India] attempt 1/5 failed (429) — HTTP 429: \"<!DOCTYPE html>\\n<html lang=\\\"en\\\">\\n\\n<head>\\n    <meta charset=\\\"utf-8\\\">\\n    <title>Daily Usage Limit Reached</title>\\n    <style>\\n        html {\\n            -webkit-font-smoothing: antialiased;\\n            -moz-osx-font-smoothing: grayscale;\\n        }\\n\\n        body {\\n            font-fa — retrying in 9493ms",
    "meta": {},
    "company": null
  },
  {
    "id": 1777887218697.5159,
    "ts": "2026-05-04T09:33:38.697Z",
    "level": "warn",
    "message": "[Customer:Marhaba Tours And Travels] attempt 1/5 failed (429) — HTTP 429: \"<!DOCTYPE html>\\n<html lang=\\\"en\\\">\\n\\n<head>\\n    <meta charset=\\\"utf-8\\\">\\n    <title>Daily Usage Limit Reached</title>\\n    <style>\\n        html {\\n            -webkit-font-smoothing: antialiased;\\n            -moz-osx-font-smoothing: grayscale;\\n        }\\n\\n        body {\\n            font-fa — retrying in 9206ms",
    "meta": {},
    "company": null
  },
  {
    "id": 1777887218693.0403,
    "ts": "2026-05-04T09:33:38.693Z",
    "level": "warn",
    "message": "[Customer:Maritime Oil Company] attempt 1/5 failed (429) — HTTP 429: \"<!DOCTYPE html>\\n<html lang=\\\"en\\\">\\n\\n<head>\\n    <meta charset=\\\"utf-8\\\">\\n    <title>Daily Usage Limit Reached</title>\\n    <style>\\n        html {\\n            -webkit-font-smoothing: antialiased;\\n            -moz-osx-font-smoothing: grayscale;\\n        }\\n\\n        body {\\n            font-fa — retrying in 9136ms",
    "meta": {},
    "company": null
  },
  {
    "id": 1777887216099.1504,
    "ts": "2026-05-04T09:33:36.099Z",
    "level": "warn",
    "message": "ERPNext sync error [Customer]: Invalid PAN format",
    "meta": {},
    "company": null
  },
  {
    "id": 1777887206978.3552,
    "ts": "2026-05-04T09:33:26.978Z",
    "level": "info",
    "message": "[Customer] 120/481 synced - pausing 2000ms",
    "meta": {},
    "company": null
  },
  {
    "id": 1777887195645.8506,
    "ts": "2026-05-04T09:33:15.645Z",
    "level": "info",
    "message": "Ledger breakdown - customers: 481, suppliers: 12, skipped (GL-only groups): 8",
    "meta": {},
    "company": null
  },
  {
    "id": 1777887195639.2551,
    "ts": "2026-05-04T09:33:15.639Z",
    "level": "info",
    "message": "Syncing 500 ledgers to ERPNext",
    "meta": {},
    "company": null
  },
  {
    "id": 1777887195636.944,
    "ts": "2026-05-04T09:33:15.636Z",
    "level": "info",
    "message": "Pushing ledger batch batch-15 (500 ledgers) to ERPNext",
    "meta": {},
    "company": null
  },
  {
    "id": 1777887195633.518,
    "ts": "2026-05-04T09:33:15.633Z",
    "level": "info",
    "message": "Ledger batch batch-14 pushed and cached ✅",
    "meta": {},
    "company": null
  },
  {
    "id": 1777887195631.7842,
    "ts": "2026-05-04T09:33:15.631Z",
    "level": "info",
    "message": "syncChunkState: chunk done — Rajlaxmi Solutions Private Limited - (From 1-Apr-2016)::https://erpnext-usq-xoo.m.frappe.cloud / ledgers / batch-14",
    "meta": {
      "from": 7000,
      "to": 7500,
      "count": 500
    },
    "company": null
  },
  {
    "id": 1777887195626.957,
    "ts": "2026-05-04T09:33:15.626Z",
    "level": "success",
    "message": "Ledger sync done - customers: +435 created, ~0 updated, x2 failed | suppliers: +26 created, ~0 updated, x0 failed",
    "meta": {},
    "company": null
  },
  {
    "id": 1777887195622.9727,
    "ts": "2026-05-04T09:33:15.622Z",
    "level": "info",
    "message": "Address/contact sync done",
    "meta": {},
    "company": null
  },
  {
    "id": 1777887194503.373,
    "ts": "2026-05-04T09:33:14.503Z",
    "level": "warn",
    "message": "Address sync skipped for Mahanagar Telephone Nigam Limited ( Cr ): State is a required field for Indian Address",
    "meta": {},
    "company": null
  },
  {
    "id": 1777887194498.5234,
    "ts": "2026-05-04T09:33:14.498Z",
    "level": "warn",
    "message": "Address sync skipped for Mahadev Stationery & Xerox: State is a required field for Indian Address",
    "meta": {},
    "company": null
  },
  {
    "id": 1777887193819.4792,
    "ts": "2026-05-04T09:33:13.819Z",
    "level": "warn",
    "message": "Address sync skipped for Madaan Enterprises: State is a required field for Indian Address",
    "meta": {},
    "company": null
  },
  {
    "id": 1777887193811.0078,
    "ts": "2026-05-04T09:33:13.811Z",
    "level": "warn",
    "message": "Address sync skipped for Mahadev Electric And Hardware: State is a required field for Indian Address",
    "meta": {},
    "company": null
  },
  {
    "id": 1777887193807.1926,
    "ts": "2026-05-04T09:33:13.807Z",
    "level": "warn",
    "message": "Address sync skipped for MAHAABALA INC.: State is a required field for Indian Address",
    "meta": {},
    "company": null
  },
  {
    "id": 1777887193134.6323,
    "ts": "2026-05-04T09:33:13.134Z",
    "level": "warn",
    "message": "Address sync skipped for MAAULI ENTERPRISES: State is a required field for Indian Address",
    "meta": {},
    "company": null
  },
  {
    "id": 1777887193130.826,
    "ts": "2026-05-04T09:33:13.130Z",
    "level": "warn",
    "message": "Address sync skipped for MacBay Inc.: State is a required field for Indian Address",
    "meta": {},
    "company": null
  },
  {
    "id": 1777887192013.3572,
    "ts": "2026-05-04T09:33:12.013Z",
    "level": "warn",
    "message": "Address sync skipped for Leanwork Solutions Llp: State is a required field for Indian Address",
    "meta": {},
    "company": null
  },
  {
    "id": 1777887192010.6582,
    "ts": "2026-05-04T09:33:12.010Z",
    "level": "warn",
    "message": "Address sync skipped for Laxmi Traders ( Creditor ): State is a required field for Indian Address",
    "meta": {},
    "company": null
  },
  {
    "id": 1777887192007.9614,
    "ts": "2026-05-04T09:33:12.007Z",
    "level": "warn",
    "message": "Address sync skipped for Leather N Leather: State is a required field for Indian Address",
    "meta": {},
    "company": null
  },
  {
    "id": 1777887191990.114,
    "ts": "2026-05-04T09:33:11.990Z",
    "level": "warn",
    "message": "Address sync skipped for Laxmi Plaza: State is a required field for Indian Address",
    "meta": {},
    "company": null
  },
  {
    "id": 1777887191986.2205,
    "ts": "2026-05-04T09:33:11.986Z",
    "level": "warn",
    "message": "Address sync skipped for Laser House: State is a required field for Indian Address",
    "meta": {},
    "company": null
  },
  {
    "id": 1777887191282.0933,
    "ts": "2026-05-04T09:33:11.282Z",
    "level": "warn",
    "message": "Address sync skipped for Maheshwari Hiring Services: State is a required field for Indian Address",
    "meta": {},
    "company": null
  },
  {
    "id": 1777887191275.403,
    "ts": "2026-05-04T09:33:11.275Z",
    "level": "warn",
    "message": "Address sync skipped for Mahila Vikas Mandal: State is a required field for Indian Address",
    "meta": {},
    "company": null
  },
  {
    "id": 1777887191266.9407,
    "ts": "2026-05-04T09:33:11.266Z",
    "level": "warn",
    "message": "Address sync skipped for Mahi Enterprises: State is a required field for Indian Address",
    "meta": {},
    "company": null
  },
  {
    "id": 1777887191261.6858,
    "ts": "2026-05-04T09:33:11.261Z",
    "level": "warn",
    "message": "Address sync skipped for Mahima Enterprises: State is a required field for Indian Address",
    "meta": {},
    "company": null
  },
  {
    "id": 1777887190574.0635,
    "ts": "2026-05-04T09:33:10.574Z",
    "level": "warn",
    "message": "Address sync skipped for Mahesh Textiles: State is a required field for Indian Address",
    "meta": {},
    "company": null
  },
  {
    "id": 1777887190569.0815,
    "ts": "2026-05-04T09:33:10.569Z",
    "level": "warn",
    "message": "Address sync skipped for Maheshwari Enterprise: State is a required field for Indian Address",
    "meta": {},
    "company": null
  },
  {
    "id": 1777887190565.6873,
    "ts": "2026-05-04T09:33:10.565Z",
    "level": "warn",
    "message": "Address sync skipped for Mahesh Tutorial Pvt. Ltd.: State is a required field for Indian Address",
    "meta": {},
    "company": null
  },
  {
    "id": 1777887190559.27,
    "ts": "2026-05-04T09:33:10.559Z",
    "level": "warn",
    "message": "Address sync skipped for Mahesh Traders: State is a required field for Indian Address",
    "meta": {},
    "company": null
  },
  {
    "id": 1777887189834.4985,
    "ts": "2026-05-04T09:33:09.834Z",
    "level": "warn",
    "message": "Address sync skipped for Mahesh Patil Associates: State is a required field for Indian Address",
    "meta": {},
    "company": null
  },
  {
    "id": 1777887189829.2756,
    "ts": "2026-05-04T09:33:09.829Z",
    "level": "warn",
    "message": "Address sync skipped for Mahesh Taxtiles: State is a required field for Indian Address",
    "meta": {},
    "company": null
  },
  {
    "id": 1777887189824.7075,
    "ts": "2026-05-04T09:33:09.824Z",
    "level": "warn",
    "message": "Address sync skipped for Mahesh R Gupta: State is a required field for Indian Address",
    "meta": {},
    "company": null
  },
  {
    "id": 1777887189817.2947,
    "ts": "2026-05-04T09:33:09.817Z",
    "level": "warn",
    "message": "Address sync skipped for Mahesh S Relan: State is a required field for Indian Address",
    "meta": {},
    "company": null
  },
  {
    "id": 1777887188191.6929,
    "ts": "2026-05-04T09:33:08.191Z",
    "level": "warn",
    "message": "Address sync skipped for Mahesh Madkholhar & Co: State is a required field for Indian Address",
    "meta": {},
    "company": null
  },
  {
    "id": 1777887188186.334,
    "ts": "2026-05-04T09:33:08.186Z",
    "level": "warn",
    "message": "Address sync skipped for Mahesh Metal India: State is a required field for Indian Address",
    "meta": {},
    "company": null
  },
  {
    "id": 1777887188182.4148,
    "ts": "2026-05-04T09:33:08.182Z",
    "level": "warn",
    "message": "Address sync skipped for Mahesh Marble: State is a required field for Indian Address",
    "meta": {},
    "company": null
  },
  {
    "id": 1777887187466.9941,
    "ts": "2026-05-04T09:33:07.466Z",
    "level": "warn",
    "message": "Address sync skipped for Mahesh Kanakiya: State is a required field for Indian Address",
    "meta": {},
    "company": null
  },
  {
    "id": 1777887187460.934,
    "ts": "2026-05-04T09:33:07.460Z",
    "level": "warn",
    "message": "Address sync skipped for Mahesh Interiors Pvt Ltd: State is a required field for Indian Address",
    "meta": {},
    "company": null
  },
  {
    "id": 1777887187455.4136,
    "ts": "2026-05-04T09:33:07.455Z",
    "level": "warn",
    "message": "Address sync skipped for Mahesh Kadam: State is a required field for Indian Address",
    "meta": {},
    "company": null
  },
  {
    "id": 1777887187450.1667,
    "ts": "2026-05-04T09:33:07.450Z",
    "level": "warn",
    "message": "Address sync skipped for Mahesh Industries: State is a required field for Indian Address",
    "meta": {},
    "company": null
  },
  {
    "id": 1777887186722.2373,
    "ts": "2026-05-04T09:33:06.722Z",
    "level": "warn",
    "message": "Address sync skipped for MAHESH DISTRIBUTERS: State is a required field for Indian Address",
    "meta": {},
    "company": null
  },
  {
    "id": 1777887186716.9744,
    "ts": "2026-05-04T09:33:06.716Z",
    "level": "warn",
    "message": "Address sync skipped for Mahesh Gupta & Associates: State is a required field for Indian Address",
    "meta": {},
    "company": null
  },
  {
    "id": 1777887186712.327,
    "ts": "2026-05-04T09:33:06.712Z",
    "level": "warn",
    "message": "Address sync skipped for Mahesh Fabrics: State is a required field for Indian Address",
    "meta": {},
    "company": null
  },
  {
    "id": 1777887186706.7183,
    "ts": "2026-05-04T09:33:06.706Z",
    "level": "warn",
    "message": "Address sync skipped for Mahesh food products: State is a required field for Indian Address",
    "meta": {},
    "company": null
  },
  {
    "id": 1777887186693.769,
    "ts": "2026-05-04T09:33:06.693Z",
    "level": "warn",
    "message": "Address sync skipped for Mahesh Developers Pvt Ltd: State is a required field for Indian Address",
    "meta": {},
    "company": null
  },
  {
    "id": 1777887185991.5608,
    "ts": "2026-05-04T09:33:05.991Z",
    "level": "warn",
    "message": "Address sync skipped for Mahesh & Co.: State is a required field for Indian Address",
    "meta": {},
    "company": null
  },
  {
    "id": 1777887185964.5127,
    "ts": "2026-05-04T09:33:05.964Z",
    "level": "warn",
    "message": "Address sync skipped for Mahesh Choudhary: State is a required field for Indian Address",
    "meta": {},
    "company": null
  },
  {
    "id": 1777887185958.9746,
    "ts": "2026-05-04T09:33:05.958Z",
    "level": "warn",
    "message": "Address sync skipped for Mahera Traders: State is a required field for Indian Address",
    "meta": {},
    "company": null
  },
  {
    "id": 1777887185257.2856,
    "ts": "2026-05-04T09:33:05.257Z",
    "level": "warn",
    "message": "Address sync skipped for Mahendra Zaveri & Co: State is a required field for Indian Address",
    "meta": {},
    "company": null
  },
  {
    "id": 1777887185211.894,
    "ts": "2026-05-04T09:33:05.211Z",
    "level": "warn",
    "message": "Address sync skipped for Mahendra Trading Co: State is a required field for Indian Address",
    "meta": {},
    "company": null
  },
  {
    "id": 1777887185206.4175,
    "ts": "2026-05-04T09:33:05.206Z",
    "level": "warn",
    "message": "Address sync skipped for Mahendra Trading Company: State is a required field for Indian Address",
    "meta": {},
    "company": null
  },
  {
    "id": 1777887185201.202,
    "ts": "2026-05-04T09:33:05.201Z",
    "level": "warn",
    "message": "Address sync skipped for Mahendra Textiles: State is a required field for Indian Address",
    "meta": {},
    "company": null
  },
  {
    "id": 1777887185196.6887,
    "ts": "2026-05-04T09:33:05.196Z",
    "level": "warn",
    "message": "Address sync skipped for Mahendra Tiwari & Co: State is a required field for Indian Address",
    "meta": {},
    "company": null
  },
  {
    "id": 1777887184459.2485,
    "ts": "2026-05-04T09:33:04.459Z",
    "level": "warn",
    "message": "Address sync skipped for Mahendra Steel Industries: State is a required field for Indian Address",
    "meta": {},
    "company": null
  },
  {
    "id": 1777887184454.8635,
    "ts": "2026-05-04T09:33:04.454Z",
    "level": "warn",
    "message": "Address sync skipped for Mahendrakumar Samrathmal: State is a required field for Indian Address",
    "meta": {},
    "company": null
  },
  {
    "id": 1777887184450.8687,
    "ts": "2026-05-04T09:33:04.450Z",
    "level": "warn",
    "message": "Address sync skipped for Mahendra Steel: State is a required field for Indian Address",
    "meta": {},
    "company": null
  },
  {
    "id": 1777887184445.398,
    "ts": "2026-05-04T09:33:04.445Z",
    "level": "warn",
    "message": "Address sync skipped for Mahendra K. Dedhia: State is a required field for Indian Address",
    "meta": {},
    "company": null
  },
  {
    "id": 1777887184435.9124,
    "ts": "2026-05-04T09:33:04.435Z",
    "level": "warn",
    "message": "Address sync skipped for Mahendra tanaji Kajare: State is a required field for Indian Address",
    "meta": {},
    "company": null
  },
  {
    "id": 1777887183770.6323,
    "ts": "2026-05-04T09:33:03.770Z",
    "level": "warn",
    "message": "Address sync skipped for Mahavir �metal Corporation: State is a required field for Indian Address",
    "meta": {},
    "company": null
  },
  {
    "id": 1777887183745.1777,
    "ts": "2026-05-04T09:33:03.745Z",
    "level": "warn",
    "message": "Address sync skipped for Mahendra Doshi & Associates: State is a required field for Indian Address",
    "meta": {},
    "company": null
  },
  {
    "id": 1777887183021.4214,
    "ts": "2026-05-04T09:33:03.021Z",
    "level": "warn",
    "message": "Address sync skipped for Mahavir Tours & Travels: State is a required field for Indian Address",
    "meta": {},
    "company": null
  },
  {
    "id": 1777887183015.7114,
    "ts": "2026-05-04T09:33:03.015Z",
    "level": "warn",
    "message": "Address sync skipped for Mahavir System: State is a required field for Indian Address",
    "meta": {},
    "company": null
  },
  {
    "id": 1777887183011.1323,
    "ts": "2026-05-04T09:33:03.011Z",
    "level": "warn",
    "message": "Address sync skipped for Mahavir Traders: State is a required field for Indian Address",
    "meta": {},
    "company": null
  },
  {
    "id": 1777887183006.8828,
    "ts": "2026-05-04T09:33:03.006Z",
    "level": "warn",
    "message": "Address sync skipped for Mahavir Tools And Hardware: State is a required field for Indian Address",
    "meta": {},
    "company": null
  },
  {
    "id": 1777887182998.5034,
    "ts": "2026-05-04T09:33:02.998Z",
    "level": "warn",
    "message": "Address sync skipped for Mahavir Steel & Wooden Furniture: State is a required field for Indian Address",
    "meta": {},
    "company": null
  },
  {
    "id": 1777887182324.7031,
    "ts": "2026-05-04T09:33:02.324Z",
    "level": "warn",
    "message": "Address sync skipped for Mahavir Steels: State is a required field for Indian Address",
    "meta": {},
    "company": null
  },
  {
    "id": 1777887182318.9502,
    "ts": "2026-05-04T09:33:02.318Z",
    "level": "warn",
    "message": "Address sync skipped for Mahavir profile: State is a required field for Indian Address",
    "meta": {},
    "company": null
  },
  {
    "id": 1777887182314.948,
    "ts": "2026-05-04T09:33:02.314Z",
    "level": "warn",
    "message": "Address sync skipped for Mahavir Sanitary Store: State is a required field for Indian Address",
    "meta": {},
    "company": null
  },
  {
    "id": 1777887182308.7085,
    "ts": "2026-05-04T09:33:02.308Z",
    "level": "warn",
    "message": "Address sync skipped for Mahavir Profiles: State is a required field for Indian Address",
    "meta": {},
    "company": null
  },
  {
    "id": 1777887182303.2537,
    "ts": "2026-05-04T09:33:02.303Z",
    "level": "warn",
    "message": "Address sync skipped for MAHAVIR PRASAD PUROHIT: State is a required field for Indian Address",
    "meta": {},
    "company": null
  },
  {
    "id": 1777887181597.7744,
    "ts": "2026-05-04T09:33:01.597Z",
    "level": "warn",
    "message": "Address sync skipped for Mahavir Metal Syndicate: State is a required field for Indian Address",
    "meta": {},
    "company": null
  },
  {
    "id": 1777887181583.6406,
    "ts": "2026-05-04T09:33:01.583Z",
    "level": "warn",
    "message": "Address sync skipped for Mahavir Pipes: State is a required field for Indian Address",
    "meta": {},
    "company": null
  },
  {
    "id": 1777887181579.6597,
    "ts": "2026-05-04T09:33:01.579Z",
    "level": "warn",
    "message": "Address sync skipped for Mahavir Plastic: State is a required field for Indian Address",
    "meta": {},
    "company": null
  },
  {
    "id": 1777887181560.0964,
    "ts": "2026-05-04T09:33:01.560Z",
    "level": "warn",
    "message": "Address sync skipped for Mahavir  Metal Corporation: State is a required field for Indian Address",
    "meta": {},
    "company": null
  },
  {
    "id": 1777887181555.5442,
    "ts": "2026-05-04T09:33:01.555Z",
    "level": "warn",
    "message": "Address sync skipped for Mahavir  Lime Depot: State is a required field for Indian Address",
    "meta": {},
    "company": null
  },
  {
    "id": 1777887180877.819,
    "ts": "2026-05-04T09:33:00.877Z",
    "level": "warn",
    "message": "Address sync skipped for Mahavir Gas Service: State is a required field for Indian Address",
    "meta": {},
    "company": null
  },
  {
    "id": 1777887180873.6477,
    "ts": "2026-05-04T09:33:00.873Z",
    "level": "warn",
    "message": "Address sync skipped for Mahavir Forge & Fittings: State is a required field for Indian Address",
    "meta": {},
    "company": null
  },
  {
    "id": 1777887180868.1162,
    "ts": "2026-05-04T09:33:00.868Z",
    "level": "warn",
    "message": "Address sync skipped for Mahavir Industries: State is a required field for Indian Address",
    "meta": {},
    "company": null
  },
  {
    "id": 1777887180863.2993,
    "ts": "2026-05-04T09:33:00.863Z",
    "level": "warn",
    "message": "Address sync skipped for Mahavir Hallmarking Centre Pvt. Ltd.: State is a required field for Indian Address",
    "meta": {},
    "company": null
  },
  {
    "id": 1777887180183.6738,
    "ts": "2026-05-04T09:33:00.183Z",
    "level": "warn",
    "message": "Address sync skipped for Mahavir Enterpries(Zaveri Bazar): State is a required field for Indian Address",
    "meta": {},
    "company": null
  },
  {
    "id": 1777887180114.6018,
    "ts": "2026-05-04T09:33:00.114Z",
    "level": "warn",
    "message": "Address sync skipped for Mahavir Electronics: State is a required field for Indian Address",
    "meta": {},
    "company": null
  },
  {
    "id": 1777887180110.7036,
    "ts": "2026-05-04T09:33:00.110Z",
    "level": "warn",
    "message": "Address sync skipped for Mahavir Enterpries: State is a required field for Indian Address",
    "meta": {},
    "company": null
  },
  {
    "id": 1777887180105.7886,
    "ts": "2026-05-04T09:33:00.105Z",
    "level": "warn",
    "message": "Address sync skipped for Mahavir Cables & Wires: State is a required field for Indian Address",
    "meta": {},
    "company": null
  },
  {
    "id": 1777887180100.2053,
    "ts": "2026-05-04T09:33:00.100Z",
    "level": "warn",
    "message": "Address sync skipped for Mahaveer Stores: State is a required field for Indian Address",
    "meta": {},
    "company": null
  },
  {
    "id": 1777887179393.698,
    "ts": "2026-05-04T09:32:59.393Z",
    "level": "warn",
    "message": "Address sync skipped for Mahati Computer Shoppee: State is a required field for Indian Address",
    "meta": {},
    "company": null
  },
  {
    "id": 1777887179362.5088,
    "ts": "2026-05-04T09:32:59.362Z",
    "level": "warn",
    "message": "Address sync skipped for Mahaveer Foods And Herbs: State is a required field for Indian Address",
    "meta": {},
    "company": null
  },
  {
    "id": 1777887179354.432,
    "ts": "2026-05-04T09:32:59.354Z",
    "level": "warn",
    "message": "Address sync skipped for Mahaveer Marketing: State is a required field for Indian Address",
    "meta": {},
    "company": null
  },
  {
    "id": 1777887178620.408,
    "ts": "2026-05-04T09:32:58.620Z",
    "level": "warn",
    "message": "Address sync skipped for Mahatama Phule Backward Class Development Corporation Ltd.: State is a required field for Indian Address",
    "meta": {},
    "company": null
  },
  {
    "id": 1777887178510.8997,
    "ts": "2026-05-04T09:32:58.510Z",
    "level": "warn",
    "message": "Address sync skipped for Maharashtra Steel Rolling Mill: State is a required field for Indian Address",
    "meta": {},
    "company": null
  },
  {
    "id": 1777887178505.6536,
    "ts": "2026-05-04T09:32:58.505Z",
    "level": "warn",
    "message": "Address sync skipped for Maharashtra Steel: State is a required field for Indian Address",
    "meta": {},
    "company": null
  },
  {
    "id": 1777887178500.7341,
    "ts": "2026-05-04T09:32:58.500Z",
    "level": "warn",
    "message": "Address sync skipped for Maharashtra Tools Corporation: State is a required field for Indian Address",
    "meta": {},
    "company": null
  },
  {
    "id": 1777887177261.7632,
    "ts": "2026-05-04T09:32:57.261Z",
    "level": "warn",
    "message": "Address sync skipped for Maharashtra Rajya Bharat Scout And Guides: State is a required field for Indian Address",
    "meta": {},
    "company": null
  },
  {
    "id": 1777887177256.617,
    "ts": "2026-05-04T09:32:57.256Z",
    "level": "warn",
    "message": "Address sync skipped for Maharashtra State Coop. Agr. Rural Multipurpose Dev. Bank Ltd.: State is a required field for Indian Address",
    "meta": {},
    "company": null
  },
  {
    "id": 1777887177249.0703,
    "ts": "2026-05-04T09:32:57.249Z",
    "level": "warn",
    "message": "Address sync skipped for Maharashtra Stainless Steel Corporation: State is a required field for Indian Address",
    "meta": {},
    "company": null
  },
  {
    "id": 1777887177242.353,
    "ts": "2026-05-04T09:32:57.242Z",
    "level": "warn",
    "message": "Address sync skipped for Maharashtra Pollution Control Board: State is a required field for Indian Address",
    "meta": {},
    "company": null
  },
  {
    "id": 1777887177217.5225,
    "ts": "2026-05-04T09:32:57.217Z",
    "level": "warn",
    "message": "Address sync skipped for Maharashtra Police Officers Mess: State is a required field for Indian Address",
    "meta": {},
    "company": null
  },
  {
    "id": 1777887176528.8328,
    "ts": "2026-05-04T09:32:56.528Z",
    "level": "warn",
    "message": "Address sync skipped for Maharashtra Medical Council: State is a required field for Indian Address",
    "meta": {},
    "company": null
  },
  {
    "id": 1777887176524.9983,
    "ts": "2026-05-04T09:32:56.524Z",
    "level": "warn",
    "message": "Address sync skipped for Maharashtra Bhushan Public: State is a required field for Indian Address",
    "meta": {},
    "company": null
  },
  {
    "id": 1777887176493.1453,
    "ts": "2026-05-04T09:32:56.493Z",
    "level": "warn",
    "message": "Address sync skipped for Maharashtra Metal India: State is a required field for Indian Address",
    "meta": {},
    "company": null
  },
  {
    "id": 1777887176487.4543,
    "ts": "2026-05-04T09:32:56.487Z",
    "level": "warn",
    "message": "Address sync skipped for Maharashtra Kirana Stores: State is a required field for Indian Address",
    "meta": {},
    "company": null
  },
  {
    "id": 1777887175808.83,
    "ts": "2026-05-04T09:32:55.808Z",
    "level": "warn",
    "message": "Address sync skipped for Maharashatra State Police Housing and Welfare Corporation: State is a required field for Indian Address",
    "meta": {},
    "company": null
  },
  {
    "id": 1777887175802.583,
    "ts": "2026-05-04T09:32:55.802Z",
    "level": "warn",
    "message": "Address sync skipped for Maharashtra Bearing: State is a required field for Indian Address",
    "meta": {},
    "company": null
  },
  {
    "id": 1777887175784.274,
    "ts": "2026-05-04T09:32:55.784Z",
    "level": "warn",
    "message": "Address sync skipped for Maharana Electric & Hardware Store: State is a required field for Indian Address",
    "meta": {},
    "company": null
  },
  {
    "id": 1777887175779.1885,
    "ts": "2026-05-04T09:32:55.779Z",
    "level": "warn",
    "message": "Address sync skipped for Maharaja Traders: State is a required field for Indian Address",
    "meta": {},
    "company": null
  },
  {
    "id": 1777887175774.0444,
    "ts": "2026-05-04T09:32:55.774Z",
    "level": "warn",
    "message": "Address sync skipped for Maharana Electrix and Lights: State is a required field for Indian Address",
    "meta": {},
    "company": null
  },
  {
    "id": 1777887175075.0994,
    "ts": "2026-05-04T09:32:55.075Z",
    "level": "warn",
    "message": "Address sync skipped for Maharaja Trade Link: State is a required field for Indian Address",
    "meta": {},
    "company": null
  },
  {
    "id": 1777887175070.8792,
    "ts": "2026-05-04T09:32:55.070Z",
    "level": "warn",
    "message": "Address sync skipped for Maharaja Enterprises: State is a required field for Indian Address",
    "meta": {},
    "company": null
  },
  {
    "id": 1777887175064.6194,
    "ts": "2026-05-04T09:32:55.064Z",
    "level": "warn",
    "message": "Address sync skipped for Maharaja International: State is a required field for Indian Address",
    "meta": {},
    "company": null
  },
  {
    "id": 1777887175047.8752,
    "ts": "2026-05-04T09:32:55.047Z",
    "level": "warn",
    "message": "Address sync skipped for MAHAN CORPORATION: State is a required field for Indian Address",
    "meta": {},
    "company": null
  },
  {
    "id": 1777887175043.006,
    "ts": "2026-05-04T09:32:55.043Z",
    "level": "warn",
    "message": "Address sync skipped for Maharaja Footwear: State is a required field for Indian Address",
    "meta": {},
    "company": null
  },
  {
    "id": 1777887174339.1516,
    "ts": "2026-05-04T09:32:54.339Z",
    "level": "warn",
    "message": "Address sync skipped for Mahalaxmi Texcom: State is a required field for Indian Address",
    "meta": {},
    "company": null
  },
  {
    "id": 1777887174334.3655,
    "ts": "2026-05-04T09:32:54.334Z",
    "level": "warn",
    "message": "Address sync skipped for Mahalaxmi Tax Consultancy: State is a required field for Indian Address",
    "meta": {},
    "company": null
  },
  {
    "id": 1777887174330.9155,
    "ts": "2026-05-04T09:32:54.330Z",
    "level": "warn",
    "message": "Address sync skipped for Mahalaxmi Trading Co: State is a required field for Indian Address",
    "meta": {},
    "company": null
  },
  {
    "id": 1777887174326.3535,
    "ts": "2026-05-04T09:32:54.326Z",
    "level": "warn",
    "message": "Address sync skipped for Mahalaxmi Textile Traders: State is a required field for Indian Address",
    "meta": {},
    "company": null
  },
  {
    "id": 1777887174322.4287,
    "ts": "2026-05-04T09:32:54.322Z",
    "level": "warn",
    "message": "Address sync skipped for Mahanagar Telephone Nigam Limited: State is a required field for Indian Address",
    "meta": {},
    "company": null
  },
  {
    "id": 1777887173605.387,
    "ts": "2026-05-04T09:32:53.605Z",
    "level": "warn",
    "message": "Address sync skipped for Mahalaxmi Motors: State is a required field for Indian Address",
    "meta": {},
    "company": null
  },
  {
    "id": 1777887173600.4517,
    "ts": "2026-05-04T09:32:53.600Z",
    "level": "warn",
    "message": "Address sync skipped for Mahalaxmi Steel Centre(Navi Mumbai): State is a required field for Indian Address",
    "meta": {},
    "company": null
  },
  {
    "id": 1777887173595.9568,
    "ts": "2026-05-04T09:32:53.595Z",
    "level": "warn",
    "message": "Address sync skipped for Mahalaxmi Steels: State is a required field for Indian Address",
    "meta": {},
    "company": null
  },
  {
    "id": 1777887173582.8306,
    "ts": "2026-05-04T09:32:53.582Z",
    "level": "warn",
    "message": "Address sync skipped for Mahalaxmi Steel Centre (Mum): State is a required field for Indian Address",
    "meta": {},
    "company": null
  },
  {
    "id": 1777887173575.9136,
    "ts": "2026-05-04T09:32:53.575Z",
    "level": "warn",
    "message": "Address sync skipped for Mahalaxmi steel centre: State is a required field for Indian Address",
    "meta": {},
    "company": null
  },
  {
    "id": 1777887172861.805,
    "ts": "2026-05-04T09:32:52.861Z",
    "level": "warn",
    "message": "Address sync skipped for Mahalaxmi Metalloy: State is a required field for Indian Address",
    "meta": {},
    "company": null
  },
  {
    "id": 1777887172853.7764,
    "ts": "2026-05-04T09:32:52.853Z",
    "level": "warn",
    "message": "Address sync skipped for Mahalaxmi Kirana Stores: State is a required field for Indian Address",
    "meta": {},
    "company": null
  },
  {
    "id": 1777887172849.624,
    "ts": "2026-05-04T09:32:52.849Z",
    "level": "warn",
    "message": "Address sync skipped for Mahalaxmi Jewellers (I) Pvt. Ltd: State is a required field for Indian Address",
    "meta": {},
    "company": null
  },
  {
    "id": 1777887172843.2605,
    "ts": "2026-05-04T09:32:52.843Z",
    "level": "warn",
    "message": "Address sync skipped for MAHALAXMI METAL CORPORATION��: State is a required field for Indian Address",
    "meta": {},
    "company": null
  },
  {
    "id": 1777887172145.0156,
    "ts": "2026-05-04T09:32:52.145Z",
    "level": "warn",
    "message": "Address sync skipped for Mahalaxmi Jewellers: State is a required field for Indian Address",
    "meta": {},
    "company": null
  },
  {
    "id": 1777887172139.6287,
    "ts": "2026-05-04T09:32:52.139Z",
    "level": "warn",
    "message": "Address sync skipped for Mahalaxmi Enterprises: State is a required field for Indian Address",
    "meta": {},
    "company": null
  },
  {
    "id": 1777887172135.7397,
    "ts": "2026-05-04T09:32:52.135Z",
    "level": "warn",
    "message": "Address sync skipped for Mahalaxmi Exports: State is a required field for Indian Address",
    "meta": {},
    "company": null
  },
  {
    "id": 1777887172129.2556,
    "ts": "2026-05-04T09:32:52.129Z",
    "level": "warn",
    "message": "Address sync skipped for Mahalaxmi Fuel Tech: State is a required field for Indian Address",
    "meta": {},
    "company": null
  },
  {
    "id": 1777887171424.9814,
    "ts": "2026-05-04T09:32:51.424Z",
    "level": "warn",
    "message": "Address sync skipped for Mahakali Print Solutions: State is a required field for Indian Address",
    "meta": {},
    "company": null
  },
  {
    "id": 1777887171420.7961,
    "ts": "2026-05-04T09:32:51.420Z",
    "level": "warn",
    "message": "Address sync skipped for Mahaganga Seeds Private Limited: State is a required field for Indian Address",
    "meta": {},
    "company": null
  },
  {
    "id": 1777887171414.414,
    "ts": "2026-05-04T09:32:51.414Z",
    "level": "warn",
    "message": "Address sync skipped for Mahadev Trading Company: State is a required field for Indian Address",
    "meta": {},
    "company": null
  },
  {
    "id": 1777887170722.9414,
    "ts": "2026-05-04T09:32:50.722Z",
    "level": "warn",
    "message": "Address sync skipped for Mahadev Packaging Industries: State is a required field for Indian Address",
    "meta": {},
    "company": null
  },
  {
    "id": 1777887170718.8245,
    "ts": "2026-05-04T09:32:50.718Z",
    "level": "warn",
    "message": "Address sync skipped for Mahadev Computer: State is a required field for Indian Address",
    "meta": {},
    "company": null
  },
  {
    "id": 1777887170714.265,
    "ts": "2026-05-04T09:32:50.714Z",
    "level": "warn",
    "message": "Address sync skipped for Mahadev Electric Store: State is a required field for Indian Address",
    "meta": {},
    "company": null
  },
  {
    "id": 1777887170709.0493,
    "ts": "2026-05-04T09:32:50.709Z",
    "level": "warn",
    "message": "Address sync skipped for Mahadev Corporation: State is a required field for Indian Address",
    "meta": {},
    "company": null
  },
  {
    "id": 1777887170704.9277,
    "ts": "2026-05-04T09:32:50.704Z",
    "level": "warn",
    "message": "Address sync skipped for Mahadev Mineral: State is a required field for Indian Address",
    "meta": {},
    "company": null
  },
  {
    "id": 1777887169980.108,
    "ts": "2026-05-04T09:32:49.980Z",
    "level": "warn",
    "message": "Address sync skipped for Mahabir Stores: State is a required field for Indian Address",
    "meta": {},
    "company": null
  },
  {
    "id": 1777887169975.5212,
    "ts": "2026-05-04T09:32:49.975Z",
    "level": "warn",
    "message": "Address sync skipped for Mahadev Auto Spares�: State is a required field for Indian Address",
    "meta": {},
    "company": null
  },
  {
    "id": 1777887169967.5955,
    "ts": "2026-05-04T09:32:49.967Z",
    "level": "warn",
    "message": "Address sync skipped for Mahaakaal Progressive LLP: State is a required field for Indian Address",
    "meta": {},
    "company": null
  },
  {
    "id": 1777887169961.143,
    "ts": "2026-05-04T09:32:49.961Z",
    "level": "warn",
    "message": "Address sync skipped for Maha Computer Education Academy: State is a required field for Indian Address",
    "meta": {},
    "company": null
  },
  {
    "id": 1777887169957.6963,
    "ts": "2026-05-04T09:32:49.957Z",
    "level": "warn",
    "message": "Address sync skipped for Maha Ambe Brass Collection: State is a required field for Indian Address",
    "meta": {},
    "company": null
  },
  {
    "id": 1777887169184.1128,
    "ts": "2026-05-04T09:32:49.184Z",
    "level": "warn",
    "message": "Address sync skipped for Magnus Composites Synergies Pvt. Ltd: State is a required field for Indian Address",
    "meta": {},
    "company": null
  },
  {
    "id": 1777887169177.2312,
    "ts": "2026-05-04T09:32:49.177Z",
    "level": "warn",
    "message": "Address sync skipped for Magnus Composites Synergies Pvt Ltd  ( Bhiwandi ): State is a required field for Indian Address",
    "meta": {},
    "company": null
  },
  {
    "id": 1777887169154.9365,
    "ts": "2026-05-04T09:32:49.154Z",
    "level": "warn",
    "message": "Address sync skipped for Mahaabali Flanges (India): State is a required field for Indian Address",
    "meta": {},
    "company": null
  },
  {
    "id": 1777887168453.143,
    "ts": "2026-05-04T09:32:48.453Z",
    "level": "warn",
    "message": "Address sync skipped for Magnifique Home Appliances: State is a required field for Indian Address",
    "meta": {},
    "company": null
  },
  {
    "id": 1777887168436.5747,
    "ts": "2026-05-04T09:32:48.436Z",
    "level": "warn",
    "message": "Address sync skipped for Magneq Healthcare: State is a required field for Indian Address",
    "meta": {},
    "company": null
  },
  {
    "id": 1777887168433.227,
    "ts": "2026-05-04T09:32:48.433Z",
    "level": "warn",
    "message": "Address sync skipped for Magnic Technologies Pvt Ltd: State is a required field for Indian Address",
    "meta": {},
    "company": null
  },
  {
    "id": 1777887168428.53,
    "ts": "2026-05-04T09:32:48.428Z",
    "level": "warn",
    "message": "Address sync skipped for Magnet Technology: State is a required field for Indian Address",
    "meta": {},
    "company": null
  },
  {
    "id": 1777887168424.4165,
    "ts": "2026-05-04T09:32:48.424Z",
    "level": "warn",
    "message": "Address sync skipped for Magnatech Engineering: State is a required field for Indian Address",
    "meta": {},
    "company": null
  },
  {
    "id": 1777887167697.1287,
    "ts": "2026-05-04T09:32:47.697Z",
    "level": "warn",
    "message": "Address sync skipped for Magna Logistics & Cleaning Services: State is a required field for Indian Address",
    "meta": {},
    "company": null
  },
  {
    "id": 1777887167662.9775,
    "ts": "2026-05-04T09:32:47.662Z",
    "level": "warn",
    "message": "Address sync skipped for Magna Metals: State is a required field for Indian Address",
    "meta": {},
    "company": null
  },
  {
    "id": 1777887167602.002,
    "ts": "2026-05-04T09:32:47.602Z",
    "level": "warn",
    "message": "Address sync skipped for Magna Jetting Systems: State is a required field for Indian Address",
    "meta": {},
    "company": null
  },
  {
    "id": 1777887167594.0017,
    "ts": "2026-05-04T09:32:47.594Z",
    "level": "warn",
    "message": "Address sync skipped for Magic Retreat: State is a required field for Indian Address",
    "meta": {},
    "company": null
  },
  {
    "id": 1777887167591.4717,
    "ts": "2026-05-04T09:32:47.591Z",
    "level": "warn",
    "message": "Address sync skipped for Magic Kraft Pvt Ltd: State is a required field for Indian Address",
    "meta": {},
    "company": null
  },
  {
    "id": 1777887166858.9526,
    "ts": "2026-05-04T09:32:46.858Z",
    "level": "warn",
    "message": "Address sync skipped for Magic elements studios pvt ltd.: State is a required field for Indian Address",
    "meta": {},
    "company": null
  },
  {
    "id": 1777887166845.6055,
    "ts": "2026-05-04T09:32:46.845Z",
    "level": "warn",
    "message": "Address sync skipped for Maganlal Mulji & Co.: State is a required field for Indian Address",
    "meta": {},
    "company": null
  },
  {
    "id": 1777887166843.6611,
    "ts": "2026-05-04T09:32:46.843Z",
    "level": "warn",
    "message": "Address sync skipped for Maffick Instruments Pvt Ltd.: State is a required field for Indian Address",
    "meta": {},
    "company": null
  },
  {
    "id": 1777887166840.6785,
    "ts": "2026-05-04T09:32:46.840Z",
    "level": "warn",
    "message": "Address sync skipped for Maffick Instrument Pvt Ltd: State is a required field for Indian Address",
    "meta": {},
    "company": null
  },
  {
    "id": 1777887166837.9058,
    "ts": "2026-05-04T09:32:46.837Z",
    "level": "warn",
    "message": "Address sync skipped for Magen Hassidim Synagogue Est. Trust: State is a required field for Indian Address",
    "meta": {},
    "company": null
  },
  {
    "id": 1777887166122.7422,
    "ts": "2026-05-04T09:32:46.122Z",
    "level": "warn",
    "message": "Address sync skipped for Maestro Interior Solution (I) Pvt. Ltd: State is a required field for Indian Address",
    "meta": {},
    "company": null
  },
  {
    "id": 1777887166119.458,
    "ts": "2026-05-04T09:32:46.119Z",
    "level": "warn",
    "message": "Address sync skipped for Madura Travel Service (P) Ltd: State is a required field for Indian Address",
    "meta": {},
    "company": null
  },
  {
    "id": 1777887166116.3643,
    "ts": "2026-05-04T09:32:46.116Z",
    "level": "warn",
    "message": "Address sync skipped for Maestrotek Innovations Pvt Ltd.: State is a required field for Indian Address",
    "meta": {},
    "company": null
  },
  {
    "id": 1777887166112.6772,
    "ts": "2026-05-04T09:32:46.112Z",
    "level": "warn",
    "message": "Address sync skipped for Maestro Interior Solutions Pvt. Ltd.: State is a required field for Indian Address",
    "meta": {},
    "company": null
  },
  {
    "id": 1777887165420.9905,
    "ts": "2026-05-04T09:32:45.420Z",
    "level": "warn",
    "message": "Address sync skipped for Madrecha And Company (CA): State is a required field for Indian Address",
    "meta": {},
    "company": null
  },
  {
    "id": 1777887165413.9717,
    "ts": "2026-05-04T09:32:45.413Z",
    "level": "warn",
    "message": "Address sync skipped for Madkholkar Bhave Chitale & Associates: State is a required field for Indian Address",
    "meta": {},
    "company": null
  },
  {
    "id": 1777887165410.8887,
    "ts": "2026-05-04T09:32:45.410Z",
    "level": "warn",
    "message": "Address sync skipped for Madras Engineering Works: State is a required field for Indian Address",
    "meta": {},
    "company": null
  }
]