[
  {
    "id": 1777887513520.6353,
    "ts": "2026-05-04T09:38:33.520Z",
    "level": "success",
    "message": "Fetched 10672 vouchers (filtered: 2025-01-01 → 2026-05-04) from 10672 total",
    "meta": {
      "company": "Rajlaxmi Solutions Private Limited - (From 1-Apr-2016)"
    },
    "company": "Rajlaxmi Solutions Private Limited - (From 1-Apr-2016)"
  },
  {
    "id": 1777887513504.7898,
    "ts": "2026-05-04T09:38:33.504Z",
    "level": "info",
    "message": "Vouchers parsed successfully: 10672",
    "meta": {
      "company": "Rajlaxmi Solutions Private Limited - (From 1-Apr-2016)"
    },
    "company": "Rajlaxmi Solutions Private Limited - (From 1-Apr-2016)"
  },
  {
    "id": 1777887513275.0427,
    "ts": "2026-05-04T09:38:33.275Z",
    "level": "info",
    "message": "Raw vouchers received from Tally: 10672",
    "meta": {
      "company": "Rajlaxmi Solutions Private Limited - (From 1-Apr-2016)"
    },
    "company": "Rajlaxmi Solutions Private Limited - (From 1-Apr-2016)"
  },
  {
    "id": 1777887482623.0142,
    "ts": "2026-05-04T09:38:02.623Z",
    "level": "info",
    "message": "Fetching ALL vouchers from Tally",
    "meta": {
      "company": "Rajlaxmi Solutions Private Limited - (From 1-Apr-2016)",
      "fromDate": "2025-01-01",
      "toDate": "2026-05-04"
    },
    "company": "Rajlaxmi Solutions Private Limited - (From 1-Apr-2016)"
  },
  {
    "id": 1777887482614.3298,
    "ts": "2026-05-04T09:38:02.614Z",
    "level": "info",
    "message": "Voucher check: fetching vouchers from 2025-01-01 to 2026-05-04",
    "meta": {
      "company": "Rajlaxmi Solutions Private Limited - (From 1-Apr-2016)"
    },
    "company": "Rajlaxmi Solutions Private Limited - (From 1-Apr-2016)"
  },
  {
    "id": 1777887482607.0847,
    "ts": "2026-05-04T09:38:02.607Z",
    "level": "success",
    "message": "Fetched 2 godowns",
    "meta": {
      "company": "Rajlaxmi Solutions Private Limited - (From 1-Apr-2016)"
    },
    "company": "Rajlaxmi Solutions Private Limited - (From 1-Apr-2016)"
  },
  {
    "id": 1777887482591.2468,
    "ts": "2026-05-04T09:38:02.591Z",
    "level": "info",
    "message": "Fetching godowns from Tally",
    "meta": {
      "company": "Rajlaxmi Solutions Private Limited - (From 1-Apr-2016)"
    },
    "company": "Rajlaxmi Solutions Private Limited - (From 1-Apr-2016)"
  },
  {
    "id": 1777887482582.0225,
    "ts": "2026-05-04T09:38:02.582Z",
    "level": "success",
    "message": "Fetched 5 units",
    "meta": {
      "company": "Rajlaxmi Solutions Private Limited - (From 1-Apr-2016)"
    },
    "company": "Rajlaxmi Solutions Private Limited - (From 1-Apr-2016)"
  },
  {
    "id": 1777887482566.837,
    "ts": "2026-05-04T09:38:02.567Z",
    "level": "info",
    "message": "Fetching units from Tally",
    "meta": {
      "company": "Rajlaxmi Solutions Private Limited - (From 1-Apr-2016)"
    },
    "company": "Rajlaxmi Solutions Private Limited - (From 1-Apr-2016)"
  },
  {
    "id": 1777887482559.888,
    "ts": "2026-05-04T09:38:02.559Z",
    "level": "success",
    "message": "Fetched 11 stock categories",
    "meta": {
      "company": "Rajlaxmi Solutions Private Limited - (From 1-Apr-2016)"
    },
    "company": "Rajlaxmi Solutions Private Limited - (From 1-Apr-2016)"
  },
  {
    "id": 1777887482543.1138,
    "ts": "2026-05-04T09:38:02.543Z",
    "level": "info",
    "message": "Fetching stock categories from Tally",
    "meta": {
      "company": "Rajlaxmi Solutions Private Limited - (From 1-Apr-2016)"
    },
    "company": "Rajlaxmi Solutions Private Limited - (From 1-Apr-2016)"
  },
  {
    "id": 1777887482536.9253,
    "ts": "2026-05-04T09:38:02.536Z",
    "level": "success",
    "message": "Fetched 115 stock items (74 with HSN/SAC, 0 with GST rate)",
    "meta": {
      "company": "Rajlaxmi Solutions Private Limited - (From 1-Apr-2016)"
    },
    "company": "Rajlaxmi Solutions Private Limited - (From 1-Apr-2016)"
  },
  {
    "id": 1777887482452.8398,
    "ts": "2026-05-04T09:38:02.452Z",
    "level": "info",
    "message": "Fetching stock items from Tally",
    "meta": {
      "company": "Rajlaxmi Solutions Private Limited - (From 1-Apr-2016)"
    },
    "company": "Rajlaxmi Solutions Private Limited - (From 1-Apr-2016)"
  },
  {
    "id": 1777887482445.8171,
    "ts": "2026-05-04T09:38:02.445Z",
    "level": "success",
    "message": "Fetched 6 stock groups",
    "meta": {
      "company": "Rajlaxmi Solutions Private Limited - (From 1-Apr-2016)"
    },
    "company": "Rajlaxmi Solutions Private Limited - (From 1-Apr-2016)"
  },
  {
    "id": 1777887482414.2722,
    "ts": "2026-05-04T09:38:02.414Z",
    "level": "info",
    "message": "Fetching stock groups from Tally",
    "meta": {
      "company": "Rajlaxmi Solutions Private Limited - (From 1-Apr-2016)"
    },
    "company": "Rajlaxmi Solutions Private Limited - (From 1-Apr-2016)"
  },
  {
    "id": 1777887482406.2986,
    "ts": "2026-05-04T09:38:02.406Z",
    "level": "success",
    "message": "Fetched 0 budgets",
    "meta": {
      "company": "Rajlaxmi Solutions Private Limited - (From 1-Apr-2016)"
    },
    "company": "Rajlaxmi Solutions Private Limited - (From 1-Apr-2016)"
  },
  {
    "id": 1777887482395.8313,
    "ts": "2026-05-04T09:38:02.395Z",
    "level": "info",
    "message": "Fetching budgets from Tally",
    "meta": {
      "company": "Rajlaxmi Solutions Private Limited - (From 1-Apr-2016)"
    },
    "company": "Rajlaxmi Solutions Private Limited - (From 1-Apr-2016)"
  },
  {
    "id": 1777887482386.65,
    "ts": "2026-05-04T09:38:02.386Z",
    "level": "success",
    "message": "Fetched 2 currencies",
    "meta": {
      "company": "Rajlaxmi Solutions Private Limited - (From 1-Apr-2016)"
    },
    "company": "Rajlaxmi Solutions Private Limited - (From 1-Apr-2016)"
  },
  {
    "id": 1777887482373.1404,
    "ts": "2026-05-04T09:38:02.373Z",
    "level": "info",
    "message": "Fetching currencies from Tally",
    "meta": {
      "company": "Rajlaxmi Solutions Private Limited - (From 1-Apr-2016)"
    },
    "company": "Rajlaxmi Solutions Private Limited - (From 1-Apr-2016)"
  },
  {
    "id": 1777887482364.0337,
    "ts": "2026-05-04T09:38:02.364Z",
    "level": "success",
    "message": "Fetched 45 cost centres",
    "meta": {
      "company": "Rajlaxmi Solutions Private Limited - (From 1-Apr-2016)"
    },
    "company": "Rajlaxmi Solutions Private Limited - (From 1-Apr-2016)"
  },
  {
    "id": 1777887482341.4143,
    "ts": "2026-05-04T09:38:02.341Z",
    "level": "info",
    "message": "Fetching cost centres from Tally",
    "meta": {
      "company": "Rajlaxmi Solutions Private Limited - (From 1-Apr-2016)"
    },
    "company": "Rajlaxmi Solutions Private Limited - (From 1-Apr-2016)"
  },
  {
    "id": 1777887482333.9846,
    "ts": "2026-05-04T09:38:02.333Z",
    "level": "success",
    "message": "Fetched 1 cost categories",
    "meta": {
      "company": "Rajlaxmi Solutions Private Limited - (From 1-Apr-2016)"
    },
    "company": "Rajlaxmi Solutions Private Limited - (From 1-Apr-2016)"
  },
  {
    "id": 1777887482321.092,
    "ts": "2026-05-04T09:38:02.321Z",
    "level": "info",
    "message": "Fetching cost categories from Tally",
    "meta": {
      "company": "Rajlaxmi Solutions Private Limited - (From 1-Apr-2016)"
    },
    "company": "Rajlaxmi Solutions Private Limited - (From 1-Apr-2016)"
  },
  {
    "id": 1777887482313.2249,
    "ts": "2026-05-04T09:38:02.313Z",
    "level": "success",
    "message": "Fetched 39 voucher types",
    "meta": {
      "company": "Rajlaxmi Solutions Private Limited - (From 1-Apr-2016)"
    },
    "company": "Rajlaxmi Solutions Private Limited - (From 1-Apr-2016)"
  },
  {
    "id": 1777887482269.524,
    "ts": "2026-05-04T09:38:02.269Z",
    "level": "info",
    "message": "Fetching voucher types from Tally",
    "meta": {
      "company": "Rajlaxmi Solutions Private Limited - (From 1-Apr-2016)"
    },
    "company": "Rajlaxmi Solutions Private Limited - (From 1-Apr-2016)"
  },
  {
    "id": 1777887482256.13,
    "ts": "2026-05-04T09:38:02.256Z",
    "level": "success",
    "message": "Fetched 16760 ledgers",
    "meta": {
      "company": "Rajlaxmi Solutions Private Limited - (From 1-Apr-2016)"
    },
    "company": "Rajlaxmi Solutions Private Limited - (From 1-Apr-2016)"
  },
  {
    "id": 1777887474834.4556,
    "ts": "2026-05-04T09:37:54.834Z",
    "level": "info",
    "message": "Fetching ledgers from Tally",
    "meta": {
      "company": "Rajlaxmi Solutions Private Limited - (From 1-Apr-2016)"
    },
    "company": "Rajlaxmi Solutions Private Limited - (From 1-Apr-2016)"
  },
  {
    "id": 1777887474823.4275,
    "ts": "2026-05-04T09:37:54.823Z",
    "level": "success",
    "message": "Fetched 243 groups",
    "meta": {
      "company": "Rajlaxmi Solutions Private Limited - (From 1-Apr-2016)"
    },
    "company": "Rajlaxmi Solutions Private Limited - (From 1-Apr-2016)"
  },
  {
    "id": 1777887474690.2761,
    "ts": "2026-05-04T09:37:54.690Z",
    "level": "info",
    "message": "Fetching groups from Tally",
    "meta": {
      "company": "Rajlaxmi Solutions Private Limited - (From 1-Apr-2016)"
    },
    "company": "Rajlaxmi Solutions Private Limited - (From 1-Apr-2016)"
  },
  {
    "id": 1777885532557.6628,
    "ts": "2026-05-04T09:05:32.557Z",
    "level": "info",
    "message": "Ledger batch batch-5 (6/34): already done — skipping",
    "meta": {
      "company": "Rajlaxmi Solutions Private Limited - (From 1-Apr-2016)"
    },
    "company": "Rajlaxmi Solutions Private Limited - (From 1-Apr-2016)"
  },
  {
    "id": 1777885532550.146,
    "ts": "2026-05-04T09:05:32.550Z",
    "level": "info",
    "message": "Ledger batch batch-4 (5/34): already done — skipping",
    "meta": {
      "company": "Rajlaxmi Solutions Private Limited - (From 1-Apr-2016)"
    },
    "company": "Rajlaxmi Solutions Private Limited - (From 1-Apr-2016)"
  },
  {
    "id": 1777885532542.4763,
    "ts": "2026-05-04T09:05:32.542Z",
    "level": "info",
    "message": "Ledger batch batch-3 (4/34): already done — skipping",
    "meta": {
      "company": "Rajlaxmi Solutions Private Limited - (From 1-Apr-2016)"
    },
    "company": "Rajlaxmi Solutions Private Limited - (From 1-Apr-2016)"
  },
  {
    "id": 1777885532534.7026,
    "ts": "2026-05-04T09:05:32.534Z",
    "level": "info",
    "message": "Ledger batch batch-2 (3/34): already done — skipping",
    "meta": {
      "company": "Rajlaxmi Solutions Private Limited - (From 1-Apr-2016)"
    },
    "company": "Rajlaxmi Solutions Private Limited - (From 1-Apr-2016)"
  },
  {
    "id": 1777885532526.3752,
    "ts": "2026-05-04T09:05:32.526Z",
    "level": "info",
    "message": "Ledger batch batch-1 (2/34): already done — skipping",
    "meta": {
      "company": "Rajlaxmi Solutions Private Limited - (From 1-Apr-2016)"
    },
    "company": "Rajlaxmi Solutions Private Limited - (From 1-Apr-2016)"
  },
  {
    "id": 1777885532519.525,
    "ts": "2026-05-04T09:05:32.519Z",
    "level": "info",
    "message": "Ledger batch batch-0 (1/34): already done — skipping",
    "meta": {
      "company": "Rajlaxmi Solutions Private Limited - (From 1-Apr-2016)"
    },
    "company": "Rajlaxmi Solutions Private Limited - (From 1-Apr-2016)"
  },
  {
    "id": 1777885532515.3477,
    "ts": "2026-05-04T09:05:32.515Z",
    "level": "info",
    "message": "Ledger chunked fetch: 16760 ledgers → 34 batches of 500",
    "meta": {
      "company": "Rajlaxmi Solutions Private Limited - (From 1-Apr-2016)"
    },
    "company": "Rajlaxmi Solutions Private Limited - (From 1-Apr-2016)"
  },
  {
    "id": 1777885532512.6094,
    "ts": "2026-05-04T09:05:32.512Z",
    "level": "success",
    "message": "Fetched 16760 ledgers",
    "meta": {
      "company": "Rajlaxmi Solutions Private Limited - (From 1-Apr-2016)"
    },
    "company": "Rajlaxmi Solutions Private Limited - (From 1-Apr-2016)"
  },
  {
    "id": 1777885526974.5862,
    "ts": "2026-05-04T09:05:26.974Z",
    "level": "info",
    "message": "Fetching ledgers from Tally",
    "meta": {
      "company": "Rajlaxmi Solutions Private Limited - (From 1-Apr-2016)"
    },
    "company": "Rajlaxmi Solutions Private Limited - (From 1-Apr-2016)"
  },
  {
    "id": 1777885526965.5305,
    "ts": "2026-05-04T09:05:26.965Z",
    "level": "info",
    "message": "Ledger chunked fetch: fetching all ledgers then batching by 500",
    "meta": {
      "company": "Rajlaxmi Solutions Private Limited - (From 1-Apr-2016)"
    },
    "company": "Rajlaxmi Solutions Private Limited - (From 1-Apr-2016)"
  },
  {
    "id": 1777885526958.8076,
    "ts": "2026-05-04T09:05:26.958Z",
    "level": "info",
    "message": "Ledgers (first sync): fetching all, batching by 500, resumable",
    "meta": {
      "company": "Rajlaxmi Solutions Private Limited - (From 1-Apr-2016)"
    },
    "company": "Rajlaxmi Solutions Private Limited - (From 1-Apr-2016)"
  },
  {
    "id": 1777885526946.3499,
    "ts": "2026-05-04T09:05:26.946Z",
    "level": "success",
    "message": "Fetched 243 groups",
    "meta": {
      "company": "Rajlaxmi Solutions Private Limited - (From 1-Apr-2016)"
    },
    "company": "Rajlaxmi Solutions Private Limited - (From 1-Apr-2016)"
  },
  {
    "id": 1777885526803.449,
    "ts": "2026-05-04T09:05:26.803Z",
    "level": "info",
    "message": "Fetching groups from Tally",
    "meta": {
      "company": "Rajlaxmi Solutions Private Limited - (From 1-Apr-2016)"
    },
    "company": "Rajlaxmi Solutions Private Limited - (From 1-Apr-2016)"
  },
  {
    "id": 1777883963104.219,
    "ts": "2026-05-04T08:39:23.104Z",
    "level": "info",
    "message": "Ledger batch batch-1 (2/34): already done — skipping",
    "meta": {
      "company": "Rajlaxmi Solutions Private Limited - (From 1-Apr-2016)"
    },
    "company": "Rajlaxmi Solutions Private Limited - (From 1-Apr-2016)"
  },
  {
    "id": 1777883963093.3665,
    "ts": "2026-05-04T08:39:23.093Z",
    "level": "info",
    "message": "Ledger batch batch-0 (1/34): already done — skipping",
    "meta": {
      "company": "Rajlaxmi Solutions Private Limited - (From 1-Apr-2016)"
    },
    "company": "Rajlaxmi Solutions Private Limited - (From 1-Apr-2016)"
  },
  {
    "id": 1777883963086.7454,
    "ts": "2026-05-04T08:39:23.086Z",
    "level": "info",
    "message": "Ledger chunked fetch: 16760 ledgers → 34 batches of 500",
    "meta": {
      "company": "Rajlaxmi Solutions Private Limited - (From 1-Apr-2016)"
    },
    "company": "Rajlaxmi Solutions Private Limited - (From 1-Apr-2016)"
  },
  {
    "id": 1777883963079.145,
    "ts": "2026-05-04T08:39:23.079Z",
    "level": "success",
    "message": "Fetched 16760 ledgers",
    "meta": {
      "company": "Rajlaxmi Solutions Private Limited - (From 1-Apr-2016)"
    },
    "company": "Rajlaxmi Solutions Private Limited - (From 1-Apr-2016)"
  },
  {
    "id": 1777883955781.5786,
    "ts": "2026-05-04T08:39:15.781Z",
    "level": "info",
    "message": "Fetching ledgers from Tally",
    "meta": {
      "company": "Rajlaxmi Solutions Private Limited - (From 1-Apr-2016)"
    },
    "company": "Rajlaxmi Solutions Private Limited - (From 1-Apr-2016)"
  },
  {
    "id": 1777883955772.4282,
    "ts": "2026-05-04T08:39:15.772Z",
    "level": "info",
    "message": "Ledger chunked fetch: fetching all ledgers then batching by 500",
    "meta": {
      "company": "Rajlaxmi Solutions Private Limited - (From 1-Apr-2016)"
    },
    "company": "Rajlaxmi Solutions Private Limited - (From 1-Apr-2016)"
  },
  {
    "id": 1777883955764.5847,
    "ts": "2026-05-04T08:39:15.764Z",
    "level": "info",
    "message": "Ledgers (first sync): fetching all, batching by 500, resumable",
    "meta": {
      "company": "Rajlaxmi Solutions Private Limited - (From 1-Apr-2016)"
    },
    "company": "Rajlaxmi Solutions Private Limited - (From 1-Apr-2016)"
  },
  {
    "id": 1777883955751.8215,
    "ts": "2026-05-04T08:39:15.751Z",
    "level": "success",
    "message": "Fetched 243 groups",
    "meta": {
      "company": "Rajlaxmi Solutions Private Limited - (From 1-Apr-2016)"
    },
    "company": "Rajlaxmi Solutions Private Limited - (From 1-Apr-2016)"
  },
  {
    "id": 1777883955610.378,
    "ts": "2026-05-04T08:39:15.610Z",
    "level": "info",
    "message": "Fetching groups from Tally",
    "meta": {
      "company": "Rajlaxmi Solutions Private Limited - (From 1-Apr-2016)"
    },
    "company": "Rajlaxmi Solutions Private Limited - (From 1-Apr-2016)"
  },
  {
    "id": 1777883739160.2478,
    "ts": "2026-05-04T08:35:39.160Z",
    "level": "info",
    "message": "Ledger batch batch-1 (2/34): already done — skipping",
    "meta": {
      "company": "Rajlaxmi Solutions Private Limited - (From 1-Apr-2016)"
    },
    "company": "Rajlaxmi Solutions Private Limited - (From 1-Apr-2016)"
  },
  {
    "id": 1777883739153.0876,
    "ts": "2026-05-04T08:35:39.153Z",
    "level": "info",
    "message": "Ledger batch batch-0 (1/34): already done — skipping",
    "meta": {
      "company": "Rajlaxmi Solutions Private Limited - (From 1-Apr-2016)"
    },
    "company": "Rajlaxmi Solutions Private Limited - (From 1-Apr-2016)"
  },
  {
    "id": 1777883739150.8772,
    "ts": "2026-05-04T08:35:39.150Z",
    "level": "info",
    "message": "Ledger chunked fetch: 16760 ledgers → 34 batches of 500",
    "meta": {
      "company": "Rajlaxmi Solutions Private Limited - (From 1-Apr-2016)"
    },
    "company": "Rajlaxmi Solutions Private Limited - (From 1-Apr-2016)"
  },
  {
    "id": 1777883739146.0752,
    "ts": "2026-05-04T08:35:39.146Z",
    "level": "success",
    "message": "Fetched 16760 ledgers",
    "meta": {
      "company": "Rajlaxmi Solutions Private Limited - (From 1-Apr-2016)"
    },
    "company": "Rajlaxmi Solutions Private Limited - (From 1-Apr-2016)"
  },
  {
    "id": 1777883733663.5955,
    "ts": "2026-05-04T08:35:33.663Z",
    "level": "info",
    "message": "Fetching ledgers from Tally",
    "meta": {
      "company": "Rajlaxmi Solutions Private Limited - (From 1-Apr-2016)"
    },
    "company": "Rajlaxmi Solutions Private Limited - (From 1-Apr-2016)"
  },
  {
    "id": 1777883733655.9844,
    "ts": "2026-05-04T08:35:33.655Z",
    "level": "info",
    "message": "Ledger chunked fetch: fetching all ledgers then batching by 500",
    "meta": {
      "company": "Rajlaxmi Solutions Private Limited - (From 1-Apr-2016)"
    },
    "company": "Rajlaxmi Solutions Private Limited - (From 1-Apr-2016)"
  },
  {
    "id": 1777883733646.316,
    "ts": "2026-05-04T08:35:33.646Z",
    "level": "info",
    "message": "Ledgers (first sync): fetching all, batching by 500, resumable",
    "meta": {
      "company": "Rajlaxmi Solutions Private Limited - (From 1-Apr-2016)"
    },
    "company": "Rajlaxmi Solutions Private Limited - (From 1-Apr-2016)"
  },
  {
    "id": 1777883733635.5928,
    "ts": "2026-05-04T08:35:33.635Z",
    "level": "success",
    "message": "Fetched 243 groups",
    "meta": {
      "company": "Rajlaxmi Solutions Private Limited - (From 1-Apr-2016)"
    },
    "company": "Rajlaxmi Solutions Private Limited - (From 1-Apr-2016)"
  },
  {
    "id": 1777883733506.6245,
    "ts": "2026-05-04T08:35:33.506Z",
    "level": "info",
    "message": "Fetching groups from Tally",
    "meta": {
      "company": "Rajlaxmi Solutions Private Limited - (From 1-Apr-2016)"
    },
    "company": "Rajlaxmi Solutions Private Limited - (From 1-Apr-2016)"
  },
  {
    "id": 1777883276723.181,
    "ts": "2026-05-04T08:27:56.723Z",
    "level": "info",
    "message": "Ledger batch batch-1 (2/34): already done — skipping",
    "meta": {
      "company": "Rajlaxmi Solutions Private Limited - (From 1-Apr-2016)"
    },
    "company": "Rajlaxmi Solutions Private Limited - (From 1-Apr-2016)"
  },
  {
    "id": 1777883276716.8135,
    "ts": "2026-05-04T08:27:56.716Z",
    "level": "info",
    "message": "Ledger batch batch-0 (1/34): already done — skipping",
    "meta": {
      "company": "Rajlaxmi Solutions Private Limited - (From 1-Apr-2016)"
    },
    "company": "Rajlaxmi Solutions Private Limited - (From 1-Apr-2016)"
  },
  {
    "id": 1777883276710.591,
    "ts": "2026-05-04T08:27:56.710Z",
    "level": "info",
    "message": "Ledger chunked fetch: 16760 ledgers → 34 batches of 500",
    "meta": {
      "company": "Rajlaxmi Solutions Private Limited - (From 1-Apr-2016)"
    },
    "company": "Rajlaxmi Solutions Private Limited - (From 1-Apr-2016)"
  },
  {
    "id": 1777883276705.398,
    "ts": "2026-05-04T08:27:56.705Z",
    "level": "success",
    "message": "Fetched 16760 ledgers",
    "meta": {
      "company": "Rajlaxmi Solutions Private Limited - (From 1-Apr-2016)"
    },
    "company": "Rajlaxmi Solutions Private Limited - (From 1-Apr-2016)"
  },
  {
    "id": 1777883271266.7263,
    "ts": "2026-05-04T08:27:51.266Z",
    "level": "info",
    "message": "Fetching ledgers from Tally",
    "meta": {
      "company": "Rajlaxmi Solutions Private Limited - (From 1-Apr-2016)"
    },
    "company": "Rajlaxmi Solutions Private Limited - (From 1-Apr-2016)"
  },
  {
    "id": 1777883271259.0127,
    "ts": "2026-05-04T08:27:51.259Z",
    "level": "info",
    "message": "Ledger chunked fetch: fetching all ledgers then batching by 500",
    "meta": {
      "company": "Rajlaxmi Solutions Private Limited - (From 1-Apr-2016)"
    },
    "company": "Rajlaxmi Solutions Private Limited - (From 1-Apr-2016)"
  },
  {
    "id": 1777883271250.8025,
    "ts": "2026-05-04T08:27:51.250Z",
    "level": "info",
    "message": "Ledgers (first sync): fetching all, batching by 500, resumable",
    "meta": {
      "company": "Rajlaxmi Solutions Private Limited - (From 1-Apr-2016)"
    },
    "company": "Rajlaxmi Solutions Private Limited - (From 1-Apr-2016)"
  },
  {
    "id": 1777883271237.7014,
    "ts": "2026-05-04T08:27:51.237Z",
    "level": "success",
    "message": "Fetched 243 groups",
    "meta": {
      "company": "Rajlaxmi Solutions Private Limited - (From 1-Apr-2016)"
    },
    "company": "Rajlaxmi Solutions Private Limited - (From 1-Apr-2016)"
  },
  {
    "id": 1777883271114.626,
    "ts": "2026-05-04T08:27:51.114Z",
    "level": "info",
    "message": "Fetching groups from Tally",
    "meta": {
      "company": "Rajlaxmi Solutions Private Limited - (From 1-Apr-2016)"
    },
    "company": "Rajlaxmi Solutions Private Limited - (From 1-Apr-2016)"
  },
  {
    "id": 1777882740160.7046,
    "ts": "2026-05-04T08:19:00.160Z",
    "level": "info",
    "message": "Ledger batch batch-1 (2/34): already done — skipping",
    "meta": {
      "company": "Rajlaxmi Solutions Private Limited - (From 1-Apr-2016)"
    },
    "company": "Rajlaxmi Solutions Private Limited - (From 1-Apr-2016)"
  },
  {
    "id": 1777882740153.354,
    "ts": "2026-05-04T08:19:00.153Z",
    "level": "info",
    "message": "Ledger batch batch-0 (1/34): already done — skipping",
    "meta": {
      "company": "Rajlaxmi Solutions Private Limited - (From 1-Apr-2016)"
    },
    "company": "Rajlaxmi Solutions Private Limited - (From 1-Apr-2016)"
  },
  {
    "id": 1777882740150.8455,
    "ts": "2026-05-04T08:19:00.150Z",
    "level": "info",
    "message": "Ledger chunked fetch: 16760 ledgers → 34 batches of 500",
    "meta": {
      "company": "Rajlaxmi Solutions Private Limited - (From 1-Apr-2016)"
    },
    "company": "Rajlaxmi Solutions Private Limited - (From 1-Apr-2016)"
  },
  {
    "id": 1777882740146.0044,
    "ts": "2026-05-04T08:19:00.146Z",
    "level": "success",
    "message": "Fetched 16760 ledgers",
    "meta": {
      "company": "Rajlaxmi Solutions Private Limited - (From 1-Apr-2016)"
    },
    "company": "Rajlaxmi Solutions Private Limited - (From 1-Apr-2016)"
  },
  {
    "id": 1777882734445.0715,
    "ts": "2026-05-04T08:18:54.445Z",
    "level": "info",
    "message": "Fetching ledgers from Tally",
    "meta": {
      "company": "Rajlaxmi Solutions Private Limited - (From 1-Apr-2016)"
    },
    "company": "Rajlaxmi Solutions Private Limited - (From 1-Apr-2016)"
  },
  {
    "id": 1777882734438.662,
    "ts": "2026-05-04T08:18:54.438Z",
    "level": "info",
    "message": "Ledger chunked fetch: fetching all ledgers then batching by 500",
    "meta": {
      "company": "Rajlaxmi Solutions Private Limited - (From 1-Apr-2016)"
    },
    "company": "Rajlaxmi Solutions Private Limited - (From 1-Apr-2016)"
  },
  {
    "id": 1777882734430.8909,
    "ts": "2026-05-04T08:18:54.430Z",
    "level": "info",
    "message": "Ledgers (first sync): fetching all, batching by 500, resumable",
    "meta": {
      "company": "Rajlaxmi Solutions Private Limited - (From 1-Apr-2016)"
    },
    "company": "Rajlaxmi Solutions Private Limited - (From 1-Apr-2016)"
  },
  {
    "id": 1777882734419.4573,
    "ts": "2026-05-04T08:18:54.419Z",
    "level": "success",
    "message": "Fetched 243 groups",
    "meta": {
      "company": "Rajlaxmi Solutions Private Limited - (From 1-Apr-2016)"
    },
    "company": "Rajlaxmi Solutions Private Limited - (From 1-Apr-2016)"
  },
  {
    "id": 1777882734302.9429,
    "ts": "2026-05-04T08:18:54.302Z",
    "level": "info",
    "message": "Fetching groups from Tally",
    "meta": {
      "company": "Rajlaxmi Solutions Private Limited - (From 1-Apr-2016)"
    },
    "company": "Rajlaxmi Solutions Private Limited - (From 1-Apr-2016)"
  },
  {
    "id": 1777882593854.9375,
    "ts": "2026-05-04T08:16:33.854Z",
    "level": "info",
    "message": "Ledger batch batch-1 (2/34): already done — skipping",
    "meta": {
      "company": "Rajlaxmi Solutions Private Limited - (From 1-Apr-2016)"
    },
    "company": "Rajlaxmi Solutions Private Limited - (From 1-Apr-2016)"
  },
  {
    "id": 1777882593841.86,
    "ts": "2026-05-04T08:16:33.841Z",
    "level": "info",
    "message": "Ledger batch batch-0 (1/34): already done — skipping",
    "meta": {
      "company": "Rajlaxmi Solutions Private Limited - (From 1-Apr-2016)"
    },
    "company": "Rajlaxmi Solutions Private Limited - (From 1-Apr-2016)"
  },
  {
    "id": 1777882593835.7231,
    "ts": "2026-05-04T08:16:33.835Z",
    "level": "info",
    "message": "Ledger chunked fetch: 16760 ledgers → 34 batches of 500",
    "meta": {
      "company": "Rajlaxmi Solutions Private Limited - (From 1-Apr-2016)"
    },
    "company": "Rajlaxmi Solutions Private Limited - (From 1-Apr-2016)"
  },
  {
    "id": 1777882593827.5085,
    "ts": "2026-05-04T08:16:33.827Z",
    "level": "success",
    "message": "Fetched 16760 ledgers",
    "meta": {
      "company": "Rajlaxmi Solutions Private Limited - (From 1-Apr-2016)"
    },
    "company": "Rajlaxmi Solutions Private Limited - (From 1-Apr-2016)"
  },
  {
    "id": 1777882586399.3389,
    "ts": "2026-05-04T08:16:26.400Z",
    "level": "info",
    "message": "Fetching ledgers from Tally",
    "meta": {
      "company": "Rajlaxmi Solutions Private Limited - (From 1-Apr-2016)"
    },
    "company": "Rajlaxmi Solutions Private Limited - (From 1-Apr-2016)"
  },
  {
    "id": 1777882586391.0332,
    "ts": "2026-05-04T08:16:26.391Z",
    "level": "info",
    "message": "Ledger chunked fetch: fetching all ledgers then batching by 500",
    "meta": {
      "company": "Rajlaxmi Solutions Private Limited - (From 1-Apr-2016)"
    },
    "company": "Rajlaxmi Solutions Private Limited - (From 1-Apr-2016)"
  },
  {
    "id": 1777882586383.3857,
    "ts": "2026-05-04T08:16:26.383Z",
    "level": "info",
    "message": "Ledgers (first sync): fetching all, batching by 500, resumable",
    "meta": {
      "company": "Rajlaxmi Solutions Private Limited - (From 1-Apr-2016)"
    },
    "company": "Rajlaxmi Solutions Private Limited - (From 1-Apr-2016)"
  },
  {
    "id": 1777882586371.7166,
    "ts": "2026-05-04T08:16:26.371Z",
    "level": "success",
    "message": "Fetched 243 groups",
    "meta": {
      "company": "Rajlaxmi Solutions Private Limited - (From 1-Apr-2016)"
    },
    "company": "Rajlaxmi Solutions Private Limited - (From 1-Apr-2016)"
  },
  {
    "id": 1777882586231.1653,
    "ts": "2026-05-04T08:16:26.231Z",
    "level": "info",
    "message": "Fetching groups from Tally",
    "meta": {
      "company": "Rajlaxmi Solutions Private Limited - (From 1-Apr-2016)"
    },
    "company": "Rajlaxmi Solutions Private Limited - (From 1-Apr-2016)"
  },
  {
    "id": 1777881930599.8943,
    "ts": "2026-05-04T08:05:30.599Z",
    "level": "info",
    "message": "Ledger batch batch-0 (1/34): already done — skipping",
    "meta": {
      "company": "Rajlaxmi Solutions Private Limited - (From 1-Apr-2016)"
    },
    "company": "Rajlaxmi Solutions Private Limited - (From 1-Apr-2016)"
  },
  {
    "id": 1777881930593.6404,
    "ts": "2026-05-04T08:05:30.593Z",
    "level": "info",
    "message": "Ledger chunked fetch: 16760 ledgers → 34 batches of 500",
    "meta": {
      "company": "Rajlaxmi Solutions Private Limited - (From 1-Apr-2016)"
    },
    "company": "Rajlaxmi Solutions Private Limited - (From 1-Apr-2016)"
  },
  {
    "id": 1777881930583.1133,
    "ts": "2026-05-04T08:05:30.583Z",
    "level": "success",
    "message": "Fetched 16760 ledgers",
    "meta": {
      "company": "Rajlaxmi Solutions Private Limited - (From 1-Apr-2016)"
    },
    "company": "Rajlaxmi Solutions Private Limited - (From 1-Apr-2016)"
  },
  {
    "id": 1777881921702.7634,
    "ts": "2026-05-04T08:05:21.702Z",
    "level": "info",
    "message": "Fetching ledgers from Tally",
    "meta": {
      "company": "Rajlaxmi Solutions Private Limited - (From 1-Apr-2016)"
    },
    "company": "Rajlaxmi Solutions Private Limited - (From 1-Apr-2016)"
  },
  {
    "id": 1777881921694.7017,
    "ts": "2026-05-04T08:05:21.694Z",
    "level": "info",
    "message": "Ledger chunked fetch: fetching all ledgers then batching by 500",
    "meta": {
      "company": "Rajlaxmi Solutions Private Limited - (From 1-Apr-2016)"
    },
    "company": "Rajlaxmi Solutions Private Limited - (From 1-Apr-2016)"
  },
  {
    "id": 1777881921685.7183,
    "ts": "2026-05-04T08:05:21.685Z",
    "level": "info",
    "message": "Ledgers (first sync): fetching all, batching by 500, resumable",
    "meta": {
      "company": "Rajlaxmi Solutions Private Limited - (From 1-Apr-2016)"
    },
    "company": "Rajlaxmi Solutions Private Limited - (From 1-Apr-2016)"
  },
  {
    "id": 1777881921673.9785,
    "ts": "2026-05-04T08:05:21.673Z",
    "level": "success",
    "message": "Fetched 243 groups",
    "meta": {
      "company": "Rajlaxmi Solutions Private Limited - (From 1-Apr-2016)"
    },
    "company": "Rajlaxmi Solutions Private Limited - (From 1-Apr-2016)"
  },
  {
    "id": 1777881921476.881,
    "ts": "2026-05-04T08:05:21.476Z",
    "level": "info",
    "message": "Fetching groups from Tally",
    "meta": {
      "company": "Rajlaxmi Solutions Private Limited - (From 1-Apr-2016)"
    },
    "company": "Rajlaxmi Solutions Private Limited - (From 1-Apr-2016)"
  },
  {
    "id": 1777879386887.8552,
    "ts": "2026-05-04T07:23:06.887Z",
    "level": "info",
    "message": "Ledger batch batch-0 (1/34): already done — skipping",
    "meta": {
      "company": "Rajlaxmi Solutions Private Limited - (From 1-Apr-2016)"
    },
    "company": "Rajlaxmi Solutions Private Limited - (From 1-Apr-2016)"
  },
  {
    "id": 1777879386879.7012,
    "ts": "2026-05-04T07:23:06.879Z",
    "level": "info",
    "message": "Ledger chunked fetch: 16760 ledgers → 34 batches of 500",
    "meta": {
      "company": "Rajlaxmi Solutions Private Limited - (From 1-Apr-2016)"
    },
    "company": "Rajlaxmi Solutions Private Limited - (From 1-Apr-2016)"
  },
  {
    "id": 1777879386869.2927,
    "ts": "2026-05-04T07:23:06.869Z",
    "level": "success",
    "message": "Fetched 16760 ledgers",
    "meta": {
      "company": "Rajlaxmi Solutions Private Limited - (From 1-Apr-2016)"
    },
    "company": "Rajlaxmi Solutions Private Limited - (From 1-Apr-2016)"
  },
  {
    "id": 1777879378373.6052,
    "ts": "2026-05-04T07:22:58.373Z",
    "level": "info",
    "message": "Fetching ledgers from Tally",
    "meta": {
      "company": "Rajlaxmi Solutions Private Limited - (From 1-Apr-2016)"
    },
    "company": "Rajlaxmi Solutions Private Limited - (From 1-Apr-2016)"
  },
  {
    "id": 1777879378364.7031,
    "ts": "2026-05-04T07:22:58.364Z",
    "level": "info",
    "message": "Ledger chunked fetch: fetching all ledgers then batching by 500",
    "meta": {
      "company": "Rajlaxmi Solutions Private Limited - (From 1-Apr-2016)"
    },
    "company": "Rajlaxmi Solutions Private Limited - (From 1-Apr-2016)"
  },
  {
    "id": 1777879378353.9998,
    "ts": "2026-05-04T07:22:58.353Z",
    "level": "info",
    "message": "Ledgers (first sync): fetching all, batching by 500, resumable",
    "meta": {
      "company": "Rajlaxmi Solutions Private Limited - (From 1-Apr-2016)"
    },
    "company": "Rajlaxmi Solutions Private Limited - (From 1-Apr-2016)"
  },
  {
    "id": 1777879378340.2756,
    "ts": "2026-05-04T07:22:58.340Z",
    "level": "success",
    "message": "Fetched 243 groups",
    "meta": {
      "company": "Rajlaxmi Solutions Private Limited - (From 1-Apr-2016)"
    },
    "company": "Rajlaxmi Solutions Private Limited - (From 1-Apr-2016)"
  },
  {
    "id": 1777879378126.8132,
    "ts": "2026-05-04T07:22:58.126Z",
    "level": "info",
    "message": "Fetching groups from Tally",
    "meta": {
      "company": "Rajlaxmi Solutions Private Limited - (From 1-Apr-2016)"
    },
    "company": "Rajlaxmi Solutions Private Limited - (From 1-Apr-2016)"
  },
  {
    "id": 1777879200623.6865,
    "ts": "2026-05-04T07:20:00.623Z",
    "level": "info",
    "message": "Ledger batch batch-0 (1/34): already done — skipping",
    "meta": {
      "company": "Rajlaxmi Solutions Private Limited - (From 1-Apr-2016)"
    },
    "company": "Rajlaxmi Solutions Private Limited - (From 1-Apr-2016)"
  },
  {
    "id": 1777879200613.1035,
    "ts": "2026-05-04T07:20:00.613Z",
    "level": "info",
    "message": "Ledger chunked fetch: 16760 ledgers → 34 batches of 500",
    "meta": {
      "company": "Rajlaxmi Solutions Private Limited - (From 1-Apr-2016)"
    },
    "company": "Rajlaxmi Solutions Private Limited - (From 1-Apr-2016)"
  },
  {
    "id": 1777879200604.0706,
    "ts": "2026-05-04T07:20:00.604Z",
    "level": "success",
    "message": "Fetched 16760 ledgers",
    "meta": {
      "company": "Rajlaxmi Solutions Private Limited - (From 1-Apr-2016)"
    },
    "company": "Rajlaxmi Solutions Private Limited - (From 1-Apr-2016)"
  },
  {
    "id": 1777879192436.397,
    "ts": "2026-05-04T07:19:52.436Z",
    "level": "info",
    "message": "Fetching ledgers from Tally",
    "meta": {
      "company": "Rajlaxmi Solutions Private Limited - (From 1-Apr-2016)"
    },
    "company": "Rajlaxmi Solutions Private Limited - (From 1-Apr-2016)"
  },
  {
    "id": 1777879192422.4707,
    "ts": "2026-05-04T07:19:52.422Z",
    "level": "info",
    "message": "Ledger chunked fetch: fetching all ledgers then batching by 500",
    "meta": {
      "company": "Rajlaxmi Solutions Private Limited - (From 1-Apr-2016)"
    },
    "company": "Rajlaxmi Solutions Private Limited - (From 1-Apr-2016)"
  },
  {
    "id": 1777879192412.2021,
    "ts": "2026-05-04T07:19:52.412Z",
    "level": "info",
    "message": "Ledgers (first sync): fetching all, batching by 500, resumable",
    "meta": {
      "company": "Rajlaxmi Solutions Private Limited - (From 1-Apr-2016)"
    },
    "company": "Rajlaxmi Solutions Private Limited - (From 1-Apr-2016)"
  },
  {
    "id": 1777879192394.2134,
    "ts": "2026-05-04T07:19:52.394Z",
    "level": "success",
    "message": "Fetched 243 groups",
    "meta": {
      "company": "Rajlaxmi Solutions Private Limited - (From 1-Apr-2016)"
    },
    "company": "Rajlaxmi Solutions Private Limited - (From 1-Apr-2016)"
  },
  {
    "id": 1777879192194.4568,
    "ts": "2026-05-04T07:19:52.194Z",
    "level": "info",
    "message": "Fetching groups from Tally",
    "meta": {
      "company": "Rajlaxmi Solutions Private Limited - (From 1-Apr-2016)"
    },
    "company": "Rajlaxmi Solutions Private Limited - (From 1-Apr-2016)"
  },
  {
    "id": 1777878355333.4644,
    "ts": "2026-05-04T07:05:55.334Z",
    "level": "info",
    "message": "Ledger chunked fetch: 16760 ledgers → 34 batches of 500",
    "meta": {
      "company": "Rajlaxmi Solutions Private Limited - (From 1-Apr-2016)"
    },
    "company": "Rajlaxmi Solutions Private Limited - (From 1-Apr-2016)"
  },
  {
    "id": 1777878355321.9065,
    "ts": "2026-05-04T07:05:55.321Z",
    "level": "success",
    "message": "Fetched 16760 ledgers",
    "meta": {
      "company": "Rajlaxmi Solutions Private Limited - (From 1-Apr-2016)"
    },
    "company": "Rajlaxmi Solutions Private Limited - (From 1-Apr-2016)"
  },
  {
    "id": 1777878343724.8198,
    "ts": "2026-05-04T07:05:43.724Z",
    "level": "info",
    "message": "Fetching ledgers from Tally",
    "meta": {
      "company": "Rajlaxmi Solutions Private Limited - (From 1-Apr-2016)"
    },
    "company": "Rajlaxmi Solutions Private Limited - (From 1-Apr-2016)"
  },
  {
    "id": 1777878343709.6252,
    "ts": "2026-05-04T07:05:43.709Z",
    "level": "info",
    "message": "Ledger chunked fetch: fetching all ledgers then batching by 500",
    "meta": {
      "company": "Rajlaxmi Solutions Private Limited - (From 1-Apr-2016)"
    },
    "company": "Rajlaxmi Solutions Private Limited - (From 1-Apr-2016)"
  },
  {
    "id": 1777878343700.9355,
    "ts": "2026-05-04T07:05:43.700Z",
    "level": "info",
    "message": "Ledgers (first sync): fetching all, batching by 500, resumable",
    "meta": {
      "company": "Rajlaxmi Solutions Private Limited - (From 1-Apr-2016)"
    },
    "company": "Rajlaxmi Solutions Private Limited - (From 1-Apr-2016)"
  },
  {
    "id": 1777878343680.6628,
    "ts": "2026-05-04T07:05:43.680Z",
    "level": "success",
    "message": "Fetched 243 groups",
    "meta": {
      "company": "Rajlaxmi Solutions Private Limited - (From 1-Apr-2016)"
    },
    "company": "Rajlaxmi Solutions Private Limited - (From 1-Apr-2016)"
  },
  {
    "id": 1777878343124.7166,
    "ts": "2026-05-04T07:05:43.124Z",
    "level": "info",
    "message": "Fetching groups from Tally",
    "meta": {
      "company": "Rajlaxmi Solutions Private Limited - (From 1-Apr-2016)"
    },
    "company": "Rajlaxmi Solutions Private Limited - (From 1-Apr-2016)"
  },
  {
    "id": 1777872551457.0964,
    "ts": "2026-05-04T05:29:11.457Z",
    "level": "success",
    "message": "Fetched 1158 vouchers (filtered: 2025-01-01 → 2025-02-01) from 10672 total",
    "meta": {
      "company": "Rajlaxmi Solutions Private Limited - (From 1-Apr-2016)"
    },
    "company": "Rajlaxmi Solutions Private Limited - (From 1-Apr-2016)"
  },
  {
    "id": 1777872551439.7988,
    "ts": "2026-05-04T05:29:11.439Z",
    "level": "info",
    "message": "Vouchers parsed successfully: 10672",
    "meta": {
      "company": "Rajlaxmi Solutions Private Limited - (From 1-Apr-2016)"
    },
    "company": "Rajlaxmi Solutions Private Limited - (From 1-Apr-2016)"
  },
  {
    "id": 1777872551053.146,
    "ts": "2026-05-04T05:29:11.053Z",
    "level": "info",
    "message": "Raw vouchers received from Tally: 10672",
    "meta": {
      "company": "Rajlaxmi Solutions Private Limited - (From 1-Apr-2016)"
    },
    "company": "Rajlaxmi Solutions Private Limited - (From 1-Apr-2016)"
  },
  {
    "id": 1777872525632.0962,
    "ts": "2026-05-04T05:28:45.632Z",
    "level": "info",
    "message": "Fetching ALL vouchers from Tally",
    "meta": {
      "company": "Rajlaxmi Solutions Private Limited - (From 1-Apr-2016)",
      "fromDate": "2025-01-01",
      "toDate": "2025-02-01"
    },
    "company": "Rajlaxmi Solutions Private Limited - (From 1-Apr-2016)"
  },
  {
    "id": 1777872525626.866,
    "ts": "2026-05-04T05:28:45.626Z",
    "level": "info",
    "message": "Voucher check: fetching vouchers from 2025-01-01 to 2025-02-01",
    "meta": {
      "company": "Rajlaxmi Solutions Private Limited - (From 1-Apr-2016)"
    },
    "company": "Rajlaxmi Solutions Private Limited - (From 1-Apr-2016)"
  },
  {
    "id": 1777872525617.7512,
    "ts": "2026-05-04T05:28:45.617Z",
    "level": "success",
    "message": "Fetched 2 godowns",
    "meta": {
      "company": "Rajlaxmi Solutions Private Limited - (From 1-Apr-2016)"
    },
    "company": "Rajlaxmi Solutions Private Limited - (From 1-Apr-2016)"
  },
  {
    "id": 1777872525602.326,
    "ts": "2026-05-04T05:28:45.602Z",
    "level": "info",
    "message": "Fetching godowns from Tally",
    "meta": {
      "company": "Rajlaxmi Solutions Private Limited - (From 1-Apr-2016)"
    },
    "company": "Rajlaxmi Solutions Private Limited - (From 1-Apr-2016)"
  },
  {
    "id": 1777872525594.681,
    "ts": "2026-05-04T05:28:45.594Z",
    "level": "success",
    "message": "Fetched 5 units",
    "meta": {
      "company": "Rajlaxmi Solutions Private Limited - (From 1-Apr-2016)"
    },
    "company": "Rajlaxmi Solutions Private Limited - (From 1-Apr-2016)"
  },
  {
    "id": 1777872525580.8691,
    "ts": "2026-05-04T05:28:45.580Z",
    "level": "info",
    "message": "Fetching units from Tally",
    "meta": {
      "company": "Rajlaxmi Solutions Private Limited - (From 1-Apr-2016)"
    },
    "company": "Rajlaxmi Solutions Private Limited - (From 1-Apr-2016)"
  },
  {
    "id": 1777872525574.5764,
    "ts": "2026-05-04T05:28:45.574Z",
    "level": "success",
    "message": "Fetched 11 stock categories",
    "meta": {
      "company": "Rajlaxmi Solutions Private Limited - (From 1-Apr-2016)"
    },
    "company": "Rajlaxmi Solutions Private Limited - (From 1-Apr-2016)"
  },
  {
    "id": 1777872525559.8066,
    "ts": "2026-05-04T05:28:45.559Z",
    "level": "info",
    "message": "Fetching stock categories from Tally",
    "meta": {
      "company": "Rajlaxmi Solutions Private Limited - (From 1-Apr-2016)"
    },
    "company": "Rajlaxmi Solutions Private Limited - (From 1-Apr-2016)"
  },
  {
    "id": 1777872525551.8975,
    "ts": "2026-05-04T05:28:45.551Z",
    "level": "success",
    "message": "Fetched 115 stock items (74 with HSN/SAC, 0 with GST rate)",
    "meta": {
      "company": "Rajlaxmi Solutions Private Limited - (From 1-Apr-2016)"
    },
    "company": "Rajlaxmi Solutions Private Limited - (From 1-Apr-2016)"
  },
  {
    "id": 1777872525492.2583,
    "ts": "2026-05-04T05:28:45.492Z",
    "level": "info",
    "message": "Fetching stock items from Tally",
    "meta": {
      "company": "Rajlaxmi Solutions Private Limited - (From 1-Apr-2016)"
    },
    "company": "Rajlaxmi Solutions Private Limited - (From 1-Apr-2016)"
  },
  {
    "id": 1777872525484.7017,
    "ts": "2026-05-04T05:28:45.484Z",
    "level": "success",
    "message": "Fetched 6 stock groups",
    "meta": {
      "company": "Rajlaxmi Solutions Private Limited - (From 1-Apr-2016)"
    },
    "company": "Rajlaxmi Solutions Private Limited - (From 1-Apr-2016)"
  },
  {
    "id": 1777872525465.8657,
    "ts": "2026-05-04T05:28:45.465Z",
    "level": "info",
    "message": "Fetching stock groups from Tally",
    "meta": {
      "company": "Rajlaxmi Solutions Private Limited - (From 1-Apr-2016)"
    },
    "company": "Rajlaxmi Solutions Private Limited - (From 1-Apr-2016)"
  },
  {
    "id": 1777872525459.457,
    "ts": "2026-05-04T05:28:45.459Z",
    "level": "success",
    "message": "Fetched 0 budgets",
    "meta": {
      "company": "Rajlaxmi Solutions Private Limited - (From 1-Apr-2016)"
    },
    "company": "Rajlaxmi Solutions Private Limited - (From 1-Apr-2016)"
  },
  {
    "id": 1777872525446.9434,
    "ts": "2026-05-04T05:28:45.446Z",
    "level": "info",
    "message": "Fetching budgets from Tally",
    "meta": {
      "company": "Rajlaxmi Solutions Private Limited - (From 1-Apr-2016)"
    },
    "company": "Rajlaxmi Solutions Private Limited - (From 1-Apr-2016)"
  },
  {
    "id": 1777872525439.153,
    "ts": "2026-05-04T05:28:45.439Z",
    "level": "success",
    "message": "Fetched 2 currencies",
    "meta": {
      "company": "Rajlaxmi Solutions Private Limited - (From 1-Apr-2016)"
    },
    "company": "Rajlaxmi Solutions Private Limited - (From 1-Apr-2016)"
  },
  {
    "id": 1777872525424.3213,
    "ts": "2026-05-04T05:28:45.424Z",
    "level": "info",
    "message": "Fetching currencies from Tally",
    "meta": {
      "company": "Rajlaxmi Solutions Private Limited - (From 1-Apr-2016)"
    },
    "company": "Rajlaxmi Solutions Private Limited - (From 1-Apr-2016)"
  },
  {
    "id": 1777872525417.957,
    "ts": "2026-05-04T05:28:45.417Z",
    "level": "success",
    "message": "Fetched 45 cost centres",
    "meta": {
      "company": "Rajlaxmi Solutions Private Limited - (From 1-Apr-2016)"
    },
    "company": "Rajlaxmi Solutions Private Limited - (From 1-Apr-2016)"
  },
  {
    "id": 1777872525390.846,
    "ts": "2026-05-04T05:28:45.390Z",
    "level": "info",
    "message": "Fetching cost centres from Tally",
    "meta": {
      "company": "Rajlaxmi Solutions Private Limited - (From 1-Apr-2016)"
    },
    "company": "Rajlaxmi Solutions Private Limited - (From 1-Apr-2016)"
  },
  {
    "id": 1777872525383.4055,
    "ts": "2026-05-04T05:28:45.383Z",
    "level": "success",
    "message": "Fetched 1 cost categories",
    "meta": {
      "company": "Rajlaxmi Solutions Private Limited - (From 1-Apr-2016)"
    },
    "company": "Rajlaxmi Solutions Private Limited - (From 1-Apr-2016)"
  },
  {
    "id": 1777872525370.3577,
    "ts": "2026-05-04T05:28:45.370Z",
    "level": "info",
    "message": "Fetching cost categories from Tally",
    "meta": {
      "company": "Rajlaxmi Solutions Private Limited - (From 1-Apr-2016)"
    },
    "company": "Rajlaxmi Solutions Private Limited - (From 1-Apr-2016)"
  },
  {
    "id": 1777872525363.4077,
    "ts": "2026-05-04T05:28:45.363Z",
    "level": "success",
    "message": "Fetched 39 voucher types",
    "meta": {
      "company": "Rajlaxmi Solutions Private Limited - (From 1-Apr-2016)"
    },
    "company": "Rajlaxmi Solutions Private Limited - (From 1-Apr-2016)"
  },
  {
    "id": 1777872525333.7112,
    "ts": "2026-05-04T05:28:45.333Z",
    "level": "info",
    "message": "Fetching voucher types from Tally",
    "meta": {
      "company": "Rajlaxmi Solutions Private Limited - (From 1-Apr-2016)"
    },
    "company": "Rajlaxmi Solutions Private Limited - (From 1-Apr-2016)"
  },
  {
    "id": 1777872525321.274,
    "ts": "2026-05-04T05:28:45.321Z",
    "level": "success",
    "message": "Fetched 16760 ledgers",
    "meta": {
      "company": "Rajlaxmi Solutions Private Limited - (From 1-Apr-2016)"
    },
    "company": "Rajlaxmi Solutions Private Limited - (From 1-Apr-2016)"
  },
  {
    "id": 1777872517701.407,
    "ts": "2026-05-04T05:28:37.701Z",
    "level": "info",
    "message": "Fetching ledgers from Tally",
    "meta": {
      "company": "Rajlaxmi Solutions Private Limited - (From 1-Apr-2016)"
    },
    "company": "Rajlaxmi Solutions Private Limited - (From 1-Apr-2016)"
  },
  {
    "id": 1777872517692.1943,
    "ts": "2026-05-04T05:28:37.692Z",
    "level": "success",
    "message": "Fetched 243 groups",
    "meta": {
      "company": "Rajlaxmi Solutions Private Limited - (From 1-Apr-2016)"
    },
    "company": "Rajlaxmi Solutions Private Limited - (From 1-Apr-2016)"
  },
  {
    "id": 1777872517548.5303,
    "ts": "2026-05-04T05:28:37.548Z",
    "level": "info",
    "message": "Fetching groups from Tally",
    "meta": {
      "company": "Rajlaxmi Solutions Private Limited - (From 1-Apr-2016)"
    },
    "company": "Rajlaxmi Solutions Private Limited - (From 1-Apr-2016)"
  },
  {
    "id": 1777872354941.097,
    "ts": "2026-05-04T05:25:54.941Z",
    "level": "success",
    "message": "Fetched 10672 vouchers (filtered: 2025-01-01 → 2026-01-01) from 10672 total",
    "meta": {
      "company": "Rajlaxmi Solutions Private Limited - (From 1-Apr-2016)"
    },
    "company": "Rajlaxmi Solutions Private Limited - (From 1-Apr-2016)"
  },
  {
    "id": 1777872354922.2798,
    "ts": "2026-05-04T05:25:54.922Z",
    "level": "info",
    "message": "Vouchers parsed successfully: 10672",
    "meta": {
      "company": "Rajlaxmi Solutions Private Limited - (From 1-Apr-2016)"
    },
    "company": "Rajlaxmi Solutions Private Limited - (From 1-Apr-2016)"
  },
  {
    "id": 1777872354678.5903,
    "ts": "2026-05-04T05:25:54.678Z",
    "level": "info",
    "message": "Raw vouchers received from Tally: 10672",
    "meta": {
      "company": "Rajlaxmi Solutions Private Limited - (From 1-Apr-2016)"
    },
    "company": "Rajlaxmi Solutions Private Limited - (From 1-Apr-2016)"
  },
  {
    "id": 1777872327333.8198,
    "ts": "2026-05-04T05:25:27.333Z",
    "level": "info",
    "message": "Fetching ALL vouchers from Tally",
    "meta": {
      "company": "Rajlaxmi Solutions Private Limited - (From 1-Apr-2016)",
      "fromDate": "2025-01-01",
      "toDate": "2026-01-01"
    },
    "company": "Rajlaxmi Solutions Private Limited - (From 1-Apr-2016)"
  },
  {
    "id": 1777872327324.9236,
    "ts": "2026-05-04T05:25:27.324Z",
    "level": "info",
    "message": "Voucher check: fetching vouchers from 2025-01-01 to 2026-01-01",
    "meta": {
      "company": "Rajlaxmi Solutions Private Limited - (From 1-Apr-2016)"
    },
    "company": "Rajlaxmi Solutions Private Limited - (From 1-Apr-2016)"
  },
  {
    "id": 1777872327319.0234,
    "ts": "2026-05-04T05:25:27.319Z",
    "level": "success",
    "message": "Fetched 2 godowns",
    "meta": {
      "company": "Rajlaxmi Solutions Private Limited - (From 1-Apr-2016)"
    },
    "company": "Rajlaxmi Solutions Private Limited - (From 1-Apr-2016)"
  },
  {
    "id": 1777872327303.0056,
    "ts": "2026-05-04T05:25:27.303Z",
    "level": "info",
    "message": "Fetching godowns from Tally",
    "meta": {
      "company": "Rajlaxmi Solutions Private Limited - (From 1-Apr-2016)"
    },
    "company": "Rajlaxmi Solutions Private Limited - (From 1-Apr-2016)"
  },
  {
    "id": 1777872327297.823,
    "ts": "2026-05-04T05:25:27.297Z",
    "level": "success",
    "message": "Fetched 5 units",
    "meta": {
      "company": "Rajlaxmi Solutions Private Limited - (From 1-Apr-2016)"
    },
    "company": "Rajlaxmi Solutions Private Limited - (From 1-Apr-2016)"
  },
  {
    "id": 1777872327282.1536,
    "ts": "2026-05-04T05:25:27.282Z",
    "level": "info",
    "message": "Fetching units from Tally",
    "meta": {
      "company": "Rajlaxmi Solutions Private Limited - (From 1-Apr-2016)"
    },
    "company": "Rajlaxmi Solutions Private Limited - (From 1-Apr-2016)"
  },
  {
    "id": 1777872327274.6082,
    "ts": "2026-05-04T05:25:27.274Z",
    "level": "success",
    "message": "Fetched 11 stock categories",
    "meta": {
      "company": "Rajlaxmi Solutions Private Limited - (From 1-Apr-2016)"
    },
    "company": "Rajlaxmi Solutions Private Limited - (From 1-Apr-2016)"
  },
  {
    "id": 1777872327258.4338,
    "ts": "2026-05-04T05:25:27.258Z",
    "level": "info",
    "message": "Fetching stock categories from Tally",
    "meta": {
      "company": "Rajlaxmi Solutions Private Limited - (From 1-Apr-2016)"
    },
    "company": "Rajlaxmi Solutions Private Limited - (From 1-Apr-2016)"
  },
  {
    "id": 1777872327252.2625,
    "ts": "2026-05-04T05:25:27.252Z",
    "level": "success",
    "message": "Fetched 115 stock items (74 with HSN/SAC, 0 with GST rate)",
    "meta": {
      "company": "Rajlaxmi Solutions Private Limited - (From 1-Apr-2016)"
    },
    "company": "Rajlaxmi Solutions Private Limited - (From 1-Apr-2016)"
  },
  {
    "id": 1777872327180.5286,
    "ts": "2026-05-04T05:25:27.180Z",
    "level": "info",
    "message": "Fetching stock items from Tally",
    "meta": {
      "company": "Rajlaxmi Solutions Private Limited - (From 1-Apr-2016)"
    },
    "company": "Rajlaxmi Solutions Private Limited - (From 1-Apr-2016)"
  },
  {
    "id": 1777872327171.0254,
    "ts": "2026-05-04T05:25:27.171Z",
    "level": "success",
    "message": "Fetched 6 stock groups",
    "meta": {
      "company": "Rajlaxmi Solutions Private Limited - (From 1-Apr-2016)"
    },
    "company": "Rajlaxmi Solutions Private Limited - (From 1-Apr-2016)"
  },
  {
    "id": 1777872327150.4263,
    "ts": "2026-05-04T05:25:27.150Z",
    "level": "info",
    "message": "Fetching stock groups from Tally",
    "meta": {
      "company": "Rajlaxmi Solutions Private Limited - (From 1-Apr-2016)"
    },
    "company": "Rajlaxmi Solutions Private Limited - (From 1-Apr-2016)"
  },
  {
    "id": 1777872327143.534,
    "ts": "2026-05-04T05:25:27.143Z",
    "level": "success",
    "message": "Fetched 0 budgets",
    "meta": {
      "company": "Rajlaxmi Solutions Private Limited - (From 1-Apr-2016)"
    },
    "company": "Rajlaxmi Solutions Private Limited - (From 1-Apr-2016)"
  },
  {
    "id": 1777872327130.0208,
    "ts": "2026-05-04T05:25:27.130Z",
    "level": "info",
    "message": "Fetching budgets from Tally",
    "meta": {
      "company": "Rajlaxmi Solutions Private Limited - (From 1-Apr-2016)"
    },
    "company": "Rajlaxmi Solutions Private Limited - (From 1-Apr-2016)"
  },
  {
    "id": 1777872327122.9429,
    "ts": "2026-05-04T05:25:27.122Z",
    "level": "success",
    "message": "Fetched 2 currencies",
    "meta": {
      "company": "Rajlaxmi Solutions Private Limited - (From 1-Apr-2016)"
    },
    "company": "Rajlaxmi Solutions Private Limited - (From 1-Apr-2016)"
  },
  {
    "id": 1777872327107.4514,
    "ts": "2026-05-04T05:25:27.107Z",
    "level": "info",
    "message": "Fetching currencies from Tally",
    "meta": {
      "company": "Rajlaxmi Solutions Private Limited - (From 1-Apr-2016)"
    },
    "company": "Rajlaxmi Solutions Private Limited - (From 1-Apr-2016)"
  },
  {
    "id": 1777872327099.791,
    "ts": "2026-05-04T05:25:27.099Z",
    "level": "success",
    "message": "Fetched 45 cost centres",
    "meta": {
      "company": "Rajlaxmi Solutions Private Limited - (From 1-Apr-2016)"
    },
    "company": "Rajlaxmi Solutions Private Limited - (From 1-Apr-2016)"
  },
  {
    "id": 1777872327072.2822,
    "ts": "2026-05-04T05:25:27.072Z",
    "level": "info",
    "message": "Fetching cost centres from Tally",
    "meta": {
      "company": "Rajlaxmi Solutions Private Limited - (From 1-Apr-2016)"
    },
    "company": "Rajlaxmi Solutions Private Limited - (From 1-Apr-2016)"
  },
  {
    "id": 1777872327066.7327,
    "ts": "2026-05-04T05:25:27.066Z",
    "level": "success",
    "message": "Fetched 1 cost categories",
    "meta": {
      "company": "Rajlaxmi Solutions Private Limited - (From 1-Apr-2016)"
    },
    "company": "Rajlaxmi Solutions Private Limited - (From 1-Apr-2016)"
  },
  {
    "id": 1777872327051.9265,
    "ts": "2026-05-04T05:25:27.051Z",
    "level": "info",
    "message": "Fetching cost categories from Tally",
    "meta": {
      "company": "Rajlaxmi Solutions Private Limited - (From 1-Apr-2016)"
    },
    "company": "Rajlaxmi Solutions Private Limited - (From 1-Apr-2016)"
  },
  {
    "id": 1777872327044.1975,
    "ts": "2026-05-04T05:25:27.044Z",
    "level": "success",
    "message": "Fetched 39 voucher types",
    "meta": {
      "company": "Rajlaxmi Solutions Private Limited - (From 1-Apr-2016)"
    },
    "company": "Rajlaxmi Solutions Private Limited - (From 1-Apr-2016)"
  },
  {
    "id": 1777872327016.6003,
    "ts": "2026-05-04T05:25:27.016Z",
    "level": "info",
    "message": "Fetching voucher types from Tally",
    "meta": {
      "company": "Rajlaxmi Solutions Private Limited - (From 1-Apr-2016)"
    },
    "company": "Rajlaxmi Solutions Private Limited - (From 1-Apr-2016)"
  },
  {
    "id": 1777872327002.1738,
    "ts": "2026-05-04T05:25:27.002Z",
    "level": "success",
    "message": "Fetched 16760 ledgers",
    "meta": {
      "company": "Rajlaxmi Solutions Private Limited - (From 1-Apr-2016)"
    },
    "company": "Rajlaxmi Solutions Private Limited - (From 1-Apr-2016)"
  },
  {
    "id": 1777872319026.543,
    "ts": "2026-05-04T05:25:19.026Z",
    "level": "info",
    "message": "Fetching ledgers from Tally",
    "meta": {
      "company": "Rajlaxmi Solutions Private Limited - (From 1-Apr-2016)"
    },
    "company": "Rajlaxmi Solutions Private Limited - (From 1-Apr-2016)"
  },
  {
    "id": 1777872319015.5857,
    "ts": "2026-05-04T05:25:19.015Z",
    "level": "success",
    "message": "Fetched 243 groups",
    "meta": {
      "company": "Rajlaxmi Solutions Private Limited - (From 1-Apr-2016)"
    },
    "company": "Rajlaxmi Solutions Private Limited - (From 1-Apr-2016)"
  },
  {
    "id": 1777872318837.4675,
    "ts": "2026-05-04T05:25:18.837Z",
    "level": "info",
    "message": "Fetching groups from Tally",
    "meta": {
      "company": "Rajlaxmi Solutions Private Limited - (From 1-Apr-2016)"
    },
    "company": "Rajlaxmi Solutions Private Limited - (From 1-Apr-2016)"
  },
  {
    "id": 1777870672063.7617,
    "ts": "2026-05-04T04:57:52.063Z",
    "level": "success",
    "message": "Fetched 5863 vouchers (filtered: 2025-05-04 → 2026-05-04) from 10672 total",
    "meta": {
      "company": "Rajlaxmi Solutions Private Limited - (From 1-Apr-2016)"
    },
    "company": "Rajlaxmi Solutions Private Limited - (From 1-Apr-2016)"
  },
  {
    "id": 1777870672049.3652,
    "ts": "2026-05-04T04:57:52.049Z",
    "level": "info",
    "message": "Vouchers parsed successfully: 10672",
    "meta": {
      "company": "Rajlaxmi Solutions Private Limited - (From 1-Apr-2016)"
    },
    "company": "Rajlaxmi Solutions Private Limited - (From 1-Apr-2016)"
  },
  {
    "id": 1777870671829.161,
    "ts": "2026-05-04T04:57:51.829Z",
    "level": "info",
    "message": "Raw vouchers received from Tally: 10672",
    "meta": {
      "company": "Rajlaxmi Solutions Private Limited - (From 1-Apr-2016)"
    },
    "company": "Rajlaxmi Solutions Private Limited - (From 1-Apr-2016)"
  },
  {
    "id": 1777870643470.5737,
    "ts": "2026-05-04T04:57:23.470Z",
    "level": "info",
    "message": "Fetching ALL vouchers from Tally",
    "meta": {
      "company": "Rajlaxmi Solutions Private Limited - (From 1-Apr-2016)",
      "fromDate": "2025-05-04",
      "toDate": "2026-05-04"
    },
    "company": "Rajlaxmi Solutions Private Limited - (From 1-Apr-2016)"
  },
  {
    "id": 1777870643464.5977,
    "ts": "2026-05-04T04:57:23.464Z",
    "level": "info",
    "message": "Voucher check: fetching ALL vouchers",
    "meta": {
      "company": "Rajlaxmi Solutions Private Limited - (From 1-Apr-2016)"
    },
    "company": "Rajlaxmi Solutions Private Limited - (From 1-Apr-2016)"
  },
  {
    "id": 1777870643457.3643,
    "ts": "2026-05-04T04:57:23.457Z",
    "level": "success",
    "message": "Fetched 2 godowns",
    "meta": {
      "company": "Rajlaxmi Solutions Private Limited - (From 1-Apr-2016)"
    },
    "company": "Rajlaxmi Solutions Private Limited - (From 1-Apr-2016)"
  },
  {
    "id": 1777870643443.6833,
    "ts": "2026-05-04T04:57:23.443Z",
    "level": "info",
    "message": "Fetching godowns from Tally",
    "meta": {
      "company": "Rajlaxmi Solutions Private Limited - (From 1-Apr-2016)"
    },
    "company": "Rajlaxmi Solutions Private Limited - (From 1-Apr-2016)"
  },
  {
    "id": 1777870643434.0598,
    "ts": "2026-05-04T04:57:23.434Z",
    "level": "success",
    "message": "Fetched 5 units",
    "meta": {
      "company": "Rajlaxmi Solutions Private Limited - (From 1-Apr-2016)"
    },
    "company": "Rajlaxmi Solutions Private Limited - (From 1-Apr-2016)"
  },
  {
    "id": 1777870643421.5095,
    "ts": "2026-05-04T04:57:23.421Z",
    "level": "info",
    "message": "Fetching units from Tally",
    "meta": {
      "company": "Rajlaxmi Solutions Private Limited - (From 1-Apr-2016)"
    },
    "company": "Rajlaxmi Solutions Private Limited - (From 1-Apr-2016)"
  },
  {
    "id": 1777870643415.405,
    "ts": "2026-05-04T04:57:23.415Z",
    "level": "success",
    "message": "Fetched 11 stock categories",
    "meta": {
      "company": "Rajlaxmi Solutions Private Limited - (From 1-Apr-2016)"
    },
    "company": "Rajlaxmi Solutions Private Limited - (From 1-Apr-2016)"
  },
  {
    "id": 1777870643399.9922,
    "ts": "2026-05-04T04:57:23.399Z",
    "level": "info",
    "message": "Fetching stock categories from Tally",
    "meta": {
      "company": "Rajlaxmi Solutions Private Limited - (From 1-Apr-2016)"
    },
    "company": "Rajlaxmi Solutions Private Limited - (From 1-Apr-2016)"
  },
  {
    "id": 1777870643392.4077,
    "ts": "2026-05-04T04:57:23.392Z",
    "level": "success",
    "message": "Fetched 115 stock items (74 with HSN/SAC, 0 with GST rate)",
    "meta": {
      "company": "Rajlaxmi Solutions Private Limited - (From 1-Apr-2016)"
    },
    "company": "Rajlaxmi Solutions Private Limited - (From 1-Apr-2016)"
  },
  {
    "id": 1777870643334.9272,
    "ts": "2026-05-04T04:57:23.334Z",
    "level": "info",
    "message": "Fetching stock items from Tally",
    "meta": {
      "company": "Rajlaxmi Solutions Private Limited - (From 1-Apr-2016)"
    },
    "company": "Rajlaxmi Solutions Private Limited - (From 1-Apr-2016)"
  },
  {
    "id": 1777870643328.938,
    "ts": "2026-05-04T04:57:23.328Z",
    "level": "success",
    "message": "Fetched 6 stock groups",
    "meta": {
      "company": "Rajlaxmi Solutions Private Limited - (From 1-Apr-2016)"
    },
    "company": "Rajlaxmi Solutions Private Limited - (From 1-Apr-2016)"
  },
  {
    "id": 1777870643309.6064,
    "ts": "2026-05-04T04:57:23.309Z",
    "level": "info",
    "message": "Fetching stock groups from Tally",
    "meta": {
      "company": "Rajlaxmi Solutions Private Limited - (From 1-Apr-2016)"
    },
    "company": "Rajlaxmi Solutions Private Limited - (From 1-Apr-2016)"
  },
  {
    "id": 1777870643302.385,
    "ts": "2026-05-04T04:57:23.302Z",
    "level": "success",
    "message": "Fetched 0 budgets",
    "meta": {
      "company": "Rajlaxmi Solutions Private Limited - (From 1-Apr-2016)"
    },
    "company": "Rajlaxmi Solutions Private Limited - (From 1-Apr-2016)"
  },
  {
    "id": 1777870643289.1836,
    "ts": "2026-05-04T04:57:23.289Z",
    "level": "info",
    "message": "Fetching budgets from Tally",
    "meta": {
      "company": "Rajlaxmi Solutions Private Limited - (From 1-Apr-2016)"
    },
    "company": "Rajlaxmi Solutions Private Limited - (From 1-Apr-2016)"
  },
  {
    "id": 1777870643283.1006,
    "ts": "2026-05-04T04:57:23.283Z",
    "level": "success",
    "message": "Fetched 2 currencies",
    "meta": {
      "company": "Rajlaxmi Solutions Private Limited - (From 1-Apr-2016)"
    },
    "company": "Rajlaxmi Solutions Private Limited - (From 1-Apr-2016)"
  },
  {
    "id": 1777870643270.1216,
    "ts": "2026-05-04T04:57:23.270Z",
    "level": "info",
    "message": "Fetching currencies from Tally",
    "meta": {
      "company": "Rajlaxmi Solutions Private Limited - (From 1-Apr-2016)"
    },
    "company": "Rajlaxmi Solutions Private Limited - (From 1-Apr-2016)"
  },
  {
    "id": 1777870643259.4688,
    "ts": "2026-05-04T04:57:23.259Z",
    "level": "success",
    "message": "Fetched 45 cost centres",
    "meta": {
      "company": "Rajlaxmi Solutions Private Limited - (From 1-Apr-2016)"
    },
    "company": "Rajlaxmi Solutions Private Limited - (From 1-Apr-2016)"
  },
  {
    "id": 1777870643237.6602,
    "ts": "2026-05-04T04:57:23.237Z",
    "level": "info",
    "message": "Fetching cost centres from Tally",
    "meta": {
      "company": "Rajlaxmi Solutions Private Limited - (From 1-Apr-2016)"
    },
    "company": "Rajlaxmi Solutions Private Limited - (From 1-Apr-2016)"
  },
  {
    "id": 1777870643231.6545,
    "ts": "2026-05-04T04:57:23.231Z",
    "level": "success",
    "message": "Fetched 1 cost categories",
    "meta": {
      "company": "Rajlaxmi Solutions Private Limited - (From 1-Apr-2016)"
    },
    "company": "Rajlaxmi Solutions Private Limited - (From 1-Apr-2016)"
  },
  {
    "id": 1777870643217.2795,
    "ts": "2026-05-04T04:57:23.217Z",
    "level": "info",
    "message": "Fetching cost categories from Tally",
    "meta": {
      "company": "Rajlaxmi Solutions Private Limited - (From 1-Apr-2016)"
    },
    "company": "Rajlaxmi Solutions Private Limited - (From 1-Apr-2016)"
  },
  {
    "id": 1777870643211.427,
    "ts": "2026-05-04T04:57:23.211Z",
    "level": "success",
    "message": "Fetched 39 voucher types",
    "meta": {
      "company": "Rajlaxmi Solutions Private Limited - (From 1-Apr-2016)"
    },
    "company": "Rajlaxmi Solutions Private Limited - (From 1-Apr-2016)"
  },
  {
    "id": 1777870643191.0894,
    "ts": "2026-05-04T04:57:23.191Z",
    "level": "info",
    "message": "Fetching voucher types from Tally",
    "meta": {
      "company": "Rajlaxmi Solutions Private Limited - (From 1-Apr-2016)"
    },
    "company": "Rajlaxmi Solutions Private Limited - (From 1-Apr-2016)"
  },
  {
    "id": 1777870643179.425,
    "ts": "2026-05-04T04:57:23.179Z",
    "level": "success",
    "message": "Fetched 16760 ledgers",
    "meta": {
      "company": "Rajlaxmi Solutions Private Limited - (From 1-Apr-2016)"
    },
    "company": "Rajlaxmi Solutions Private Limited - (From 1-Apr-2016)"
  },
  {
    "id": 1777870634981.5537,
    "ts": "2026-05-04T04:57:14.981Z",
    "level": "info",
    "message": "Fetching ledgers from Tally",
    "meta": {
      "company": "Rajlaxmi Solutions Private Limited - (From 1-Apr-2016)"
    },
    "company": "Rajlaxmi Solutions Private Limited - (From 1-Apr-2016)"
  },
  {
    "id": 1777870634970.8242,
    "ts": "2026-05-04T04:57:14.970Z",
    "level": "success",
    "message": "Fetched 243 groups",
    "meta": {
      "company": "Rajlaxmi Solutions Private Limited - (From 1-Apr-2016)"
    },
    "company": "Rajlaxmi Solutions Private Limited - (From 1-Apr-2016)"
  },
  {
    "id": 1777870634843.181,
    "ts": "2026-05-04T04:57:14.843Z",
    "level": "info",
    "message": "Fetching groups from Tally",
    "meta": {
      "company": "Rajlaxmi Solutions Private Limited - (From 1-Apr-2016)"
    },
    "company": "Rajlaxmi Solutions Private Limited - (From 1-Apr-2016)"
  },
  {
    "id": 1777869978669.5269,
    "ts": "2026-05-04T04:46:18.669Z",
    "level": "success",
    "message": "Fetched 5863 vouchers (filtered: 2025-05-04 → 2026-05-04) from 10672 total",
    "meta": {
      "company": "Rajlaxmi Solutions Private Limited - (From 1-Apr-2016)"
    },
    "company": "Rajlaxmi Solutions Private Limited - (From 1-Apr-2016)"
  },
  {
    "id": 1777869978653.7798,
    "ts": "2026-05-04T04:46:18.653Z",
    "level": "info",
    "message": "Vouchers parsed successfully: 10672",
    "meta": {
      "company": "Rajlaxmi Solutions Private Limited - (From 1-Apr-2016)"
    },
    "company": "Rajlaxmi Solutions Private Limited - (From 1-Apr-2016)"
  },
  {
    "id": 1777869978410.2708,
    "ts": "2026-05-04T04:46:18.410Z",
    "level": "info",
    "message": "Raw vouchers received from Tally: 10672",
    "meta": {
      "company": "Rajlaxmi Solutions Private Limited - (From 1-Apr-2016)"
    },
    "company": "Rajlaxmi Solutions Private Limited - (From 1-Apr-2016)"
  },
  {
    "id": 1777869948827.5862,
    "ts": "2026-05-04T04:45:48.827Z",
    "level": "info",
    "message": "Fetching ALL vouchers from Tally",
    "meta": {
      "company": "Rajlaxmi Solutions Private Limited - (From 1-Apr-2016)",
      "fromDate": "2025-05-04",
      "toDate": "2026-05-04"
    },
    "company": "Rajlaxmi Solutions Private Limited - (From 1-Apr-2016)"
  },
  {
    "id": 1777869948818.4568,
    "ts": "2026-05-04T04:45:48.818Z",
    "level": "info",
    "message": "Voucher check: fetching ALL vouchers",
    "meta": {
      "company": "Rajlaxmi Solutions Private Limited - (From 1-Apr-2016)"
    },
    "company": "Rajlaxmi Solutions Private Limited - (From 1-Apr-2016)"
  },
  {
    "id": 1777869948811.0837,
    "ts": "2026-05-04T04:45:48.811Z",
    "level": "success",
    "message": "Fetched 2 godowns",
    "meta": {
      "company": "Rajlaxmi Solutions Private Limited - (From 1-Apr-2016)"
    },
    "company": "Rajlaxmi Solutions Private Limited - (From 1-Apr-2016)"
  },
  {
    "id": 1777869948794.7683,
    "ts": "2026-05-04T04:45:48.794Z",
    "level": "info",
    "message": "Fetching godowns from Tally",
    "meta": {
      "company": "Rajlaxmi Solutions Private Limited - (From 1-Apr-2016)"
    },
    "company": "Rajlaxmi Solutions Private Limited - (From 1-Apr-2016)"
  },
  {
    "id": 1777869948786.0698,
    "ts": "2026-05-04T04:45:48.786Z",
    "level": "success",
    "message": "Fetched 5 units",
    "meta": {
      "company": "Rajlaxmi Solutions Private Limited - (From 1-Apr-2016)"
    },
    "company": "Rajlaxmi Solutions Private Limited - (From 1-Apr-2016)"
  },
  {
    "id": 1777869948770.5393,
    "ts": "2026-05-04T04:45:48.770Z",
    "level": "info",
    "message": "Fetching units from Tally",
    "meta": {
      "company": "Rajlaxmi Solutions Private Limited - (From 1-Apr-2016)"
    },
    "company": "Rajlaxmi Solutions Private Limited - (From 1-Apr-2016)"
  },
  {
    "id": 1777869948764.8867,
    "ts": "2026-05-04T04:45:48.764Z",
    "level": "success",
    "message": "Fetched 11 stock categories",
    "meta": {
      "company": "Rajlaxmi Solutions Private Limited - (From 1-Apr-2016)"
    },
    "company": "Rajlaxmi Solutions Private Limited - (From 1-Apr-2016)"
  },
  {
    "id": 1777869948748.5818,
    "ts": "2026-05-04T04:45:48.748Z",
    "level": "info",
    "message": "Fetching stock categories from Tally",
    "meta": {
      "company": "Rajlaxmi Solutions Private Limited - (From 1-Apr-2016)"
    },
    "company": "Rajlaxmi Solutions Private Limited - (From 1-Apr-2016)"
  },
  {
    "id": 1777869948739.04,
    "ts": "2026-05-04T04:45:48.739Z",
    "level": "success",
    "message": "Fetched 115 stock items (74 with HSN/SAC, 0 with GST rate)",
    "meta": {
      "company": "Rajlaxmi Solutions Private Limited - (From 1-Apr-2016)"
    },
    "company": "Rajlaxmi Solutions Private Limited - (From 1-Apr-2016)"
  },
  {
    "id": 1777869945509.5703,
    "ts": "2026-05-04T04:45:45.509Z",
    "level": "info",
    "message": "Fetching stock items from Tally",
    "meta": {
      "company": "Rajlaxmi Solutions Private Limited - (From 1-Apr-2016)"
    },
    "company": "Rajlaxmi Solutions Private Limited - (From 1-Apr-2016)"
  },
  {
    "id": 1777869945502.1973,
    "ts": "2026-05-04T04:45:45.502Z",
    "level": "success",
    "message": "Fetched 6 stock groups",
    "meta": {
      "company": "Rajlaxmi Solutions Private Limited - (From 1-Apr-2016)"
    },
    "company": "Rajlaxmi Solutions Private Limited - (From 1-Apr-2016)"
  },
  {
    "id": 1777869945483.6455,
    "ts": "2026-05-04T04:45:45.483Z",
    "level": "info",
    "message": "Fetching stock groups from Tally",
    "meta": {
      "company": "Rajlaxmi Solutions Private Limited - (From 1-Apr-2016)"
    },
    "company": "Rajlaxmi Solutions Private Limited - (From 1-Apr-2016)"
  },
  {
    "id": 1777869945476.27,
    "ts": "2026-05-04T04:45:45.476Z",
    "level": "success",
    "message": "Fetched 0 budgets",
    "meta": {
      "company": "Rajlaxmi Solutions Private Limited - (From 1-Apr-2016)"
    },
    "company": "Rajlaxmi Solutions Private Limited - (From 1-Apr-2016)"
  },
  {
    "id": 1777869945462.5437,
    "ts": "2026-05-04T04:45:45.462Z",
    "level": "info",
    "message": "Fetching budgets from Tally",
    "meta": {
      "company": "Rajlaxmi Solutions Private Limited - (From 1-Apr-2016)"
    },
    "company": "Rajlaxmi Solutions Private Limited - (From 1-Apr-2016)"
  },
  {
    "id": 1777869945451.0774,
    "ts": "2026-05-04T04:45:45.451Z",
    "level": "success",
    "message": "Fetched 2 currencies",
    "meta": {
      "company": "Rajlaxmi Solutions Private Limited - (From 1-Apr-2016)"
    },
    "company": "Rajlaxmi Solutions Private Limited - (From 1-Apr-2016)"
  },
  {
    "id": 1777869945439.9368,
    "ts": "2026-05-04T04:45:45.439Z",
    "level": "info",
    "message": "Fetching currencies from Tally",
    "meta": {
      "company": "Rajlaxmi Solutions Private Limited - (From 1-Apr-2016)"
    },
    "company": "Rajlaxmi Solutions Private Limited - (From 1-Apr-2016)"
  },
  {
    "id": 1777869945432.6538,
    "ts": "2026-05-04T04:45:45.432Z",
    "level": "success",
    "message": "Fetched 45 cost centres",
    "meta": {
      "company": "Rajlaxmi Solutions Private Limited - (From 1-Apr-2016)"
    },
    "company": "Rajlaxmi Solutions Private Limited - (From 1-Apr-2016)"
  },
  {
    "id": 1777869945412.5774,
    "ts": "2026-05-04T04:45:45.412Z",
    "level": "info",
    "message": "Fetching cost centres from Tally",
    "meta": {
      "company": "Rajlaxmi Solutions Private Limited - (From 1-Apr-2016)"
    },
    "company": "Rajlaxmi Solutions Private Limited - (From 1-Apr-2016)"
  },
  {
    "id": 1777869945405.0154,
    "ts": "2026-05-04T04:45:45.405Z",
    "level": "success",
    "message": "Fetched 1 cost categories",
    "meta": {
      "company": "Rajlaxmi Solutions Private Limited - (From 1-Apr-2016)"
    },
    "company": "Rajlaxmi Solutions Private Limited - (From 1-Apr-2016)"
  },
  {
    "id": 1777869945392.6128,
    "ts": "2026-05-04T04:45:45.392Z",
    "level": "info",
    "message": "Fetching cost categories from Tally",
    "meta": {
      "company": "Rajlaxmi Solutions Private Limited - (From 1-Apr-2016)"
    },
    "company": "Rajlaxmi Solutions Private Limited - (From 1-Apr-2016)"
  },
  {
    "id": 1777869945386.9175,
    "ts": "2026-05-04T04:45:45.386Z",
    "level": "success",
    "message": "Fetched 39 voucher types",
    "meta": {
      "company": "Rajlaxmi Solutions Private Limited - (From 1-Apr-2016)"
    },
    "company": "Rajlaxmi Solutions Private Limited - (From 1-Apr-2016)"
  },
  {
    "id": 1777869945361.8735,
    "ts": "2026-05-04T04:45:45.361Z",
    "level": "info",
    "message": "Fetching voucher types from Tally",
    "meta": {
      "company": "Rajlaxmi Solutions Private Limited - (From 1-Apr-2016)"
    },
    "company": "Rajlaxmi Solutions Private Limited - (From 1-Apr-2016)"
  },
  {
    "id": 1777869945349.541,
    "ts": "2026-05-04T04:45:45.349Z",
    "level": "success",
    "message": "Fetched 16760 ledgers",
    "meta": {
      "company": "Rajlaxmi Solutions Private Limited - (From 1-Apr-2016)"
    },
    "company": "Rajlaxmi Solutions Private Limited - (From 1-Apr-2016)"
  },
  {
    "id": 1777869934447.4038,
    "ts": "2026-05-04T04:45:34.447Z",
    "level": "info",
    "message": "Fetching ledgers from Tally",
    "meta": {
      "company": "Rajlaxmi Solutions Private Limited - (From 1-Apr-2016)"
    },
    "company": "Rajlaxmi Solutions Private Limited - (From 1-Apr-2016)"
  },
  {
    "id": 1777869934434.2346,
    "ts": "2026-05-04T04:45:34.434Z",
    "level": "success",
    "message": "Fetched 243 groups",
    "meta": {
      "company": "Rajlaxmi Solutions Private Limited - (From 1-Apr-2016)"
    },
    "company": "Rajlaxmi Solutions Private Limited - (From 1-Apr-2016)"
  },
  {
    "id": 1777869934302.1099,
    "ts": "2026-05-04T04:45:34.302Z",
    "level": "info",
    "message": "Fetching groups from Tally",
    "meta": {
      "company": "Rajlaxmi Solutions Private Limited - (From 1-Apr-2016)"
    },
    "company": "Rajlaxmi Solutions Private Limited - (From 1-Apr-2016)"
  },
  {
    "id": 1777869715946.4216,
    "ts": "2026-05-04T04:41:55.946Z",
    "level": "warn",
    "message": "All 1158 Tally vouchers are outside the requested window (2025-05-04 → 2026-05-04). Actual voucher dates in Tally: 2025-01-01 → 2025-02-01. If this is unexpected, reset the sync state so the next run uses the company start date as fromDate.",
    "meta": {
      "company": "Rajlaxmi Solutions Private Limited - (From 1-Apr-2016)"
    },
    "company": "Rajlaxmi Solutions Private Limited - (From 1-Apr-2016)"
  },
  {
    "id": 1777869715938.4048,
    "ts": "2026-05-04T04:41:55.938Z",
    "level": "success",
    "message": "Fetched 0 vouchers (filtered: 2025-05-04 → 2026-05-04) from 1158 total",
    "meta": {
      "company": "Rajlaxmi Solutions Private Limited - (From 1-Apr-2016)"
    },
    "company": "Rajlaxmi Solutions Private Limited - (From 1-Apr-2016)"
  },
  {
    "id": 1777869715930.5127,
    "ts": "2026-05-04T04:41:55.930Z",
    "level": "info",
    "message": "Vouchers parsed successfully: 1158",
    "meta": {
      "company": "Rajlaxmi Solutions Private Limited - (From 1-Apr-2016)"
    },
    "company": "Rajlaxmi Solutions Private Limited - (From 1-Apr-2016)"
  },
  {
    "id": 1777869715894.454,
    "ts": "2026-05-04T04:41:55.894Z",
    "level": "info",
    "message": "Raw vouchers received from Tally: 1158",
    "meta": {
      "company": "Rajlaxmi Solutions Private Limited - (From 1-Apr-2016)"
    },
    "company": "Rajlaxmi Solutions Private Limited - (From 1-Apr-2016)"
  },
  {
    "id": 1777869713281.6863,
    "ts": "2026-05-04T04:41:53.281Z",
    "level": "info",
    "message": "Fetching ALL vouchers from Tally",
    "meta": {
      "company": "Rajlaxmi Solutions Private Limited - (From 1-Apr-2016)",
      "fromDate": "2025-05-04",
      "toDate": "2026-05-04"
    },
    "company": "Rajlaxmi Solutions Private Limited - (From 1-Apr-2016)"
  },
  {
    "id": 1777869713274.0374,
    "ts": "2026-05-04T04:41:53.274Z",
    "level": "info",
    "message": "Voucher check: fetching ALL vouchers",
    "meta": {
      "company": "Rajlaxmi Solutions Private Limited - (From 1-Apr-2016)"
    },
    "company": "Rajlaxmi Solutions Private Limited - (From 1-Apr-2016)"
  },
  {
    "id": 1777869713267.4104,
    "ts": "2026-05-04T04:41:53.267Z",
    "level": "success",
    "message": "Fetched 2 godowns",
    "meta": {
      "company": "Rajlaxmi Solutions Private Limited - (From 1-Apr-2016)"
    },
    "company": "Rajlaxmi Solutions Private Limited - (From 1-Apr-2016)"
  },
  {
    "id": 1777869713252.1548,
    "ts": "2026-05-04T04:41:53.252Z",
    "level": "info",
    "message": "Fetching godowns from Tally",
    "meta": {
      "company": "Rajlaxmi Solutions Private Limited - (From 1-Apr-2016)"
    },
    "company": "Rajlaxmi Solutions Private Limited - (From 1-Apr-2016)"
  },
  {
    "id": 1777869713245.717,
    "ts": "2026-05-04T04:41:53.245Z",
    "level": "success",
    "message": "Fetched 5 units",
    "meta": {
      "company": "Rajlaxmi Solutions Private Limited - (From 1-Apr-2016)"
    },
    "company": "Rajlaxmi Solutions Private Limited - (From 1-Apr-2016)"
  },
  {
    "id": 1777869713226.3423,
    "ts": "2026-05-04T04:41:53.226Z",
    "level": "info",
    "message": "Fetching units from Tally",
    "meta": {
      "company": "Rajlaxmi Solutions Private Limited - (From 1-Apr-2016)"
    },
    "company": "Rajlaxmi Solutions Private Limited - (From 1-Apr-2016)"
  },
  {
    "id": 1777869713220.8306,
    "ts": "2026-05-04T04:41:53.220Z",
    "level": "success",
    "message": "Fetched 11 stock categories",
    "meta": {
      "company": "Rajlaxmi Solutions Private Limited - (From 1-Apr-2016)"
    },
    "company": "Rajlaxmi Solutions Private Limited - (From 1-Apr-2016)"
  },
  {
    "id": 1777869713205.2295,
    "ts": "2026-05-04T04:41:53.205Z",
    "level": "info",
    "message": "Fetching stock categories from Tally",
    "meta": {
      "company": "Rajlaxmi Solutions Private Limited - (From 1-Apr-2016)"
    },
    "company": "Rajlaxmi Solutions Private Limited - (From 1-Apr-2016)"
  },
  {
    "id": 1777869713197.9011,
    "ts": "2026-05-04T04:41:53.197Z",
    "level": "success",
    "message": "Fetched 115 stock items (74 with HSN/SAC, 0 with GST rate)",
    "meta": {
      "company": "Rajlaxmi Solutions Private Limited - (From 1-Apr-2016)"
    },
    "company": "Rajlaxmi Solutions Private Limited - (From 1-Apr-2016)"
  },
  {
    "id": 1777869713117.912,
    "ts": "2026-05-04T04:41:53.117Z",
    "level": "info",
    "message": "Fetching stock items from Tally",
    "meta": {
      "company": "Rajlaxmi Solutions Private Limited - (From 1-Apr-2016)"
    },
    "company": "Rajlaxmi Solutions Private Limited - (From 1-Apr-2016)"
  },
  {
    "id": 1777869713110.2866,
    "ts": "2026-05-04T04:41:53.110Z",
    "level": "success",
    "message": "Fetched 6 stock groups",
    "meta": {
      "company": "Rajlaxmi Solutions Private Limited - (From 1-Apr-2016)"
    },
    "company": "Rajlaxmi Solutions Private Limited - (From 1-Apr-2016)"
  },
  {
    "id": 1777869713091.6697,
    "ts": "2026-05-04T04:41:53.091Z",
    "level": "info",
    "message": "Fetching stock groups from Tally",
    "meta": {
      "company": "Rajlaxmi Solutions Private Limited - (From 1-Apr-2016)"
    },
    "company": "Rajlaxmi Solutions Private Limited - (From 1-Apr-2016)"
  },
  {
    "id": 1777869713085.9785,
    "ts": "2026-05-04T04:41:53.085Z",
    "level": "success",
    "message": "Fetched 0 budgets",
    "meta": {
      "company": "Rajlaxmi Solutions Private Limited - (From 1-Apr-2016)"
    },
    "company": "Rajlaxmi Solutions Private Limited - (From 1-Apr-2016)"
  },
  {
    "id": 1777869713073.4563,
    "ts": "2026-05-04T04:41:53.073Z",
    "level": "info",
    "message": "Fetching budgets from Tally",
    "meta": {
      "company": "Rajlaxmi Solutions Private Limited - (From 1-Apr-2016)"
    },
    "company": "Rajlaxmi Solutions Private Limited - (From 1-Apr-2016)"
  },
  {
    "id": 1777869713068.854,
    "ts": "2026-05-04T04:41:53.068Z",
    "level": "success",
    "message": "Fetched 2 currencies",
    "meta": {
      "company": "Rajlaxmi Solutions Private Limited - (From 1-Apr-2016)"
    },
    "company": "Rajlaxmi Solutions Private Limited - (From 1-Apr-2016)"
  },
  {
    "id": 1777869713054.0164,
    "ts": "2026-05-04T04:41:53.054Z",
    "level": "info",
    "message": "Fetching currencies from Tally",
    "meta": {
      "company": "Rajlaxmi Solutions Private Limited - (From 1-Apr-2016)"
    },
    "company": "Rajlaxmi Solutions Private Limited - (From 1-Apr-2016)"
  },
  {
    "id": 1777869713047.4995,
    "ts": "2026-05-04T04:41:53.047Z",
    "level": "success",
    "message": "Fetched 45 cost centres",
    "meta": {
      "company": "Rajlaxmi Solutions Private Limited - (From 1-Apr-2016)"
    },
    "company": "Rajlaxmi Solutions Private Limited - (From 1-Apr-2016)"
  },
  {
    "id": 1777869713022.467,
    "ts": "2026-05-04T04:41:53.022Z",
    "level": "info",
    "message": "Fetching cost centres from Tally",
    "meta": {
      "company": "Rajlaxmi Solutions Private Limited - (From 1-Apr-2016)"
    },
    "company": "Rajlaxmi Solutions Private Limited - (From 1-Apr-2016)"
  },
  {
    "id": 1777869713015.2996,
    "ts": "2026-05-04T04:41:53.015Z",
    "level": "success",
    "message": "Fetched 1 cost categories",
    "meta": {
      "company": "Rajlaxmi Solutions Private Limited - (From 1-Apr-2016)"
    },
    "company": "Rajlaxmi Solutions Private Limited - (From 1-Apr-2016)"
  },
  {
    "id": 1777869713002.32,
    "ts": "2026-05-04T04:41:53.002Z",
    "level": "info",
    "message": "Fetching cost categories from Tally",
    "meta": {
      "company": "Rajlaxmi Solutions Private Limited - (From 1-Apr-2016)"
    },
    "company": "Rajlaxmi Solutions Private Limited - (From 1-Apr-2016)"
  },
  {
    "id": 1777869712995.6199,
    "ts": "2026-05-04T04:41:52.995Z",
    "level": "success",
    "message": "Fetched 39 voucher types",
    "meta": {
      "company": "Rajlaxmi Solutions Private Limited - (From 1-Apr-2016)"
    },
    "company": "Rajlaxmi Solutions Private Limited - (From 1-Apr-2016)"
  },
  {
    "id": 1777869712968.1946,
    "ts": "2026-05-04T04:41:52.968Z",
    "level": "info",
    "message": "Fetching voucher types from Tally",
    "meta": {
      "company": "Rajlaxmi Solutions Private Limited - (From 1-Apr-2016)"
    },
    "company": "Rajlaxmi Solutions Private Limited - (From 1-Apr-2016)"
  },
  {
    "id": 1777869712956.9302,
    "ts": "2026-05-04T04:41:52.956Z",
    "level": "success",
    "message": "Fetched 16760 ledgers",
    "meta": {
      "company": "Rajlaxmi Solutions Private Limited - (From 1-Apr-2016)"
    },
    "company": "Rajlaxmi Solutions Private Limited - (From 1-Apr-2016)"
  },
  {
    "id": 1777869702970.958,
    "ts": "2026-05-04T04:41:42.970Z",
    "level": "info",
    "message": "Fetching ledgers from Tally",
    "meta": {
      "company": "Rajlaxmi Solutions Private Limited - (From 1-Apr-2016)"
    },
    "company": "Rajlaxmi Solutions Private Limited - (From 1-Apr-2016)"
  },
  {
    "id": 1777869702961.5515,
    "ts": "2026-05-04T04:41:42.961Z",
    "level": "success",
    "message": "Fetched 243 groups",
    "meta": {
      "company": "Rajlaxmi Solutions Private Limited - (From 1-Apr-2016)"
    },
    "company": "Rajlaxmi Solutions Private Limited - (From 1-Apr-2016)"
  },
  {
    "id": 1777869702812.8096,
    "ts": "2026-05-04T04:41:42.812Z",
    "level": "info",
    "message": "Fetching groups from Tally",
    "meta": {
      "company": "Rajlaxmi Solutions Private Limited - (From 1-Apr-2016)"
    },
    "company": "Rajlaxmi Solutions Private Limited - (From 1-Apr-2016)"
  },
  {
    "id": 1777869283799.9229,
    "ts": "2026-05-04T04:34:43.799Z",
    "level": "warn",
    "message": "All 1158 Tally vouchers are outside the requested window (2025-05-04 → 2026-05-04). Actual voucher dates in Tally: 2025-01-01 → 2025-02-01. If this is unexpected, reset the sync state so the next run uses the company start date as fromDate.",
    "meta": {
      "company": "Rajlaxmi Solutions Private Limited - (From 1-Apr-2016)"
    },
    "company": "Rajlaxmi Solutions Private Limited - (From 1-Apr-2016)"
  },
  {
    "id": 1777869283792.329,
    "ts": "2026-05-04T04:34:43.792Z",
    "level": "success",
    "message": "Fetched 0 vouchers (filtered: 2025-05-04 → 2026-05-04) from 1158 total",
    "meta": {
      "company": "Rajlaxmi Solutions Private Limited - (From 1-Apr-2016)"
    },
    "company": "Rajlaxmi Solutions Private Limited - (From 1-Apr-2016)"
  },
  {
    "id": 1777869283781.454,
    "ts": "2026-05-04T04:34:43.781Z",
    "level": "info",
    "message": "Vouchers parsed successfully: 1158",
    "meta": {
      "company": "Rajlaxmi Solutions Private Limited - (From 1-Apr-2016)"
    },
    "company": "Rajlaxmi Solutions Private Limited - (From 1-Apr-2016)"
  },
  {
    "id": 1777869283750.1536,
    "ts": "2026-05-04T04:34:43.750Z",
    "level": "info",
    "message": "Raw vouchers received from Tally: 1158",
    "meta": {
      "company": "Rajlaxmi Solutions Private Limited - (From 1-Apr-2016)"
    },
    "company": "Rajlaxmi Solutions Private Limited - (From 1-Apr-2016)"
  },
  {
    "id": 1777869281679.1802,
    "ts": "2026-05-04T04:34:41.679Z",
    "level": "info",
    "message": "Fetching ALL vouchers from Tally",
    "meta": {
      "company": "Rajlaxmi Solutions Private Limited - (From 1-Apr-2016)",
      "fromDate": "2025-05-04",
      "toDate": "2026-05-04"
    },
    "company": "Rajlaxmi Solutions Private Limited - (From 1-Apr-2016)"
  },
  {
    "id": 1777869281669.9011,
    "ts": "2026-05-04T04:34:41.669Z",
    "level": "info",
    "message": "Voucher check: fetching ALL vouchers",
    "meta": {
      "company": "Rajlaxmi Solutions Private Limited - (From 1-Apr-2016)"
    },
    "company": "Rajlaxmi Solutions Private Limited - (From 1-Apr-2016)"
  },
  {
    "id": 1777869281661.3257,
    "ts": "2026-05-04T04:34:41.661Z",
    "level": "success",
    "message": "Fetched 2 godowns",
    "meta": {
      "company": "Rajlaxmi Solutions Private Limited - (From 1-Apr-2016)"
    },
    "company": "Rajlaxmi Solutions Private Limited - (From 1-Apr-2016)"
  },
  {
    "id": 1777869281641.7737,
    "ts": "2026-05-04T04:34:41.641Z",
    "level": "info",
    "message": "Fetching godowns from Tally",
    "meta": {
      "company": "Rajlaxmi Solutions Private Limited - (From 1-Apr-2016)"
    },
    "company": "Rajlaxmi Solutions Private Limited - (From 1-Apr-2016)"
  },
  {
    "id": 1777869281632.7048,
    "ts": "2026-05-04T04:34:41.632Z",
    "level": "success",
    "message": "Fetched 5 units",
    "meta": {
      "company": "Rajlaxmi Solutions Private Limited - (From 1-Apr-2016)"
    },
    "company": "Rajlaxmi Solutions Private Limited - (From 1-Apr-2016)"
  },
  {
    "id": 1777869281616.4934,
    "ts": "2026-05-04T04:34:41.616Z",
    "level": "info",
    "message": "Fetching units from Tally",
    "meta": {
      "company": "Rajlaxmi Solutions Private Limited - (From 1-Apr-2016)"
    },
    "company": "Rajlaxmi Solutions Private Limited - (From 1-Apr-2016)"
  },
  {
    "id": 1777869281609.9026,
    "ts": "2026-05-04T04:34:41.609Z",
    "level": "success",
    "message": "Fetched 11 stock categories",
    "meta": {
      "company": "Rajlaxmi Solutions Private Limited - (From 1-Apr-2016)"
    },
    "company": "Rajlaxmi Solutions Private Limited - (From 1-Apr-2016)"
  },
  {
    "id": 1777869281591.6719,
    "ts": "2026-05-04T04:34:41.591Z",
    "level": "info",
    "message": "Fetching stock categories from Tally",
    "meta": {
      "company": "Rajlaxmi Solutions Private Limited - (From 1-Apr-2016)"
    },
    "company": "Rajlaxmi Solutions Private Limited - (From 1-Apr-2016)"
  },
  {
    "id": 1777869281583.4026,
    "ts": "2026-05-04T04:34:41.583Z",
    "level": "success",
    "message": "Fetched 115 stock items (74 with HSN/SAC, 0 with GST rate)",
    "meta": {
      "company": "Rajlaxmi Solutions Private Limited - (From 1-Apr-2016)"
    },
    "company": "Rajlaxmi Solutions Private Limited - (From 1-Apr-2016)"
  },
  {
    "id": 1777869278548.101,
    "ts": "2026-05-04T04:34:38.548Z",
    "level": "info",
    "message": "Fetching stock items from Tally",
    "meta": {
      "company": "Rajlaxmi Solutions Private Limited - (From 1-Apr-2016)"
    },
    "company": "Rajlaxmi Solutions Private Limited - (From 1-Apr-2016)"
  },
  {
    "id": 1777869278541.2546,
    "ts": "2026-05-04T04:34:38.541Z",
    "level": "success",
    "message": "Fetched 6 stock groups",
    "meta": {
      "company": "Rajlaxmi Solutions Private Limited - (From 1-Apr-2016)"
    },
    "company": "Rajlaxmi Solutions Private Limited - (From 1-Apr-2016)"
  },
  {
    "id": 1777869278520.122,
    "ts": "2026-05-04T04:34:38.520Z",
    "level": "info",
    "message": "Fetching stock groups from Tally",
    "meta": {
      "company": "Rajlaxmi Solutions Private Limited - (From 1-Apr-2016)"
    },
    "company": "Rajlaxmi Solutions Private Limited - (From 1-Apr-2016)"
  },
  {
    "id": 1777869278514.8,
    "ts": "2026-05-04T04:34:38.514Z",
    "level": "success",
    "message": "Fetched 0 budgets",
    "meta": {
      "company": "Rajlaxmi Solutions Private Limited - (From 1-Apr-2016)"
    },
    "company": "Rajlaxmi Solutions Private Limited - (From 1-Apr-2016)"
  },
  {
    "id": 1777869278500.2087,
    "ts": "2026-05-04T04:34:38.500Z",
    "level": "info",
    "message": "Fetching budgets from Tally",
    "meta": {
      "company": "Rajlaxmi Solutions Private Limited - (From 1-Apr-2016)"
    },
    "company": "Rajlaxmi Solutions Private Limited - (From 1-Apr-2016)"
  },
  {
    "id": 1777869278494.3074,
    "ts": "2026-05-04T04:34:38.494Z",
    "level": "success",
    "message": "Fetched 2 currencies",
    "meta": {
      "company": "Rajlaxmi Solutions Private Limited - (From 1-Apr-2016)"
    },
    "company": "Rajlaxmi Solutions Private Limited - (From 1-Apr-2016)"
  },
  {
    "id": 1777869278478.9358,
    "ts": "2026-05-04T04:34:38.478Z",
    "level": "info",
    "message": "Fetching currencies from Tally",
    "meta": {
      "company": "Rajlaxmi Solutions Private Limited - (From 1-Apr-2016)"
    },
    "company": "Rajlaxmi Solutions Private Limited - (From 1-Apr-2016)"
  },
  {
    "id": 1777869278472.0679,
    "ts": "2026-05-04T04:34:38.472Z",
    "level": "success",
    "message": "Fetched 45 cost centres",
    "meta": {
      "company": "Rajlaxmi Solutions Private Limited - (From 1-Apr-2016)"
    },
    "company": "Rajlaxmi Solutions Private Limited - (From 1-Apr-2016)"
  },
  {
    "id": 1777869278447.247,
    "ts": "2026-05-04T04:34:38.447Z",
    "level": "info",
    "message": "Fetching cost centres from Tally",
    "meta": {
      "company": "Rajlaxmi Solutions Private Limited - (From 1-Apr-2016)"
    },
    "company": "Rajlaxmi Solutions Private Limited - (From 1-Apr-2016)"
  },
  {
    "id": 1777869278441.4504,
    "ts": "2026-05-04T04:34:38.441Z",
    "level": "success",
    "message": "Fetched 1 cost categories",
    "meta": {
      "company": "Rajlaxmi Solutions Private Limited - (From 1-Apr-2016)"
    },
    "company": "Rajlaxmi Solutions Private Limited - (From 1-Apr-2016)"
  },
  {
    "id": 1777869278428.344,
    "ts": "2026-05-04T04:34:38.428Z",
    "level": "info",
    "message": "Fetching cost categories from Tally",
    "meta": {
      "company": "Rajlaxmi Solutions Private Limited - (From 1-Apr-2016)"
    },
    "company": "Rajlaxmi Solutions Private Limited - (From 1-Apr-2016)"
  },
  {
    "id": 1777869278421.345,
    "ts": "2026-05-04T04:34:38.421Z",
    "level": "success",
    "message": "Fetched 39 voucher types",
    "meta": {
      "company": "Rajlaxmi Solutions Private Limited - (From 1-Apr-2016)"
    },
    "company": "Rajlaxmi Solutions Private Limited - (From 1-Apr-2016)"
  },
  {
    "id": 1777869278395.776,
    "ts": "2026-05-04T04:34:38.395Z",
    "level": "info",
    "message": "Fetching voucher types from Tally",
    "meta": {
      "company": "Rajlaxmi Solutions Private Limited - (From 1-Apr-2016)"
    },
    "company": "Rajlaxmi Solutions Private Limited - (From 1-Apr-2016)"
  },
  {
    "id": 1777869278383.9165,
    "ts": "2026-05-04T04:34:38.383Z",
    "level": "success",
    "message": "Fetched 16760 ledgers",
    "meta": {
      "company": "Rajlaxmi Solutions Private Limited - (From 1-Apr-2016)"
    },
    "company": "Rajlaxmi Solutions Private Limited - (From 1-Apr-2016)"
  },
  {
    "id": 1777869267161.0208,
    "ts": "2026-05-04T04:34:27.161Z",
    "level": "info",
    "message": "Fetching ledgers from Tally",
    "meta": {
      "company": "Rajlaxmi Solutions Private Limited - (From 1-Apr-2016)"
    },
    "company": "Rajlaxmi Solutions Private Limited - (From 1-Apr-2016)"
  },
  {
    "id": 1777869267151.6257,
    "ts": "2026-05-04T04:34:27.151Z",
    "level": "success",
    "message": "Fetched 243 groups",
    "meta": {
      "company": "Rajlaxmi Solutions Private Limited - (From 1-Apr-2016)"
    },
    "company": "Rajlaxmi Solutions Private Limited - (From 1-Apr-2016)"
  },
  {
    "id": 1777869267022.1814,
    "ts": "2026-05-04T04:34:27.022Z",
    "level": "info",
    "message": "Fetching groups from Tally",
    "meta": {
      "company": "Rajlaxmi Solutions Private Limited - (From 1-Apr-2016)"
    },
    "company": "Rajlaxmi Solutions Private Limited - (From 1-Apr-2016)"
  },
  {
    "id": 1777869093134.0813,
    "ts": "2026-05-04T04:31:33.134Z",
    "level": "warn",
    "message": "All 4756 Tally vouchers are outside the requested window (2025-05-04 → 2026-05-04). Actual voucher dates in Tally: 2025-01-01 → 2025-05-01. If this is unexpected, reset the sync state so the next run uses the company start date as fromDate.",
    "meta": {
      "company": "Rajlaxmi Solutions Private Limited - (From 1-Apr-2016)"
    },
    "company": "Rajlaxmi Solutions Private Limited - (From 1-Apr-2016)"
  },
  {
    "id": 1777869093126.5295,
    "ts": "2026-05-04T04:31:33.126Z",
    "level": "success",
    "message": "Fetched 0 vouchers (filtered: 2025-05-04 → 2026-05-04) from 4756 total",
    "meta": {
      "company": "Rajlaxmi Solutions Private Limited - (From 1-Apr-2016)"
    },
    "company": "Rajlaxmi Solutions Private Limited - (From 1-Apr-2016)"
  },
  {
    "id": 1777869093114.0764,
    "ts": "2026-05-04T04:31:33.114Z",
    "level": "info",
    "message": "Vouchers parsed successfully: 4756",
    "meta": {
      "company": "Rajlaxmi Solutions Private Limited - (From 1-Apr-2016)"
    },
    "company": "Rajlaxmi Solutions Private Limited - (From 1-Apr-2016)"
  },
  {
    "id": 1777869092980.3064,
    "ts": "2026-05-04T04:31:32.980Z",
    "level": "info",
    "message": "Raw vouchers received from Tally: 4756",
    "meta": {
      "company": "Rajlaxmi Solutions Private Limited - (From 1-Apr-2016)"
    },
    "company": "Rajlaxmi Solutions Private Limited - (From 1-Apr-2016)"
  },
  {
    "id": 1777869081263.8245,
    "ts": "2026-05-04T04:31:21.263Z",
    "level": "info",
    "message": "Fetching ALL vouchers from Tally",
    "meta": {
      "company": "Rajlaxmi Solutions Private Limited - (From 1-Apr-2016)",
      "fromDate": "2025-05-04",
      "toDate": "2026-05-04"
    },
    "company": "Rajlaxmi Solutions Private Limited - (From 1-Apr-2016)"
  },
  {
    "id": 1777869081255.122,
    "ts": "2026-05-04T04:31:21.255Z",
    "level": "info",
    "message": "Voucher check: fetching ALL vouchers",
    "meta": {
      "company": "Rajlaxmi Solutions Private Limited - (From 1-Apr-2016)"
    },
    "company": "Rajlaxmi Solutions Private Limited - (From 1-Apr-2016)"
  },
  {
    "id": 1777869081246.3594,
    "ts": "2026-05-04T04:31:21.246Z",
    "level": "success",
    "message": "Fetched 2 godowns",
    "meta": {
      "company": "Rajlaxmi Solutions Private Limited - (From 1-Apr-2016)"
    },
    "company": "Rajlaxmi Solutions Private Limited - (From 1-Apr-2016)"
  },
  {
    "id": 1777869081230.0854,
    "ts": "2026-05-04T04:31:21.230Z",
    "level": "info",
    "message": "Fetching godowns from Tally",
    "meta": {
      "company": "Rajlaxmi Solutions Private Limited - (From 1-Apr-2016)"
    },
    "company": "Rajlaxmi Solutions Private Limited - (From 1-Apr-2016)"
  },
  {
    "id": 1777869081221.6277,
    "ts": "2026-05-04T04:31:21.221Z",
    "level": "success",
    "message": "Fetched 5 units",
    "meta": {
      "company": "Rajlaxmi Solutions Private Limited - (From 1-Apr-2016)"
    },
    "company": "Rajlaxmi Solutions Private Limited - (From 1-Apr-2016)"
  },
  {
    "id": 1777869081206.4302,
    "ts": "2026-05-04T04:31:21.206Z",
    "level": "info",
    "message": "Fetching units from Tally",
    "meta": {
      "company": "Rajlaxmi Solutions Private Limited - (From 1-Apr-2016)"
    },
    "company": "Rajlaxmi Solutions Private Limited - (From 1-Apr-2016)"
  },
  {
    "id": 1777869081196.5051,
    "ts": "2026-05-04T04:31:21.196Z",
    "level": "success",
    "message": "Fetched 11 stock categories",
    "meta": {
      "company": "Rajlaxmi Solutions Private Limited - (From 1-Apr-2016)"
    },
    "company": "Rajlaxmi Solutions Private Limited - (From 1-Apr-2016)"
  },
  {
    "id": 1777869081177.293,
    "ts": "2026-05-04T04:31:21.177Z",
    "level": "info",
    "message": "Fetching stock categories from Tally",
    "meta": {
      "company": "Rajlaxmi Solutions Private Limited - (From 1-Apr-2016)"
    },
    "company": "Rajlaxmi Solutions Private Limited - (From 1-Apr-2016)"
  },
  {
    "id": 1777869081170.1516,
    "ts": "2026-05-04T04:31:21.170Z",
    "level": "success",
    "message": "Fetched 115 stock items (74 with HSN/SAC, 0 with GST rate)",
    "meta": {
      "company": "Rajlaxmi Solutions Private Limited - (From 1-Apr-2016)"
    },
    "company": "Rajlaxmi Solutions Private Limited - (From 1-Apr-2016)"
  },
  {
    "id": 1777869071872.8896,
    "ts": "2026-05-04T04:31:11.872Z",
    "level": "info",
    "message": "Fetching stock items from Tally",
    "meta": {
      "company": "Rajlaxmi Solutions Private Limited - (From 1-Apr-2016)"
    },
    "company": "Rajlaxmi Solutions Private Limited - (From 1-Apr-2016)"
  },
  {
    "id": 1777869071865.4292,
    "ts": "2026-05-04T04:31:11.865Z",
    "level": "success",
    "message": "Fetched 6 stock groups",
    "meta": {
      "company": "Rajlaxmi Solutions Private Limited - (From 1-Apr-2016)"
    },
    "company": "Rajlaxmi Solutions Private Limited - (From 1-Apr-2016)"
  },
  {
    "id": 1777869071843.3066,
    "ts": "2026-05-04T04:31:11.843Z",
    "level": "info",
    "message": "Fetching stock groups from Tally",
    "meta": {
      "company": "Rajlaxmi Solutions Private Limited - (From 1-Apr-2016)"
    },
    "company": "Rajlaxmi Solutions Private Limited - (From 1-Apr-2016)"
  },
  {
    "id": 1777869071834.8774,
    "ts": "2026-05-04T04:31:11.834Z",
    "level": "success",
    "message": "Fetched 0 budgets",
    "meta": {
      "company": "Rajlaxmi Solutions Private Limited - (From 1-Apr-2016)"
    },
    "company": "Rajlaxmi Solutions Private Limited - (From 1-Apr-2016)"
  },
  {
    "id": 1777869071820.9414,
    "ts": "2026-05-04T04:31:11.820Z",
    "level": "info",
    "message": "Fetching budgets from Tally",
    "meta": {
      "company": "Rajlaxmi Solutions Private Limited - (From 1-Apr-2016)"
    },
    "company": "Rajlaxmi Solutions Private Limited - (From 1-Apr-2016)"
  },
  {
    "id": 1777869071814.6582,
    "ts": "2026-05-04T04:31:11.814Z",
    "level": "success",
    "message": "Fetched 2 currencies",
    "meta": {
      "company": "Rajlaxmi Solutions Private Limited - (From 1-Apr-2016)"
    },
    "company": "Rajlaxmi Solutions Private Limited - (From 1-Apr-2016)"
  },
  {
    "id": 1777869071799.2192,
    "ts": "2026-05-04T04:31:11.799Z",
    "level": "info",
    "message": "Fetching currencies from Tally",
    "meta": {
      "company": "Rajlaxmi Solutions Private Limited - (From 1-Apr-2016)"
    },
    "company": "Rajlaxmi Solutions Private Limited - (From 1-Apr-2016)"
  },
  {
    "id": 1777869071792.1003,
    "ts": "2026-05-04T04:31:11.792Z",
    "level": "success",
    "message": "Fetched 45 cost centres",
    "meta": {
      "company": "Rajlaxmi Solutions Private Limited - (From 1-Apr-2016)"
    },
    "company": "Rajlaxmi Solutions Private Limited - (From 1-Apr-2016)"
  },
  {
    "id": 1777869071763.751,
    "ts": "2026-05-04T04:31:11.763Z",
    "level": "info",
    "message": "Fetching cost centres from Tally",
    "meta": {
      "company": "Rajlaxmi Solutions Private Limited - (From 1-Apr-2016)"
    },
    "company": "Rajlaxmi Solutions Private Limited - (From 1-Apr-2016)"
  },
  {
    "id": 1777869071757.7712,
    "ts": "2026-05-04T04:31:11.757Z",
    "level": "success",
    "message": "Fetched 1 cost categories",
    "meta": {
      "company": "Rajlaxmi Solutions Private Limited - (From 1-Apr-2016)"
    },
    "company": "Rajlaxmi Solutions Private Limited - (From 1-Apr-2016)"
  },
  {
    "id": 1777869071743.331,
    "ts": "2026-05-04T04:31:11.743Z",
    "level": "info",
    "message": "Fetching cost categories from Tally",
    "meta": {
      "company": "Rajlaxmi Solutions Private Limited - (From 1-Apr-2016)"
    },
    "company": "Rajlaxmi Solutions Private Limited - (From 1-Apr-2016)"
  },
  {
    "id": 1777869071737.7527,
    "ts": "2026-05-04T04:31:11.737Z",
    "level": "success",
    "message": "Fetched 39 voucher types",
    "meta": {
      "company": "Rajlaxmi Solutions Private Limited - (From 1-Apr-2016)"
    },
    "company": "Rajlaxmi Solutions Private Limited - (From 1-Apr-2016)"
  },
  {
    "id": 1777869071708.1497,
    "ts": "2026-05-04T04:31:11.708Z",
    "level": "info",
    "message": "Fetching voucher types from Tally",
    "meta": {
      "company": "Rajlaxmi Solutions Private Limited - (From 1-Apr-2016)"
    },
    "company": "Rajlaxmi Solutions Private Limited - (From 1-Apr-2016)"
  },
  {
    "id": 1777869071695.4817,
    "ts": "2026-05-04T04:31:11.695Z",
    "level": "success",
    "message": "Fetched 16760 ledgers",
    "meta": {
      "company": "Rajlaxmi Solutions Private Limited - (From 1-Apr-2016)"
    },
    "company": "Rajlaxmi Solutions Private Limited - (From 1-Apr-2016)"
  },
  {
    "id": 1777869042485.8489,
    "ts": "2026-05-04T04:30:42.485Z",
    "level": "info",
    "message": "Fetching ledgers from Tally",
    "meta": {
      "company": "Rajlaxmi Solutions Private Limited - (From 1-Apr-2016)"
    },
    "company": "Rajlaxmi Solutions Private Limited - (From 1-Apr-2016)"
  },
  {
    "id": 1777869042475.5369,
    "ts": "2026-05-04T04:30:42.475Z",
    "level": "success",
    "message": "Fetched 243 groups",
    "meta": {
      "company": "Rajlaxmi Solutions Private Limited - (From 1-Apr-2016)"
    },
    "company": "Rajlaxmi Solutions Private Limited - (From 1-Apr-2016)"
  },
  {
    "id": 1777869042284.6672,
    "ts": "2026-05-04T04:30:42.284Z",
    "level": "info",
    "message": "Fetching groups from Tally",
    "meta": {
      "company": "Rajlaxmi Solutions Private Limited - (From 1-Apr-2016)"
    },
    "company": "Rajlaxmi Solutions Private Limited - (From 1-Apr-2016)"
  },
  {
    "id": 1777725841368.8213,
    "ts": "2026-05-02T12:44:01.368Z",
    "level": "success",
    "message": "Fetched 16760 ledgers",
    "meta": {
      "company": "Rajlaxmi Solutions Private Limited - (From 1-Apr-2016)"
    },
    "company": "Rajlaxmi Solutions Private Limited - (From 1-Apr-2016)"
  },
  {
    "id": 1777725833176.6296,
    "ts": "2026-05-02T12:43:53.176Z",
    "level": "info",
    "message": "Fetching ledgers from Tally",
    "meta": {
      "company": "Rajlaxmi Solutions Private Limited - (From 1-Apr-2016)"
    },
    "company": "Rajlaxmi Solutions Private Limited - (From 1-Apr-2016)"
  },
  {
    "id": 1777725799147.2383,
    "ts": "2026-05-02T12:43:19.147Z",
    "level": "success",
    "message": "Fetched 39 voucher types",
    "meta": {
      "company": "Rajlaxmi Solutions Private Limited - (From 1-Apr-2016)"
    },
    "company": "Rajlaxmi Solutions Private Limited - (From 1-Apr-2016)"
  },
  {
    "id": 1777725799076.4895,
    "ts": "2026-05-02T12:43:19.076Z",
    "level": "info",
    "message": "Fetching voucher types from Tally",
    "meta": {
      "company": "Rajlaxmi Solutions Private Limited - (From 1-Apr-2016)"
    },
    "company": "Rajlaxmi Solutions Private Limited - (From 1-Apr-2016)"
  },
  {
    "id": 1777725314398.3828,
    "ts": "2026-05-02T12:35:14.398Z",
    "level": "success",
    "message": "Fetched 104 vouchers (filtered: 2025-11-01 → 2026-05-02) from 104 total",
    "meta": {
      "company": "Rajlaxmi Solutions Private Limited - (From 1-Apr-2016)"
    },
    "company": "Rajlaxmi Solutions Private Limited - (From 1-Apr-2016)"
  },
  {
    "id": 1777725314392.311,
    "ts": "2026-05-02T12:35:14.392Z",
    "level": "info",
    "message": "Vouchers parsed successfully: 104",
    "meta": {
      "company": "Rajlaxmi Solutions Private Limited - (From 1-Apr-2016)"
    },
    "company": "Rajlaxmi Solutions Private Limited - (From 1-Apr-2016)"
  },
  {
    "id": 1777725314384.2063,
    "ts": "2026-05-02T12:35:14.384Z",
    "level": "info",
    "message": "Raw vouchers received from Tally: 104",
    "meta": {
      "company": "Rajlaxmi Solutions Private Limited - (From 1-Apr-2016)"
    },
    "company": "Rajlaxmi Solutions Private Limited - (From 1-Apr-2016)"
  },
  {
    "id": 1777725313976.2332,
    "ts": "2026-05-02T12:35:13.976Z",
    "level": "info",
    "message": "Fetching ALL vouchers from Tally",
    "meta": {
      "company": "Rajlaxmi Solutions Private Limited - (From 1-Apr-2016)",
      "fromDate": "2025-11-01",
      "toDate": "2026-05-02"
    },
    "company": "Rajlaxmi Solutions Private Limited - (From 1-Apr-2016)"
  },
  {
    "id": 1777725313939.5405,
    "ts": "2026-05-02T12:35:13.939Z",
    "level": "success",
    "message": "Fetched 115 stock items (74 with HSN/SAC, 0 with GST rate)",
    "meta": {
      "company": "Rajlaxmi Solutions Private Limited - (From 1-Apr-2016)"
    },
    "company": "Rajlaxmi Solutions Private Limited - (From 1-Apr-2016)"
  },
  {
    "id": 1777725313875.7725,
    "ts": "2026-05-02T12:35:13.875Z",
    "level": "info",
    "message": "Fetching stock items from Tally",
    "meta": {
      "company": "Rajlaxmi Solutions Private Limited - (From 1-Apr-2016)"
    },
    "company": "Rajlaxmi Solutions Private Limited - (From 1-Apr-2016)"
  },
  {
    "id": 1777725313829.5417,
    "ts": "2026-05-02T12:35:13.829Z",
    "level": "success",
    "message": "Fetched 16760 ledgers",
    "meta": {
      "company": "Rajlaxmi Solutions Private Limited - (From 1-Apr-2016)"
    },
    "company": "Rajlaxmi Solutions Private Limited - (From 1-Apr-2016)"
  },
  {
    "id": 1777725303661.812,
    "ts": "2026-05-02T12:35:03.661Z",
    "level": "info",
    "message": "Fetching ledgers from Tally",
    "meta": {
      "company": "Rajlaxmi Solutions Private Limited - (From 1-Apr-2016)"
    },
    "company": "Rajlaxmi Solutions Private Limited - (From 1-Apr-2016)"
  },
  {
    "id": 1777725303650.6125,
    "ts": "2026-05-02T12:35:03.650Z",
    "level": "success",
    "message": "Fetched 2 godowns",
    "meta": {
      "company": "Rajlaxmi Solutions Private Limited - (From 1-Apr-2016)"
    },
    "company": "Rajlaxmi Solutions Private Limited - (From 1-Apr-2016)"
  },
  {
    "id": 1777725303624.68,
    "ts": "2026-05-02T12:35:03.624Z",
    "level": "info",
    "message": "Fetching godowns from Tally",
    "meta": {
      "company": "Rajlaxmi Solutions Private Limited - (From 1-Apr-2016)"
    },
    "company": "Rajlaxmi Solutions Private Limited - (From 1-Apr-2016)"
  },
  {
    "id": 1777725303611.513,
    "ts": "2026-05-02T12:35:03.611Z",
    "level": "success",
    "message": "Fetched 45 cost centres",
    "meta": {
      "company": "Rajlaxmi Solutions Private Limited - (From 1-Apr-2016)"
    },
    "company": "Rajlaxmi Solutions Private Limited - (From 1-Apr-2016)"
  },
  {
    "id": 1777725303544.0642,
    "ts": "2026-05-02T12:35:03.544Z",
    "level": "info",
    "message": "Fetching cost centres from Tally",
    "meta": {
      "company": "Rajlaxmi Solutions Private Limited - (From 1-Apr-2016)"
    },
    "company": "Rajlaxmi Solutions Private Limited - (From 1-Apr-2016)"
  },
  {
    "id": 1777725303531.4841,
    "ts": "2026-05-02T12:35:03.531Z",
    "level": "success",
    "message": "Fetched 243 groups",
    "meta": {
      "company": "Rajlaxmi Solutions Private Limited - (From 1-Apr-2016)"
    },
    "company": "Rajlaxmi Solutions Private Limited - (From 1-Apr-2016)"
  },
  {
    "id": 1777725303283.7522,
    "ts": "2026-05-02T12:35:03.283Z",
    "level": "info",
    "message": "Fetching groups from Tally",
    "meta": {
      "company": "Rajlaxmi Solutions Private Limited - (From 1-Apr-2016)"
    },
    "company": "Rajlaxmi Solutions Private Limited - (From 1-Apr-2016)"
  },
  {
    "id": 1777724420850.6592,
    "ts": "2026-05-02T12:20:20.850Z",
    "level": "success",
    "message": "Fetched 16760 ledgers",
    "meta": {
      "company": "Rajlaxmi Solutions Private Limited - (From 1-Apr-2016)"
    },
    "company": "Rajlaxmi Solutions Private Limited - (From 1-Apr-2016)"
  },
  {
    "id": 1777724405617.4148,
    "ts": "2026-05-02T12:20:05.617Z",
    "level": "info",
    "message": "Fetching ledgers from Tally",
    "meta": {
      "company": "Rajlaxmi Solutions Private Limited - (From 1-Apr-2016)"
    },
    "company": "Rajlaxmi Solutions Private Limited - (From 1-Apr-2016)"
  },
  {
    "id": 1777724366359.933,
    "ts": "2026-05-02T12:19:26.359Z",
    "level": "success",
    "message": "Fetched 39 voucher types",
    "meta": {
      "company": "Rajlaxmi Solutions Private Limited - (From 1-Apr-2016)"
    },
    "company": "Rajlaxmi Solutions Private Limited - (From 1-Apr-2016)"
  },
  {
    "id": 1777724366298.2637,
    "ts": "2026-05-02T12:19:26.298Z",
    "level": "info",
    "message": "Fetching voucher types from Tally",
    "meta": {
      "company": "Rajlaxmi Solutions Private Limited - (From 1-Apr-2016)"
    },
    "company": "Rajlaxmi Solutions Private Limited - (From 1-Apr-2016)"
  },
  {
    "id": 1777723956719.8088,
    "ts": "2026-05-02T12:12:36.719Z",
    "level": "success",
    "message": "Fetched 104 vouchers (filtered: 2025-11-01 → 2026-05-02) from 104 total",
    "meta": {
      "company": "Rajlaxmi Solutions Private Limited - (From 1-Apr-2016)"
    },
    "company": "Rajlaxmi Solutions Private Limited - (From 1-Apr-2016)"
  },
  {
    "id": 1777723956714.389,
    "ts": "2026-05-02T12:12:36.714Z",
    "level": "info",
    "message": "Vouchers parsed successfully: 104",
    "meta": {
      "company": "Rajlaxmi Solutions Private Limited - (From 1-Apr-2016)"
    },
    "company": "Rajlaxmi Solutions Private Limited - (From 1-Apr-2016)"
  },
  {
    "id": 1777723956708.7856,
    "ts": "2026-05-02T12:12:36.708Z",
    "level": "info",
    "message": "Raw vouchers received from Tally: 104",
    "meta": {
      "company": "Rajlaxmi Solutions Private Limited - (From 1-Apr-2016)"
    },
    "company": "Rajlaxmi Solutions Private Limited - (From 1-Apr-2016)"
  },
  {
    "id": 1777723956332.6182,
    "ts": "2026-05-02T12:12:36.332Z",
    "level": "info",
    "message": "Fetching ALL vouchers from Tally",
    "meta": {
      "company": "Rajlaxmi Solutions Private Limited - (From 1-Apr-2016)",
      "fromDate": "2025-11-01",
      "toDate": "2026-05-02"
    },
    "company": "Rajlaxmi Solutions Private Limited - (From 1-Apr-2016)"
  },
  {
    "id": 1777723956314.266,
    "ts": "2026-05-02T12:12:36.314Z",
    "level": "success",
    "message": "Fetched 115 stock items (74 with HSN/SAC, 0 with GST rate)",
    "meta": {
      "company": "Rajlaxmi Solutions Private Limited - (From 1-Apr-2016)"
    },
    "company": "Rajlaxmi Solutions Private Limited - (From 1-Apr-2016)"
  },
  {
    "id": 1777723956270.5632,
    "ts": "2026-05-02T12:12:36.270Z",
    "level": "info",
    "message": "Fetching stock items from Tally",
    "meta": {
      "company": "Rajlaxmi Solutions Private Limited - (From 1-Apr-2016)"
    },
    "company": "Rajlaxmi Solutions Private Limited - (From 1-Apr-2016)"
  },
  {
    "id": 1777723956239.4802,
    "ts": "2026-05-02T12:12:36.239Z",
    "level": "success",
    "message": "Fetched 16760 ledgers",
    "meta": {
      "company": "Rajlaxmi Solutions Private Limited - (From 1-Apr-2016)"
    },
    "company": "Rajlaxmi Solutions Private Limited - (From 1-Apr-2016)"
  },
  {
    "id": 1777723950373.7043,
    "ts": "2026-05-02T12:12:30.373Z",
    "level": "info",
    "message": "Fetching ledgers from Tally",
    "meta": {
      "company": "Rajlaxmi Solutions Private Limited - (From 1-Apr-2016)"
    },
    "company": "Rajlaxmi Solutions Private Limited - (From 1-Apr-2016)"
  },
  {
    "id": 1777723950363.794,
    "ts": "2026-05-02T12:12:30.363Z",
    "level": "success",
    "message": "Fetched 2 godowns",
    "meta": {
      "company": "Rajlaxmi Solutions Private Limited - (From 1-Apr-2016)"
    },
    "company": "Rajlaxmi Solutions Private Limited - (From 1-Apr-2016)"
  },
  {
    "id": 1777723950345.7651,
    "ts": "2026-05-02T12:12:30.345Z",
    "level": "info",
    "message": "Fetching godowns from Tally",
    "meta": {
      "company": "Rajlaxmi Solutions Private Limited - (From 1-Apr-2016)"
    },
    "company": "Rajlaxmi Solutions Private Limited - (From 1-Apr-2016)"
  },
  {
    "id": 1777723950332.2864,
    "ts": "2026-05-02T12:12:30.332Z",
    "level": "success",
    "message": "Fetched 45 cost centres",
    "meta": {
      "company": "Rajlaxmi Solutions Private Limited - (From 1-Apr-2016)"
    },
    "company": "Rajlaxmi Solutions Private Limited - (From 1-Apr-2016)"
  },
  {
    "id": 1777723950292.6995,
    "ts": "2026-05-02T12:12:30.292Z",
    "level": "info",
    "message": "Fetching cost centres from Tally",
    "meta": {
      "company": "Rajlaxmi Solutions Private Limited - (From 1-Apr-2016)"
    },
    "company": "Rajlaxmi Solutions Private Limited - (From 1-Apr-2016)"
  },
  {
    "id": 1777723950282.9653,
    "ts": "2026-05-02T12:12:30.282Z",
    "level": "success",
    "message": "Fetched 243 groups",
    "meta": {
      "company": "Rajlaxmi Solutions Private Limited - (From 1-Apr-2016)"
    },
    "company": "Rajlaxmi Solutions Private Limited - (From 1-Apr-2016)"
  },
  {
    "id": 1777723950158.7805,
    "ts": "2026-05-02T12:12:30.158Z",
    "level": "info",
    "message": "Fetching groups from Tally",
    "meta": {
      "company": "Rajlaxmi Solutions Private Limited - (From 1-Apr-2016)"
    },
    "company": "Rajlaxmi Solutions Private Limited - (From 1-Apr-2016)"
  },
  {
    "id": 1777723776276.2046,
    "ts": "2026-05-02T12:09:36.276Z",
    "level": "success",
    "message": "Fetched 115 stock items (74 with HSN/SAC, 0 with GST rate)",
    "meta": {
      "company": "Rajlaxmi Solutions Private Limited - (From 1-Apr-2016)"
    },
    "company": "Rajlaxmi Solutions Private Limited - (From 1-Apr-2016)"
  },
  {
    "id": 1777723776218.8848,
    "ts": "2026-05-02T12:09:36.218Z",
    "level": "info",
    "message": "Fetching stock items from Tally",
    "meta": {
      "company": "Rajlaxmi Solutions Private Limited - (From 1-Apr-2016)"
    },
    "company": "Rajlaxmi Solutions Private Limited - (From 1-Apr-2016)"
  },
  {
    "id": 1777723776182.3843,
    "ts": "2026-05-02T12:09:36.182Z",
    "level": "success",
    "message": "Fetched 16760 ledgers",
    "meta": {
      "company": "Rajlaxmi Solutions Private Limited - (From 1-Apr-2016)"
    },
    "company": "Rajlaxmi Solutions Private Limited - (From 1-Apr-2016)"
  },
  {
    "id": 1777723768551.676,
    "ts": "2026-05-02T12:09:28.551Z",
    "level": "info",
    "message": "Fetching ledgers from Tally",
    "meta": {
      "company": "Rajlaxmi Solutions Private Limited - (From 1-Apr-2016)"
    },
    "company": "Rajlaxmi Solutions Private Limited - (From 1-Apr-2016)"
  },
  {
    "id": 1777723768538.977,
    "ts": "2026-05-02T12:09:28.538Z",
    "level": "success",
    "message": "Fetched 2 godowns",
    "meta": {
      "company": "Rajlaxmi Solutions Private Limited - (From 1-Apr-2016)"
    },
    "company": "Rajlaxmi Solutions Private Limited - (From 1-Apr-2016)"
  },
  {
    "id": 1777723768513.659,
    "ts": "2026-05-02T12:09:28.513Z",
    "level": "info",
    "message": "Fetching godowns from Tally",
    "meta": {
      "company": "Rajlaxmi Solutions Private Limited - (From 1-Apr-2016)"
    },
    "company": "Rajlaxmi Solutions Private Limited - (From 1-Apr-2016)"
  },
  {
    "id": 1777723768500.6792,
    "ts": "2026-05-02T12:09:28.500Z",
    "level": "success",
    "message": "Fetched 45 cost centres",
    "meta": {
      "company": "Rajlaxmi Solutions Private Limited - (From 1-Apr-2016)"
    },
    "company": "Rajlaxmi Solutions Private Limited - (From 1-Apr-2016)"
  },
  {
    "id": 1777723768453.0686,
    "ts": "2026-05-02T12:09:28.453Z",
    "level": "info",
    "message": "Fetching cost centres from Tally",
    "meta": {
      "company": "Rajlaxmi Solutions Private Limited - (From 1-Apr-2016)"
    },
    "company": "Rajlaxmi Solutions Private Limited - (From 1-Apr-2016)"
  },
  {
    "id": 1777723768441.8706,
    "ts": "2026-05-02T12:09:28.441Z",
    "level": "success",
    "message": "Fetched 243 groups",
    "meta": {
      "company": "Rajlaxmi Solutions Private Limited - (From 1-Apr-2016)"
    },
    "company": "Rajlaxmi Solutions Private Limited - (From 1-Apr-2016)"
  },
  {
    "id": 1777723768216.5903,
    "ts": "2026-05-02T12:09:28.216Z",
    "level": "info",
    "message": "Fetching groups from Tally",
    "meta": {
      "company": "Rajlaxmi Solutions Private Limited - (From 1-Apr-2016)"
    },
    "company": "Rajlaxmi Solutions Private Limited - (From 1-Apr-2016)"
  },
  {
    "id": 1777721711679.6648,
    "ts": "2026-05-02T11:35:11.679Z",
    "level": "success",
    "message": "Fetched 16760 ledgers",
    "meta": {
      "company": "Rajlaxmi Solutions Private Limited - (From 1-Apr-2016)"
    },
    "company": "Rajlaxmi Solutions Private Limited - (From 1-Apr-2016)"
  },
  {
    "id": 1777721705367.7715,
    "ts": "2026-05-02T11:35:05.367Z",
    "level": "info",
    "message": "Fetching ledgers from Tally",
    "meta": {
      "company": "Rajlaxmi Solutions Private Limited - (From 1-Apr-2016)"
    },
    "company": "Rajlaxmi Solutions Private Limited - (From 1-Apr-2016)"
  },
  {
    "id": 1777721670674.1697,
    "ts": "2026-05-02T11:34:30.674Z",
    "level": "success",
    "message": "Fetched 39 voucher types",
    "meta": {
      "company": "Rajlaxmi Solutions Private Limited - (From 1-Apr-2016)"
    },
    "company": "Rajlaxmi Solutions Private Limited - (From 1-Apr-2016)"
  },
  {
    "id": 1777721670629.3274,
    "ts": "2026-05-02T11:34:30.629Z",
    "level": "info",
    "message": "Fetching voucher types from Tally",
    "meta": {
      "company": "Rajlaxmi Solutions Private Limited - (From 1-Apr-2016)"
    },
    "company": "Rajlaxmi Solutions Private Limited - (From 1-Apr-2016)"
  },
  {
    "id": 1777721225779.3809,
    "ts": "2026-05-02T11:27:05.779Z",
    "level": "success",
    "message": "Fetched 104 vouchers (filtered: 2025-11-01 → 2026-05-02) from 104 total",
    "meta": {
      "company": "Rajlaxmi Solutions Private Limited - (From 1-Apr-2016)"
    },
    "company": "Rajlaxmi Solutions Private Limited - (From 1-Apr-2016)"
  },
  {
    "id": 1777721225775.9873,
    "ts": "2026-05-02T11:27:05.775Z",
    "level": "info",
    "message": "Vouchers parsed successfully: 104",
    "meta": {
      "company": "Rajlaxmi Solutions Private Limited - (From 1-Apr-2016)"
    },
    "company": "Rajlaxmi Solutions Private Limited - (From 1-Apr-2016)"
  },
  {
    "id": 1777721225770.643,
    "ts": "2026-05-02T11:27:05.770Z",
    "level": "info",
    "message": "Raw vouchers received from Tally: 104",
    "meta": {
      "company": "Rajlaxmi Solutions Private Limited - (From 1-Apr-2016)"
    },
    "company": "Rajlaxmi Solutions Private Limited - (From 1-Apr-2016)"
  },
  {
    "id": 1777721225586.8599,
    "ts": "2026-05-02T11:27:05.586Z",
    "level": "info",
    "message": "Fetching ALL vouchers from Tally",
    "meta": {
      "company": "Rajlaxmi Solutions Private Limited - (From 1-Apr-2016)",
      "fromDate": "2025-11-01",
      "toDate": "2026-05-02"
    },
    "company": "Rajlaxmi Solutions Private Limited - (From 1-Apr-2016)"
  },
  {
    "id": 1777721225578.2126,
    "ts": "2026-05-02T11:27:05.578Z",
    "level": "success",
    "message": "Fetched 115 stock items (74 with HSN/SAC, 0 with GST rate)",
    "meta": {
      "company": "Rajlaxmi Solutions Private Limited - (From 1-Apr-2016)"
    },
    "company": "Rajlaxmi Solutions Private Limited - (From 1-Apr-2016)"
  },
  {
    "id": 1777721225532.538,
    "ts": "2026-05-02T11:27:05.532Z",
    "level": "info",
    "message": "Fetching stock items from Tally",
    "meta": {
      "company": "Rajlaxmi Solutions Private Limited - (From 1-Apr-2016)"
    },
    "company": "Rajlaxmi Solutions Private Limited - (From 1-Apr-2016)"
  },
  {
    "id": 1777721225501.5618,
    "ts": "2026-05-02T11:27:05.501Z",
    "level": "success",
    "message": "Fetched 16760 ledgers",
    "meta": {
      "company": "Rajlaxmi Solutions Private Limited - (From 1-Apr-2016)"
    },
    "company": "Rajlaxmi Solutions Private Limited - (From 1-Apr-2016)"
  },
  {
    "id": 1777721219358.356,
    "ts": "2026-05-02T11:26:59.358Z",
    "level": "info",
    "message": "Fetching ledgers from Tally",
    "meta": {
      "company": "Rajlaxmi Solutions Private Limited - (From 1-Apr-2016)"
    },
    "company": "Rajlaxmi Solutions Private Limited - (From 1-Apr-2016)"
  },
  {
    "id": 1777721219347.2727,
    "ts": "2026-05-02T11:26:59.347Z",
    "level": "success",
    "message": "Fetched 2 godowns",
    "meta": {
      "company": "Rajlaxmi Solutions Private Limited - (From 1-Apr-2016)"
    },
    "company": "Rajlaxmi Solutions Private Limited - (From 1-Apr-2016)"
  },
  {
    "id": 1777721219329.3872,
    "ts": "2026-05-02T11:26:59.329Z",
    "level": "info",
    "message": "Fetching godowns from Tally",
    "meta": {
      "company": "Rajlaxmi Solutions Private Limited - (From 1-Apr-2016)"
    },
    "company": "Rajlaxmi Solutions Private Limited - (From 1-Apr-2016)"
  },
  {
    "id": 1777721219315.6797,
    "ts": "2026-05-02T11:26:59.315Z",
    "level": "success",
    "message": "Fetched 45 cost centres",
    "meta": {
      "company": "Rajlaxmi Solutions Private Limited - (From 1-Apr-2016)"
    },
    "company": "Rajlaxmi Solutions Private Limited - (From 1-Apr-2016)"
  },
  {
    "id": 1777721219281.0486,
    "ts": "2026-05-02T11:26:59.281Z",
    "level": "info",
    "message": "Fetching cost centres from Tally",
    "meta": {
      "company": "Rajlaxmi Solutions Private Limited - (From 1-Apr-2016)"
    },
    "company": "Rajlaxmi Solutions Private Limited - (From 1-Apr-2016)"
  },
  {
    "id": 1777721219270.4294,
    "ts": "2026-05-02T11:26:59.270Z",
    "level": "success",
    "message": "Fetched 243 groups",
    "meta": {
      "company": "Rajlaxmi Solutions Private Limited - (From 1-Apr-2016)"
    },
    "company": "Rajlaxmi Solutions Private Limited - (From 1-Apr-2016)"
  },
  {
    "id": 1777721219144.2944,
    "ts": "2026-05-02T11:26:59.144Z",
    "level": "info",
    "message": "Fetching groups from Tally",
    "meta": {
      "company": "Rajlaxmi Solutions Private Limited - (From 1-Apr-2016)"
    },
    "company": "Rajlaxmi Solutions Private Limited - (From 1-Apr-2016)"
  },
  {
    "id": 1777720779047.8237,
    "ts": "2026-05-02T11:19:39.047Z",
    "level": "success",
    "message": "Fetched 104 vouchers (filtered: 2025-11-01 → 2026-05-02) from 104 total",
    "meta": {
      "company": "Rajlaxmi Solutions Private Limited - (From 1-Apr-2016)"
    },
    "company": "Rajlaxmi Solutions Private Limited - (From 1-Apr-2016)"
  },
  {
    "id": 1777720779041.577,
    "ts": "2026-05-02T11:19:39.041Z",
    "level": "info",
    "message": "Vouchers parsed successfully: 104",
    "meta": {
      "company": "Rajlaxmi Solutions Private Limited - (From 1-Apr-2016)"
    },
    "company": "Rajlaxmi Solutions Private Limited - (From 1-Apr-2016)"
  },
  {
    "id": 1777720779036.335,
    "ts": "2026-05-02T11:19:39.036Z",
    "level": "info",
    "message": "Raw vouchers received from Tally: 104",
    "meta": {
      "company": "Rajlaxmi Solutions Private Limited - (From 1-Apr-2016)"
    },
    "company": "Rajlaxmi Solutions Private Limited - (From 1-Apr-2016)"
  },
  {
    "id": 1777720778868.0093,
    "ts": "2026-05-02T11:19:38.868Z",
    "level": "info",
    "message": "Fetching ALL vouchers from Tally",
    "meta": {
      "company": "Rajlaxmi Solutions Private Limited - (From 1-Apr-2016)",
      "fromDate": "2025-11-01",
      "toDate": "2026-05-02"
    },
    "company": "Rajlaxmi Solutions Private Limited - (From 1-Apr-2016)"
  },
  {
    "id": 1777720778859.7573,
    "ts": "2026-05-02T11:19:38.859Z",
    "level": "success",
    "message": "Fetched 115 stock items (74 with HSN/SAC, 0 with GST rate)",
    "meta": {
      "company": "Rajlaxmi Solutions Private Limited - (From 1-Apr-2016)"
    },
    "company": "Rajlaxmi Solutions Private Limited - (From 1-Apr-2016)"
  },
  {
    "id": 1777720778811.8245,
    "ts": "2026-05-02T11:19:38.811Z",
    "level": "info",
    "message": "Fetching stock items from Tally",
    "meta": {
      "company": "Rajlaxmi Solutions Private Limited - (From 1-Apr-2016)"
    },
    "company": "Rajlaxmi Solutions Private Limited - (From 1-Apr-2016)"
  },
  {
    "id": 1777720778783.8574,
    "ts": "2026-05-02T11:19:38.783Z",
    "level": "success",
    "message": "Fetched 16760 ledgers",
    "meta": {
      "company": "Rajlaxmi Solutions Private Limited - (From 1-Apr-2016)"
    },
    "company": "Rajlaxmi Solutions Private Limited - (From 1-Apr-2016)"
  },
  {
    "id": 1777720773047.4504,
    "ts": "2026-05-02T11:19:33.047Z",
    "level": "info",
    "message": "Fetching ledgers from Tally",
    "meta": {
      "company": "Rajlaxmi Solutions Private Limited - (From 1-Apr-2016)"
    },
    "company": "Rajlaxmi Solutions Private Limited - (From 1-Apr-2016)"
  },
  {
    "id": 1777720773035.3792,
    "ts": "2026-05-02T11:19:33.035Z",
    "level": "success",
    "message": "Fetched 2 godowns",
    "meta": {
      "company": "Rajlaxmi Solutions Private Limited - (From 1-Apr-2016)"
    },
    "company": "Rajlaxmi Solutions Private Limited - (From 1-Apr-2016)"
  },
  {
    "id": 1777720773015.5176,
    "ts": "2026-05-02T11:19:33.015Z",
    "level": "info",
    "message": "Fetching godowns from Tally",
    "meta": {
      "company": "Rajlaxmi Solutions Private Limited - (From 1-Apr-2016)"
    },
    "company": "Rajlaxmi Solutions Private Limited - (From 1-Apr-2016)"
  },
  {
    "id": 1777720773002.3564,
    "ts": "2026-05-02T11:19:33.002Z",
    "level": "success",
    "message": "Fetched 45 cost centres",
    "meta": {
      "company": "Rajlaxmi Solutions Private Limited - (From 1-Apr-2016)"
    },
    "company": "Rajlaxmi Solutions Private Limited - (From 1-Apr-2016)"
  },
  {
    "id": 1777720772965.1956,
    "ts": "2026-05-02T11:19:32.965Z",
    "level": "info",
    "message": "Fetching cost centres from Tally",
    "meta": {
      "company": "Rajlaxmi Solutions Private Limited - (From 1-Apr-2016)"
    },
    "company": "Rajlaxmi Solutions Private Limited - (From 1-Apr-2016)"
  },
  {
    "id": 1777720772953.281,
    "ts": "2026-05-02T11:19:32.953Z",
    "level": "success",
    "message": "Fetched 243 groups",
    "meta": {
      "company": "Rajlaxmi Solutions Private Limited - (From 1-Apr-2016)"
    },
    "company": "Rajlaxmi Solutions Private Limited - (From 1-Apr-2016)"
  },
  {
    "id": 1777720772830.1094,
    "ts": "2026-05-02T11:19:32.830Z",
    "level": "info",
    "message": "Fetching groups from Tally",
    "meta": {
      "company": "Rajlaxmi Solutions Private Limited - (From 1-Apr-2016)"
    },
    "company": "Rajlaxmi Solutions Private Limited - (From 1-Apr-2016)"
  },
  {
    "id": 1777720666845.952,
    "ts": "2026-05-02T11:17:46.845Z",
    "level": "success",
    "message": "Fetched 104 vouchers (filtered: 2025-05-02 → 2026-05-02) from 104 total",
    "meta": {
      "company": "Rajlaxmi Solutions Private Limited - (From 1-Apr-2016)"
    },
    "company": "Rajlaxmi Solutions Private Limited - (From 1-Apr-2016)"
  },
  {
    "id": 1777720666838.38,
    "ts": "2026-05-02T11:17:46.838Z",
    "level": "info",
    "message": "Vouchers parsed successfully: 104",
    "meta": {
      "company": "Rajlaxmi Solutions Private Limited - (From 1-Apr-2016)"
    },
    "company": "Rajlaxmi Solutions Private Limited - (From 1-Apr-2016)"
  },
  {
    "id": 1777720666827.7104,
    "ts": "2026-05-02T11:17:46.827Z",
    "level": "info",
    "message": "Raw vouchers received from Tally: 104",
    "meta": {
      "company": "Rajlaxmi Solutions Private Limited - (From 1-Apr-2016)"
    },
    "company": "Rajlaxmi Solutions Private Limited - (From 1-Apr-2016)"
  },
  {
    "id": 1777720666581.2341,
    "ts": "2026-05-02T11:17:46.581Z",
    "level": "info",
    "message": "Fetching ALL vouchers from Tally",
    "meta": {
      "company": "Rajlaxmi Solutions Private Limited - (From 1-Apr-2016)",
      "fromDate": "2025-05-02",
      "toDate": "2026-05-02"
    },
    "company": "Rajlaxmi Solutions Private Limited - (From 1-Apr-2016)"
  },
  {
    "id": 1777720666575.5193,
    "ts": "2026-05-02T11:17:46.575Z",
    "level": "info",
    "message": "Voucher check: fetching ALL vouchers",
    "meta": {
      "company": "Rajlaxmi Solutions Private Limited - (From 1-Apr-2016)"
    },
    "company": "Rajlaxmi Solutions Private Limited - (From 1-Apr-2016)"
  },
  {
    "id": 1777720666569.9556,
    "ts": "2026-05-02T11:17:46.569Z",
    "level": "success",
    "message": "Fetched 2 godowns",
    "meta": {
      "company": "Rajlaxmi Solutions Private Limited - (From 1-Apr-2016)"
    },
    "company": "Rajlaxmi Solutions Private Limited - (From 1-Apr-2016)"
  },
  {
    "id": 1777720666553.8647,
    "ts": "2026-05-02T11:17:46.553Z",
    "level": "info",
    "message": "Fetching godowns from Tally",
    "meta": {
      "company": "Rajlaxmi Solutions Private Limited - (From 1-Apr-2016)"
    },
    "company": "Rajlaxmi Solutions Private Limited - (From 1-Apr-2016)"
  },
  {
    "id": 1777720666546.373,
    "ts": "2026-05-02T11:17:46.546Z",
    "level": "success",
    "message": "Fetched 5 units",
    "meta": {
      "company": "Rajlaxmi Solutions Private Limited - (From 1-Apr-2016)"
    },
    "company": "Rajlaxmi Solutions Private Limited - (From 1-Apr-2016)"
  },
  {
    "id": 1777720666532.6157,
    "ts": "2026-05-02T11:17:46.532Z",
    "level": "info",
    "message": "Fetching units from Tally",
    "meta": {
      "company": "Rajlaxmi Solutions Private Limited - (From 1-Apr-2016)"
    },
    "company": "Rajlaxmi Solutions Private Limited - (From 1-Apr-2016)"
  },
  {
    "id": 1777720666526.1895,
    "ts": "2026-05-02T11:17:46.526Z",
    "level": "success",
    "message": "Fetched 11 stock categories",
    "meta": {
      "company": "Rajlaxmi Solutions Private Limited - (From 1-Apr-2016)"
    },
    "company": "Rajlaxmi Solutions Private Limited - (From 1-Apr-2016)"
  },
  {
    "id": 1777720666509.4026,
    "ts": "2026-05-02T11:17:46.509Z",
    "level": "info",
    "message": "Fetching stock categories from Tally",
    "meta": {
      "company": "Rajlaxmi Solutions Private Limited - (From 1-Apr-2016)"
    },
    "company": "Rajlaxmi Solutions Private Limited - (From 1-Apr-2016)"
  },
  {
    "id": 1777720666503.1536,
    "ts": "2026-05-02T11:17:46.503Z",
    "level": "success",
    "message": "Fetched 115 stock items (74 with HSN/SAC, 0 with GST rate)",
    "meta": {
      "company": "Rajlaxmi Solutions Private Limited - (From 1-Apr-2016)"
    },
    "company": "Rajlaxmi Solutions Private Limited - (From 1-Apr-2016)"
  },
  {
    "id": 1777720663238.844,
    "ts": "2026-05-02T11:17:43.238Z",
    "level": "info",
    "message": "Fetching stock items from Tally",
    "meta": {
      "company": "Rajlaxmi Solutions Private Limited - (From 1-Apr-2016)"
    },
    "company": "Rajlaxmi Solutions Private Limited - (From 1-Apr-2016)"
  },
  {
    "id": 1777720663233.8254,
    "ts": "2026-05-02T11:17:43.233Z",
    "level": "success",
    "message": "Fetched 6 stock groups",
    "meta": {
      "company": "Rajlaxmi Solutions Private Limited - (From 1-Apr-2016)"
    },
    "company": "Rajlaxmi Solutions Private Limited - (From 1-Apr-2016)"
  },
  {
    "id": 1777720663215.0625,
    "ts": "2026-05-02T11:17:43.215Z",
    "level": "info",
    "message": "Fetching stock groups from Tally",
    "meta": {
      "company": "Rajlaxmi Solutions Private Limited - (From 1-Apr-2016)"
    },
    "company": "Rajlaxmi Solutions Private Limited - (From 1-Apr-2016)"
  },
  {
    "id": 1777720663208.7625,
    "ts": "2026-05-02T11:17:43.208Z",
    "level": "success",
    "message": "Fetched 0 budgets",
    "meta": {
      "company": "Rajlaxmi Solutions Private Limited - (From 1-Apr-2016)"
    },
    "company": "Rajlaxmi Solutions Private Limited - (From 1-Apr-2016)"
  },
  {
    "id": 1777720663196.5452,
    "ts": "2026-05-02T11:17:43.196Z",
    "level": "info",
    "message": "Fetching budgets from Tally",
    "meta": {
      "company": "Rajlaxmi Solutions Private Limited - (From 1-Apr-2016)"
    },
    "company": "Rajlaxmi Solutions Private Limited - (From 1-Apr-2016)"
  },
  {
    "id": 1777720663191.6636,
    "ts": "2026-05-02T11:17:43.191Z",
    "level": "success",
    "message": "Fetched 2 currencies",
    "meta": {
      "company": "Rajlaxmi Solutions Private Limited - (From 1-Apr-2016)"
    },
    "company": "Rajlaxmi Solutions Private Limited - (From 1-Apr-2016)"
  },
  {
    "id": 1777720663176.3794,
    "ts": "2026-05-02T11:17:43.176Z",
    "level": "info",
    "message": "Fetching currencies from Tally",
    "meta": {
      "company": "Rajlaxmi Solutions Private Limited - (From 1-Apr-2016)"
    },
    "company": "Rajlaxmi Solutions Private Limited - (From 1-Apr-2016)"
  },
  {
    "id": 1777720663170.9233,
    "ts": "2026-05-02T11:17:43.170Z",
    "level": "success",
    "message": "Fetched 45 cost centres",
    "meta": {
      "company": "Rajlaxmi Solutions Private Limited - (From 1-Apr-2016)"
    },
    "company": "Rajlaxmi Solutions Private Limited - (From 1-Apr-2016)"
  },
  {
    "id": 1777720663147.9758,
    "ts": "2026-05-02T11:17:43.147Z",
    "level": "info",
    "message": "Fetching cost centres from Tally",
    "meta": {
      "company": "Rajlaxmi Solutions Private Limited - (From 1-Apr-2016)"
    },
    "company": "Rajlaxmi Solutions Private Limited - (From 1-Apr-2016)"
  },
  {
    "id": 1777720663142.7803,
    "ts": "2026-05-02T11:17:43.142Z",
    "level": "success",
    "message": "Fetched 1 cost categories",
    "meta": {
      "company": "Rajlaxmi Solutions Private Limited - (From 1-Apr-2016)"
    },
    "company": "Rajlaxmi Solutions Private Limited - (From 1-Apr-2016)"
  },
  {
    "id": 1777720663128.6248,
    "ts": "2026-05-02T11:17:43.128Z",
    "level": "info",
    "message": "Fetching cost categories from Tally",
    "meta": {
      "company": "Rajlaxmi Solutions Private Limited - (From 1-Apr-2016)"
    },
    "company": "Rajlaxmi Solutions Private Limited - (From 1-Apr-2016)"
  },
  {
    "id": 1777720663123.42,
    "ts": "2026-05-02T11:17:43.123Z",
    "level": "success",
    "message": "Fetched 39 voucher types",
    "meta": {
      "company": "Rajlaxmi Solutions Private Limited - (From 1-Apr-2016)"
    },
    "company": "Rajlaxmi Solutions Private Limited - (From 1-Apr-2016)"
  },
  {
    "id": 1777720663098.4307,
    "ts": "2026-05-02T11:17:43.098Z",
    "level": "info",
    "message": "Fetching voucher types from Tally",
    "meta": {
      "company": "Rajlaxmi Solutions Private Limited - (From 1-Apr-2016)"
    },
    "company": "Rajlaxmi Solutions Private Limited - (From 1-Apr-2016)"
  },
  {
    "id": 1777720663087.2686,
    "ts": "2026-05-02T11:17:43.087Z",
    "level": "success",
    "message": "Fetched 16760 ledgers",
    "meta": {
      "company": "Rajlaxmi Solutions Private Limited - (From 1-Apr-2016)"
    },
    "company": "Rajlaxmi Solutions Private Limited - (From 1-Apr-2016)"
  },
  {
    "id": 1777720653558.8967,
    "ts": "2026-05-02T11:17:33.558Z",
    "level": "info",
    "message": "Fetching ledgers from Tally",
    "meta": {
      "company": "Rajlaxmi Solutions Private Limited - (From 1-Apr-2016)"
    },
    "company": "Rajlaxmi Solutions Private Limited - (From 1-Apr-2016)"
  },
  {
    "id": 1777720653549.701,
    "ts": "2026-05-02T11:17:33.549Z",
    "level": "success",
    "message": "Fetched 243 groups",
    "meta": {
      "company": "Rajlaxmi Solutions Private Limited - (From 1-Apr-2016)"
    },
    "company": "Rajlaxmi Solutions Private Limited - (From 1-Apr-2016)"
  },
  {
    "id": 1777720653437.6296,
    "ts": "2026-05-02T11:17:33.437Z",
    "level": "info",
    "message": "Fetching groups from Tally",
    "meta": {
      "company": "Rajlaxmi Solutions Private Limited - (From 1-Apr-2016)"
    },
    "company": "Rajlaxmi Solutions Private Limited - (From 1-Apr-2016)"
  },
  {
    "id": 1777720612375.3345,
    "ts": "2026-05-02T11:16:52.375Z",
    "level": "success",
    "message": "Fetched 5916 vouchers (filtered: 2025-05-02 → 2026-05-02) from 10672 total",
    "meta": {
      "company": "Rajlaxmi Solutions Private Limited - (From 1-Apr-2016)"
    },
    "company": "Rajlaxmi Solutions Private Limited - (From 1-Apr-2016)"
  },
  {
    "id": 1777720612362.5195,
    "ts": "2026-05-02T11:16:52.363Z",
    "level": "info",
    "message": "Vouchers parsed successfully: 10672",
    "meta": {
      "company": "Rajlaxmi Solutions Private Limited - (From 1-Apr-2016)"
    },
    "company": "Rajlaxmi Solutions Private Limited - (From 1-Apr-2016)"
  },
  {
    "id": 1777720612163.0754,
    "ts": "2026-05-02T11:16:52.163Z",
    "level": "info",
    "message": "Raw vouchers received from Tally: 10672",
    "meta": {
      "company": "Rajlaxmi Solutions Private Limited - (From 1-Apr-2016)"
    },
    "company": "Rajlaxmi Solutions Private Limited - (From 1-Apr-2016)"
  },
  {
    "id": 1777720590661.4338,
    "ts": "2026-05-02T11:16:30.661Z",
    "level": "info",
    "message": "Fetching ALL vouchers from Tally",
    "meta": {
      "company": "Rajlaxmi Solutions Private Limited - (From 1-Apr-2016)",
      "fromDate": "2025-05-02",
      "toDate": "2026-05-02"
    },
    "company": "Rajlaxmi Solutions Private Limited - (From 1-Apr-2016)"
  },
  {
    "id": 1777720590656.3503,
    "ts": "2026-05-02T11:16:30.656Z",
    "level": "info",
    "message": "Voucher check: fetching ALL vouchers",
    "meta": {
      "company": "Rajlaxmi Solutions Private Limited - (From 1-Apr-2016)"
    },
    "company": "Rajlaxmi Solutions Private Limited - (From 1-Apr-2016)"
  },
  {
    "id": 1777720590650.6719,
    "ts": "2026-05-02T11:16:30.650Z",
    "level": "success",
    "message": "Fetched 2 godowns",
    "meta": {
      "company": "Rajlaxmi Solutions Private Limited - (From 1-Apr-2016)"
    },
    "company": "Rajlaxmi Solutions Private Limited - (From 1-Apr-2016)"
  },
  {
    "id": 1777720590635.3118,
    "ts": "2026-05-02T11:16:30.635Z",
    "level": "info",
    "message": "Fetching godowns from Tally",
    "meta": {
      "company": "Rajlaxmi Solutions Private Limited - (From 1-Apr-2016)"
    },
    "company": "Rajlaxmi Solutions Private Limited - (From 1-Apr-2016)"
  },
  {
    "id": 1777720590629.881,
    "ts": "2026-05-02T11:16:30.629Z",
    "level": "success",
    "message": "Fetched 5 units",
    "meta": {
      "company": "Rajlaxmi Solutions Private Limited - (From 1-Apr-2016)"
    },
    "company": "Rajlaxmi Solutions Private Limited - (From 1-Apr-2016)"
  },
  {
    "id": 1777720590615.9802,
    "ts": "2026-05-02T11:16:30.615Z",
    "level": "info",
    "message": "Fetching units from Tally",
    "meta": {
      "company": "Rajlaxmi Solutions Private Limited - (From 1-Apr-2016)"
    },
    "company": "Rajlaxmi Solutions Private Limited - (From 1-Apr-2016)"
  },
  {
    "id": 1777720590609.861,
    "ts": "2026-05-02T11:16:30.609Z",
    "level": "success",
    "message": "Fetched 11 stock categories",
    "meta": {
      "company": "Rajlaxmi Solutions Private Limited - (From 1-Apr-2016)"
    },
    "company": "Rajlaxmi Solutions Private Limited - (From 1-Apr-2016)"
  },
  {
    "id": 1777720590592.8406,
    "ts": "2026-05-02T11:16:30.592Z",
    "level": "info",
    "message": "Fetching stock categories from Tally",
    "meta": {
      "company": "Rajlaxmi Solutions Private Limited - (From 1-Apr-2016)"
    },
    "company": "Rajlaxmi Solutions Private Limited - (From 1-Apr-2016)"
  },
  {
    "id": 1777720590586.0798,
    "ts": "2026-05-02T11:16:30.586Z",
    "level": "success",
    "message": "Fetched 115 stock items (74 with HSN/SAC, 0 with GST rate)",
    "meta": {
      "company": "Rajlaxmi Solutions Private Limited - (From 1-Apr-2016)"
    },
    "company": "Rajlaxmi Solutions Private Limited - (From 1-Apr-2016)"
  },
  {
    "id": 1777720590526.6177,
    "ts": "2026-05-02T11:16:30.526Z",
    "level": "info",
    "message": "Fetching stock items from Tally",
    "meta": {
      "company": "Rajlaxmi Solutions Private Limited - (From 1-Apr-2016)"
    },
    "company": "Rajlaxmi Solutions Private Limited - (From 1-Apr-2016)"
  },
  {
    "id": 1777720590521.7676,
    "ts": "2026-05-02T11:16:30.521Z",
    "level": "success",
    "message": "Fetched 6 stock groups",
    "meta": {
      "company": "Rajlaxmi Solutions Private Limited - (From 1-Apr-2016)"
    },
    "company": "Rajlaxmi Solutions Private Limited - (From 1-Apr-2016)"
  },
  {
    "id": 1777720590500.6875,
    "ts": "2026-05-02T11:16:30.500Z",
    "level": "info",
    "message": "Fetching stock groups from Tally",
    "meta": {
      "company": "Rajlaxmi Solutions Private Limited - (From 1-Apr-2016)"
    },
    "company": "Rajlaxmi Solutions Private Limited - (From 1-Apr-2016)"
  },
  {
    "id": 1777720590495.5537,
    "ts": "2026-05-02T11:16:30.495Z",
    "level": "success",
    "message": "Fetched 0 budgets",
    "meta": {
      "company": "Rajlaxmi Solutions Private Limited - (From 1-Apr-2016)"
    },
    "company": "Rajlaxmi Solutions Private Limited - (From 1-Apr-2016)"
  },
  {
    "id": 1777720590482.8765,
    "ts": "2026-05-02T11:16:30.482Z",
    "level": "info",
    "message": "Fetching budgets from Tally",
    "meta": {
      "company": "Rajlaxmi Solutions Private Limited - (From 1-Apr-2016)"
    },
    "company": "Rajlaxmi Solutions Private Limited - (From 1-Apr-2016)"
  },
  {
    "id": 1777720590477.428,
    "ts": "2026-05-02T11:16:30.477Z",
    "level": "success",
    "message": "Fetched 2 currencies",
    "meta": {
      "company": "Rajlaxmi Solutions Private Limited - (From 1-Apr-2016)"
    },
    "company": "Rajlaxmi Solutions Private Limited - (From 1-Apr-2016)"
  },
  {
    "id": 1777720590458.8533,
    "ts": "2026-05-02T11:16:30.458Z",
    "level": "info",
    "message": "Fetching currencies from Tally",
    "meta": {
      "company": "Rajlaxmi Solutions Private Limited - (From 1-Apr-2016)"
    },
    "company": "Rajlaxmi Solutions Private Limited - (From 1-Apr-2016)"
  },
  {
    "id": 1777720590452.9585,
    "ts": "2026-05-02T11:16:30.452Z",
    "level": "success",
    "message": "Fetched 45 cost centres",
    "meta": {
      "company": "Rajlaxmi Solutions Private Limited - (From 1-Apr-2016)"
    },
    "company": "Rajlaxmi Solutions Private Limited - (From 1-Apr-2016)"
  },
  {
    "id": 1777720590418.2234,
    "ts": "2026-05-02T11:16:30.418Z",
    "level": "info",
    "message": "Fetching cost centres from Tally",
    "meta": {
      "company": "Rajlaxmi Solutions Private Limited - (From 1-Apr-2016)"
    },
    "company": "Rajlaxmi Solutions Private Limited - (From 1-Apr-2016)"
  },
  {
    "id": 1777720590411.9932,
    "ts": "2026-05-02T11:16:30.411Z",
    "level": "success",
    "message": "Fetched 1 cost categories",
    "meta": {
      "company": "Rajlaxmi Solutions Private Limited - (From 1-Apr-2016)"
    },
    "company": "Rajlaxmi Solutions Private Limited - (From 1-Apr-2016)"
  },
  {
    "id": 1777720590390.119,
    "ts": "2026-05-02T11:16:30.390Z",
    "level": "info",
    "message": "Fetching cost categories from Tally",
    "meta": {
      "company": "Rajlaxmi Solutions Private Limited - (From 1-Apr-2016)"
    },
    "company": "Rajlaxmi Solutions Private Limited - (From 1-Apr-2016)"
  },
  {
    "id": 1777720590384.2803,
    "ts": "2026-05-02T11:16:30.384Z",
    "level": "success",
    "message": "Fetched 39 voucher types",
    "meta": {
      "company": "Rajlaxmi Solutions Private Limited - (From 1-Apr-2016)"
    },
    "company": "Rajlaxmi Solutions Private Limited - (From 1-Apr-2016)"
  },
  {
    "id": 1777720590361.5354,
    "ts": "2026-05-02T11:16:30.361Z",
    "level": "info",
    "message": "Fetching voucher types from Tally",
    "meta": {
      "company": "Rajlaxmi Solutions Private Limited - (From 1-Apr-2016)"
    },
    "company": "Rajlaxmi Solutions Private Limited - (From 1-Apr-2016)"
  },
  {
    "id": 1777720590349.5015,
    "ts": "2026-05-02T11:16:30.349Z",
    "level": "success",
    "message": "Fetched 16760 ledgers",
    "meta": {
      "company": "Rajlaxmi Solutions Private Limited - (From 1-Apr-2016)"
    },
    "company": "Rajlaxmi Solutions Private Limited - (From 1-Apr-2016)"
  },
  {
    "id": 1777720583089.659,
    "ts": "2026-05-02T11:16:23.089Z",
    "level": "info",
    "message": "Fetching ledgers from Tally",
    "meta": {
      "company": "Rajlaxmi Solutions Private Limited - (From 1-Apr-2016)"
    },
    "company": "Rajlaxmi Solutions Private Limited - (From 1-Apr-2016)"
  },
  {
    "id": 1777720583083.57,
    "ts": "2026-05-02T11:16:23.083Z",
    "level": "success",
    "message": "Fetched 243 groups",
    "meta": {
      "company": "Rajlaxmi Solutions Private Limited - (From 1-Apr-2016)"
    },
    "company": "Rajlaxmi Solutions Private Limited - (From 1-Apr-2016)"
  },
  {
    "id": 1777720582973.5498,
    "ts": "2026-05-02T11:16:22.973Z",
    "level": "info",
    "message": "Fetching groups from Tally",
    "meta": {
      "company": "Rajlaxmi Solutions Private Limited - (From 1-Apr-2016)"
    },
    "company": "Rajlaxmi Solutions Private Limited - (From 1-Apr-2016)"
  },
  {
    "id": 1777720560978.357,
    "ts": "2026-05-02T11:16:00.978Z",
    "level": "success",
    "message": "Fetched 5916 vouchers (filtered: 2025-05-02 → 2026-05-02) from 10672 total",
    "meta": {
      "company": "Rajlaxmi Solutions Private Limited - (From 1-Apr-2016)"
    },
    "company": "Rajlaxmi Solutions Private Limited - (From 1-Apr-2016)"
  },
  {
    "id": 1777720560966.7063,
    "ts": "2026-05-02T11:16:00.966Z",
    "level": "info",
    "message": "Vouchers parsed successfully: 10672",
    "meta": {
      "company": "Rajlaxmi Solutions Private Limited - (From 1-Apr-2016)"
    },
    "company": "Rajlaxmi Solutions Private Limited - (From 1-Apr-2016)"
  },
  {
    "id": 1777720560779.719,
    "ts": "2026-05-02T11:16:00.779Z",
    "level": "info",
    "message": "Raw vouchers received from Tally: 10672",
    "meta": {
      "company": "Rajlaxmi Solutions Private Limited - (From 1-Apr-2016)"
    },
    "company": "Rajlaxmi Solutions Private Limited - (From 1-Apr-2016)"
  },
  {
    "id": 1777720543455.1528,
    "ts": "2026-05-02T11:15:43.455Z",
    "level": "info",
    "message": "Fetching ALL vouchers from Tally",
    "meta": {
      "company": "Rajlaxmi Solutions Private Limited - (From 1-Apr-2016)",
      "fromDate": "2025-05-02",
      "toDate": "2026-05-02"
    },
    "company": "Rajlaxmi Solutions Private Limited - (From 1-Apr-2016)"
  },
  {
    "id": 1777720543449.7786,
    "ts": "2026-05-02T11:15:43.449Z",
    "level": "info",
    "message": "Voucher check: fetching ALL vouchers",
    "meta": {
      "company": "Rajlaxmi Solutions Private Limited - (From 1-Apr-2016)"
    },
    "company": "Rajlaxmi Solutions Private Limited - (From 1-Apr-2016)"
  },
  {
    "id": 1777720543443.558,
    "ts": "2026-05-02T11:15:43.443Z",
    "level": "success",
    "message": "Fetched 2 godowns",
    "meta": {
      "company": "Rajlaxmi Solutions Private Limited - (From 1-Apr-2016)"
    },
    "company": "Rajlaxmi Solutions Private Limited - (From 1-Apr-2016)"
  },
  {
    "id": 1777720543428.8826,
    "ts": "2026-05-02T11:15:43.428Z",
    "level": "info",
    "message": "Fetching godowns from Tally",
    "meta": {
      "company": "Rajlaxmi Solutions Private Limited - (From 1-Apr-2016)"
    },
    "company": "Rajlaxmi Solutions Private Limited - (From 1-Apr-2016)"
  },
  {
    "id": 1777720543422.7268,
    "ts": "2026-05-02T11:15:43.422Z",
    "level": "success",
    "message": "Fetched 5 units",
    "meta": {
      "company": "Rajlaxmi Solutions Private Limited - (From 1-Apr-2016)"
    },
    "company": "Rajlaxmi Solutions Private Limited - (From 1-Apr-2016)"
  },
  {
    "id": 1777720543409.029,
    "ts": "2026-05-02T11:15:43.409Z",
    "level": "info",
    "message": "Fetching units from Tally",
    "meta": {
      "company": "Rajlaxmi Solutions Private Limited - (From 1-Apr-2016)"
    },
    "company": "Rajlaxmi Solutions Private Limited - (From 1-Apr-2016)"
  },
  {
    "id": 1777720543404.667,
    "ts": "2026-05-02T11:15:43.404Z",
    "level": "success",
    "message": "Fetched 11 stock categories",
    "meta": {
      "company": "Rajlaxmi Solutions Private Limited - (From 1-Apr-2016)"
    },
    "company": "Rajlaxmi Solutions Private Limited - (From 1-Apr-2016)"
  },
  {
    "id": 1777720543389.1265,
    "ts": "2026-05-02T11:15:43.389Z",
    "level": "info",
    "message": "Fetching stock categories from Tally",
    "meta": {
      "company": "Rajlaxmi Solutions Private Limited - (From 1-Apr-2016)"
    },
    "company": "Rajlaxmi Solutions Private Limited - (From 1-Apr-2016)"
  },
  {
    "id": 1777720543383.1592,
    "ts": "2026-05-02T11:15:43.383Z",
    "level": "success",
    "message": "Fetched 115 stock items (74 with HSN/SAC, 0 with GST rate)",
    "meta": {
      "company": "Rajlaxmi Solutions Private Limited - (From 1-Apr-2016)"
    },
    "company": "Rajlaxmi Solutions Private Limited - (From 1-Apr-2016)"
  },
  {
    "id": 1777720543322.493,
    "ts": "2026-05-02T11:15:43.322Z",
    "level": "info",
    "message": "Fetching stock items from Tally",
    "meta": {
      "company": "Rajlaxmi Solutions Private Limited - (From 1-Apr-2016)"
    },
    "company": "Rajlaxmi Solutions Private Limited - (From 1-Apr-2016)"
  },
  {
    "id": 1777720543316.6733,
    "ts": "2026-05-02T11:15:43.316Z",
    "level": "success",
    "message": "Fetched 6 stock groups",
    "meta": {
      "company": "Rajlaxmi Solutions Private Limited - (From 1-Apr-2016)"
    },
    "company": "Rajlaxmi Solutions Private Limited - (From 1-Apr-2016)"
  },
  {
    "id": 1777720543298.0776,
    "ts": "2026-05-02T11:15:43.298Z",
    "level": "info",
    "message": "Fetching stock groups from Tally",
    "meta": {
      "company": "Rajlaxmi Solutions Private Limited - (From 1-Apr-2016)"
    },
    "company": "Rajlaxmi Solutions Private Limited - (From 1-Apr-2016)"
  },
  {
    "id": 1777720543293.4646,
    "ts": "2026-05-02T11:15:43.293Z",
    "level": "success",
    "message": "Fetched 0 budgets",
    "meta": {
      "company": "Rajlaxmi Solutions Private Limited - (From 1-Apr-2016)"
    },
    "company": "Rajlaxmi Solutions Private Limited - (From 1-Apr-2016)"
  },
  {
    "id": 1777720543280.17,
    "ts": "2026-05-02T11:15:43.280Z",
    "level": "info",
    "message": "Fetching budgets from Tally",
    "meta": {
      "company": "Rajlaxmi Solutions Private Limited - (From 1-Apr-2016)"
    },
    "company": "Rajlaxmi Solutions Private Limited - (From 1-Apr-2016)"
  },
  {
    "id": 1777720543274.0874,
    "ts": "2026-05-02T11:15:43.274Z",
    "level": "success",
    "message": "Fetched 2 currencies",
    "meta": {
      "company": "Rajlaxmi Solutions Private Limited - (From 1-Apr-2016)"
    },
    "company": "Rajlaxmi Solutions Private Limited - (From 1-Apr-2016)"
  },
  {
    "id": 1777720543260.909,
    "ts": "2026-05-02T11:15:43.260Z",
    "level": "info",
    "message": "Fetching currencies from Tally",
    "meta": {
      "company": "Rajlaxmi Solutions Private Limited - (From 1-Apr-2016)"
    },
    "company": "Rajlaxmi Solutions Private Limited - (From 1-Apr-2016)"
  },
  {
    "id": 1777720543254.3062,
    "ts": "2026-05-02T11:15:43.254Z",
    "level": "success",
    "message": "Fetched 45 cost centres",
    "meta": {
      "company": "Rajlaxmi Solutions Private Limited - (From 1-Apr-2016)"
    },
    "company": "Rajlaxmi Solutions Private Limited - (From 1-Apr-2016)"
  },
  {
    "id": 1777720543232.7632,
    "ts": "2026-05-02T11:15:43.232Z",
    "level": "info",
    "message": "Fetching cost centres from Tally",
    "meta": {
      "company": "Rajlaxmi Solutions Private Limited - (From 1-Apr-2016)"
    },
    "company": "Rajlaxmi Solutions Private Limited - (From 1-Apr-2016)"
  },
  {
    "id": 1777720543226.8154,
    "ts": "2026-05-02T11:15:43.226Z",
    "level": "success",
    "message": "Fetched 1 cost categories",
    "meta": {
      "company": "Rajlaxmi Solutions Private Limited - (From 1-Apr-2016)"
    },
    "company": "Rajlaxmi Solutions Private Limited - (From 1-Apr-2016)"
  },
  {
    "id": 1777720543215.4722,
    "ts": "2026-05-02T11:15:43.215Z",
    "level": "info",
    "message": "Fetching cost categories from Tally",
    "meta": {
      "company": "Rajlaxmi Solutions Private Limited - (From 1-Apr-2016)"
    },
    "company": "Rajlaxmi Solutions Private Limited - (From 1-Apr-2016)"
  },
  {
    "id": 1777720543210.0178,
    "ts": "2026-05-02T11:15:43.210Z",
    "level": "success",
    "message": "Fetched 39 voucher types",
    "meta": {
      "company": "Rajlaxmi Solutions Private Limited - (From 1-Apr-2016)"
    },
    "company": "Rajlaxmi Solutions Private Limited - (From 1-Apr-2016)"
  },
  {
    "id": 1777720543185.8184,
    "ts": "2026-05-02T11:15:43.185Z",
    "level": "info",
    "message": "Fetching voucher types from Tally",
    "meta": {
      "company": "Rajlaxmi Solutions Private Limited - (From 1-Apr-2016)"
    },
    "company": "Rajlaxmi Solutions Private Limited - (From 1-Apr-2016)"
  },
  {
    "id": 1777720543171.786,
    "ts": "2026-05-02T11:15:43.171Z",
    "level": "success",
    "message": "Fetched 16760 ledgers",
    "meta": {
      "company": "Rajlaxmi Solutions Private Limited - (From 1-Apr-2016)"
    },
    "company": "Rajlaxmi Solutions Private Limited - (From 1-Apr-2016)"
  },
  {
    "id": 1777720536965.2168,
    "ts": "2026-05-02T11:15:36.965Z",
    "level": "info",
    "message": "Fetching ledgers from Tally",
    "meta": {
      "company": "Rajlaxmi Solutions Private Limited - (From 1-Apr-2016)"
    },
    "company": "Rajlaxmi Solutions Private Limited - (From 1-Apr-2016)"
  },
  {
    "id": 1777720536959.2444,
    "ts": "2026-05-02T11:15:36.959Z",
    "level": "success",
    "message": "Fetched 243 groups",
    "meta": {
      "company": "Rajlaxmi Solutions Private Limited - (From 1-Apr-2016)"
    },
    "company": "Rajlaxmi Solutions Private Limited - (From 1-Apr-2016)"
  },
  {
    "id": 1777720536891.1006,
    "ts": "2026-05-02T11:15:36.891Z",
    "level": "info",
    "message": "Fetching groups from Tally",
    "meta": {
      "company": "Rajlaxmi Solutions Private Limited - (From 1-Apr-2016)"
    },
    "company": "Rajlaxmi Solutions Private Limited - (From 1-Apr-2016)"
  },
  {
    "id": 1777720517166.4473,
    "ts": "2026-05-02T11:15:17.166Z",
    "level": "success",
    "message": "Fetched 5916 vouchers (filtered: 2025-05-02 → 2026-05-02) from 10672 total",
    "meta": {
      "company": "Rajlaxmi Solutions Private Limited - (From 1-Apr-2016)"
    },
    "company": "Rajlaxmi Solutions Private Limited - (From 1-Apr-2016)"
  },
  {
    "id": 1777720517150.1067,
    "ts": "2026-05-02T11:15:17.150Z",
    "level": "info",
    "message": "Vouchers parsed successfully: 10672",
    "meta": {
      "company": "Rajlaxmi Solutions Private Limited - (From 1-Apr-2016)"
    },
    "company": "Rajlaxmi Solutions Private Limited - (From 1-Apr-2016)"
  },
  {
    "id": 1777720516923.202,
    "ts": "2026-05-02T11:15:16.923Z",
    "level": "info",
    "message": "Raw vouchers received from Tally: 10672",
    "meta": {
      "company": "Rajlaxmi Solutions Private Limited - (From 1-Apr-2016)"
    },
    "company": "Rajlaxmi Solutions Private Limited - (From 1-Apr-2016)"
  },
  {
    "id": 1777720490691.988,
    "ts": "2026-05-02T11:14:50.691Z",
    "level": "info",
    "message": "Fetching ALL vouchers from Tally",
    "meta": {
      "company": "Rajlaxmi Solutions Private Limited - (From 1-Apr-2016)",
      "fromDate": "2025-05-02",
      "toDate": "2026-05-02"
    },
    "company": "Rajlaxmi Solutions Private Limited - (From 1-Apr-2016)"
  },
  {
    "id": 1777720490685.9058,
    "ts": "2026-05-02T11:14:50.685Z",
    "level": "info",
    "message": "Voucher check: fetching ALL vouchers",
    "meta": {
      "company": "Rajlaxmi Solutions Private Limited - (From 1-Apr-2016)"
    },
    "company": "Rajlaxmi Solutions Private Limited - (From 1-Apr-2016)"
  },
  {
    "id": 1777720490680.5442,
    "ts": "2026-05-02T11:14:50.680Z",
    "level": "success",
    "message": "Fetched 2 godowns",
    "meta": {
      "company": "Rajlaxmi Solutions Private Limited - (From 1-Apr-2016)"
    },
    "company": "Rajlaxmi Solutions Private Limited - (From 1-Apr-2016)"
  },
  {
    "id": 1777720490664.6726,
    "ts": "2026-05-02T11:14:50.664Z",
    "level": "info",
    "message": "Fetching godowns from Tally",
    "meta": {
      "company": "Rajlaxmi Solutions Private Limited - (From 1-Apr-2016)"
    },
    "company": "Rajlaxmi Solutions Private Limited - (From 1-Apr-2016)"
  },
  {
    "id": 1777720490658.6794,
    "ts": "2026-05-02T11:14:50.658Z",
    "level": "success",
    "message": "Fetched 5 units",
    "meta": {
      "company": "Rajlaxmi Solutions Private Limited - (From 1-Apr-2016)"
    },
    "company": "Rajlaxmi Solutions Private Limited - (From 1-Apr-2016)"
  },
  {
    "id": 1777720490644.2363,
    "ts": "2026-05-02T11:14:50.644Z",
    "level": "info",
    "message": "Fetching units from Tally",
    "meta": {
      "company": "Rajlaxmi Solutions Private Limited - (From 1-Apr-2016)"
    },
    "company": "Rajlaxmi Solutions Private Limited - (From 1-Apr-2016)"
  },
  {
    "id": 1777720490638.6777,
    "ts": "2026-05-02T11:14:50.638Z",
    "level": "success",
    "message": "Fetched 11 stock categories",
    "meta": {
      "company": "Rajlaxmi Solutions Private Limited - (From 1-Apr-2016)"
    },
    "company": "Rajlaxmi Solutions Private Limited - (From 1-Apr-2016)"
  },
  {
    "id": 1777720490623.477,
    "ts": "2026-05-02T11:14:50.623Z",
    "level": "info",
    "message": "Fetching stock categories from Tally",
    "meta": {
      "company": "Rajlaxmi Solutions Private Limited - (From 1-Apr-2016)"
    },
    "company": "Rajlaxmi Solutions Private Limited - (From 1-Apr-2016)"
  },
  {
    "id": 1777720490617.246,
    "ts": "2026-05-02T11:14:50.617Z",
    "level": "success",
    "message": "Fetched 115 stock items (74 with HSN/SAC, 0 with GST rate)",
    "meta": {
      "company": "Rajlaxmi Solutions Private Limited - (From 1-Apr-2016)"
    },
    "company": "Rajlaxmi Solutions Private Limited - (From 1-Apr-2016)"
  },
  {
    "id": 1777720490551.0403,
    "ts": "2026-05-02T11:14:50.551Z",
    "level": "info",
    "message": "Fetching stock items from Tally",
    "meta": {
      "company": "Rajlaxmi Solutions Private Limited - (From 1-Apr-2016)"
    },
    "company": "Rajlaxmi Solutions Private Limited - (From 1-Apr-2016)"
  },
  {
    "id": 1777720490546.1345,
    "ts": "2026-05-02T11:14:50.546Z",
    "level": "success",
    "message": "Fetched 6 stock groups",
    "meta": {
      "company": "Rajlaxmi Solutions Private Limited - (From 1-Apr-2016)"
    },
    "company": "Rajlaxmi Solutions Private Limited - (From 1-Apr-2016)"
  },
  {
    "id": 1777720490527.7234,
    "ts": "2026-05-02T11:14:50.527Z",
    "level": "info",
    "message": "Fetching stock groups from Tally",
    "meta": {
      "company": "Rajlaxmi Solutions Private Limited - (From 1-Apr-2016)"
    },
    "company": "Rajlaxmi Solutions Private Limited - (From 1-Apr-2016)"
  },
  {
    "id": 1777720490521.4934,
    "ts": "2026-05-02T11:14:50.521Z",
    "level": "success",
    "message": "Fetched 0 budgets",
    "meta": {
      "company": "Rajlaxmi Solutions Private Limited - (From 1-Apr-2016)"
    },
    "company": "Rajlaxmi Solutions Private Limited - (From 1-Apr-2016)"
  },
  {
    "id": 1777720490504.2979,
    "ts": "2026-05-02T11:14:50.504Z",
    "level": "info",
    "message": "Fetching budgets from Tally",
    "meta": {
      "company": "Rajlaxmi Solutions Private Limited - (From 1-Apr-2016)"
    },
    "company": "Rajlaxmi Solutions Private Limited - (From 1-Apr-2016)"
  },
  {
    "id": 1777720490498.7307,
    "ts": "2026-05-02T11:14:50.498Z",
    "level": "success",
    "message": "Fetched 2 currencies",
    "meta": {
      "company": "Rajlaxmi Solutions Private Limited - (From 1-Apr-2016)"
    },
    "company": "Rajlaxmi Solutions Private Limited - (From 1-Apr-2016)"
  },
  {
    "id": 1777720490483.8755,
    "ts": "2026-05-02T11:14:50.483Z",
    "level": "info",
    "message": "Fetching currencies from Tally",
    "meta": {
      "company": "Rajlaxmi Solutions Private Limited - (From 1-Apr-2016)"
    },
    "company": "Rajlaxmi Solutions Private Limited - (From 1-Apr-2016)"
  },
  {
    "id": 1777720490477.8503,
    "ts": "2026-05-02T11:14:50.477Z",
    "level": "success",
    "message": "Fetched 45 cost centres",
    "meta": {
      "company": "Rajlaxmi Solutions Private Limited - (From 1-Apr-2016)"
    },
    "company": "Rajlaxmi Solutions Private Limited - (From 1-Apr-2016)"
  },
  {
    "id": 1777720490454.8174,
    "ts": "2026-05-02T11:14:50.454Z",
    "level": "info",
    "message": "Fetching cost centres from Tally",
    "meta": {
      "company": "Rajlaxmi Solutions Private Limited - (From 1-Apr-2016)"
    },
    "company": "Rajlaxmi Solutions Private Limited - (From 1-Apr-2016)"
  },
  {
    "id": 1777720490449.2297,
    "ts": "2026-05-02T11:14:50.449Z",
    "level": "success",
    "message": "Fetched 1 cost categories",
    "meta": {
      "company": "Rajlaxmi Solutions Private Limited - (From 1-Apr-2016)"
    },
    "company": "Rajlaxmi Solutions Private Limited - (From 1-Apr-2016)"
  },
  {
    "id": 1777720490434.6155,
    "ts": "2026-05-02T11:14:50.434Z",
    "level": "info",
    "message": "Fetching cost categories from Tally",
    "meta": {
      "company": "Rajlaxmi Solutions Private Limited - (From 1-Apr-2016)"
    },
    "company": "Rajlaxmi Solutions Private Limited - (From 1-Apr-2016)"
  },
  {
    "id": 1777720490428.9832,
    "ts": "2026-05-02T11:14:50.428Z",
    "level": "success",
    "message": "Fetched 39 voucher types",
    "meta": {
      "company": "Rajlaxmi Solutions Private Limited - (From 1-Apr-2016)"
    },
    "company": "Rajlaxmi Solutions Private Limited - (From 1-Apr-2016)"
  },
  {
    "id": 1777720490401.3208,
    "ts": "2026-05-02T11:14:50.401Z",
    "level": "info",
    "message": "Fetching voucher types from Tally",
    "meta": {
      "company": "Rajlaxmi Solutions Private Limited - (From 1-Apr-2016)"
    },
    "company": "Rajlaxmi Solutions Private Limited - (From 1-Apr-2016)"
  },
  {
    "id": 1777720490387.837,
    "ts": "2026-05-02T11:14:50.387Z",
    "level": "success",
    "message": "Fetched 16760 ledgers",
    "meta": {
      "company": "Rajlaxmi Solutions Private Limited - (From 1-Apr-2016)"
    },
    "company": "Rajlaxmi Solutions Private Limited - (From 1-Apr-2016)"
  },
  {
    "id": 1777720482766.8232,
    "ts": "2026-05-02T11:14:42.766Z",
    "level": "info",
    "message": "Fetching ledgers from Tally",
    "meta": {
      "company": "Rajlaxmi Solutions Private Limited - (From 1-Apr-2016)"
    },
    "company": "Rajlaxmi Solutions Private Limited - (From 1-Apr-2016)"
  },
  {
    "id": 1777720482758.2295,
    "ts": "2026-05-02T11:14:42.758Z",
    "level": "success",
    "message": "Fetched 243 groups",
    "meta": {
      "company": "Rajlaxmi Solutions Private Limited - (From 1-Apr-2016)"
    },
    "company": "Rajlaxmi Solutions Private Limited - (From 1-Apr-2016)"
  },
  {
    "id": 1777720482618.1262,
    "ts": "2026-05-02T11:14:42.618Z",
    "level": "info",
    "message": "Fetching groups from Tally",
    "meta": {
      "company": "Rajlaxmi Solutions Private Limited - (From 1-Apr-2016)"
    },
    "company": "Rajlaxmi Solutions Private Limited - (From 1-Apr-2016)"
  },
  {
    "id": 1777719495226.893,
    "ts": "2026-05-02T10:58:15.226Z",
    "level": "success",
    "message": "Fetched 5916 vouchers (filtered: 2025-05-02 → 2026-05-02) from 10672 total",
    "meta": {
      "company": "Rajlaxmi Solutions Private Limited - (From 1-Apr-2016)"
    },
    "company": "Rajlaxmi Solutions Private Limited - (From 1-Apr-2016)"
  },
  {
    "id": 1777719495212.0664,
    "ts": "2026-05-02T10:58:15.212Z",
    "level": "info",
    "message": "Vouchers parsed successfully: 10672",
    "meta": {
      "company": "Rajlaxmi Solutions Private Limited - (From 1-Apr-2016)"
    },
    "company": "Rajlaxmi Solutions Private Limited - (From 1-Apr-2016)"
  },
  {
    "id": 1777719494882.2341,
    "ts": "2026-05-02T10:58:14.882Z",
    "level": "info",
    "message": "Raw vouchers received from Tally: 10672",
    "meta": {
      "company": "Rajlaxmi Solutions Private Limited - (From 1-Apr-2016)"
    },
    "company": "Rajlaxmi Solutions Private Limited - (From 1-Apr-2016)"
  },
  {
    "id": 1777719462326.9248,
    "ts": "2026-05-02T10:57:42.326Z",
    "level": "info",
    "message": "Fetching ALL vouchers from Tally",
    "meta": {
      "company": "Rajlaxmi Solutions Private Limited - (From 1-Apr-2016)",
      "fromDate": "2025-05-02",
      "toDate": "2026-05-02"
    },
    "company": "Rajlaxmi Solutions Private Limited - (From 1-Apr-2016)"
  },
  {
    "id": 1777719462322.5625,
    "ts": "2026-05-02T10:57:42.322Z",
    "level": "info",
    "message": "Voucher check: fetching ALL vouchers",
    "meta": {
      "company": "Rajlaxmi Solutions Private Limited - (From 1-Apr-2016)"
    },
    "company": "Rajlaxmi Solutions Private Limited - (From 1-Apr-2016)"
  },
  {
    "id": 1777719462316.5442,
    "ts": "2026-05-02T10:57:42.317Z",
    "level": "success",
    "message": "Fetched 2 godowns",
    "meta": {
      "company": "Rajlaxmi Solutions Private Limited - (From 1-Apr-2016)"
    },
    "company": "Rajlaxmi Solutions Private Limited - (From 1-Apr-2016)"
  },
  {
    "id": 1777719462302.9639,
    "ts": "2026-05-02T10:57:42.302Z",
    "level": "info",
    "message": "Fetching godowns from Tally",
    "meta": {
      "company": "Rajlaxmi Solutions Private Limited - (From 1-Apr-2016)"
    },
    "company": "Rajlaxmi Solutions Private Limited - (From 1-Apr-2016)"
  },
  {
    "id": 1777719462295.1934,
    "ts": "2026-05-02T10:57:42.295Z",
    "level": "success",
    "message": "Fetched 5 units",
    "meta": {
      "company": "Rajlaxmi Solutions Private Limited - (From 1-Apr-2016)"
    },
    "company": "Rajlaxmi Solutions Private Limited - (From 1-Apr-2016)"
  },
  {
    "id": 1777719462281.8025,
    "ts": "2026-05-02T10:57:42.281Z",
    "level": "info",
    "message": "Fetching units from Tally",
    "meta": {
      "company": "Rajlaxmi Solutions Private Limited - (From 1-Apr-2016)"
    },
    "company": "Rajlaxmi Solutions Private Limited - (From 1-Apr-2016)"
  },
  {
    "id": 1777719462276.6992,
    "ts": "2026-05-02T10:57:42.276Z",
    "level": "success",
    "message": "Fetched 11 stock categories",
    "meta": {
      "company": "Rajlaxmi Solutions Private Limited - (From 1-Apr-2016)"
    },
    "company": "Rajlaxmi Solutions Private Limited - (From 1-Apr-2016)"
  },
  {
    "id": 1777719462260.172,
    "ts": "2026-05-02T10:57:42.260Z",
    "level": "info",
    "message": "Fetching stock categories from Tally",
    "meta": {
      "company": "Rajlaxmi Solutions Private Limited - (From 1-Apr-2016)"
    },
    "company": "Rajlaxmi Solutions Private Limited - (From 1-Apr-2016)"
  },
  {
    "id": 1777719462254.4062,
    "ts": "2026-05-02T10:57:42.254Z",
    "level": "success",
    "message": "Fetched 115 stock items (74 with HSN/SAC, 0 with GST rate)",
    "meta": {
      "company": "Rajlaxmi Solutions Private Limited - (From 1-Apr-2016)"
    },
    "company": "Rajlaxmi Solutions Private Limited - (From 1-Apr-2016)"
  },
  {
    "id": 1777719462183.9146,
    "ts": "2026-05-02T10:57:42.183Z",
    "level": "info",
    "message": "Fetching stock items from Tally",
    "meta": {
      "company": "Rajlaxmi Solutions Private Limited - (From 1-Apr-2016)"
    },
    "company": "Rajlaxmi Solutions Private Limited - (From 1-Apr-2016)"
  },
  {
    "id": 1777719462177.7822,
    "ts": "2026-05-02T10:57:42.177Z",
    "level": "success",
    "message": "Fetched 6 stock groups",
    "meta": {
      "company": "Rajlaxmi Solutions Private Limited - (From 1-Apr-2016)"
    },
    "company": "Rajlaxmi Solutions Private Limited - (From 1-Apr-2016)"
  },
  {
    "id": 1777719462158.1663,
    "ts": "2026-05-02T10:57:42.158Z",
    "level": "info",
    "message": "Fetching stock groups from Tally",
    "meta": {
      "company": "Rajlaxmi Solutions Private Limited - (From 1-Apr-2016)"
    },
    "company": "Rajlaxmi Solutions Private Limited - (From 1-Apr-2016)"
  },
  {
    "id": 1777719462153.0403,
    "ts": "2026-05-02T10:57:42.153Z",
    "level": "success",
    "message": "Fetched 0 budgets",
    "meta": {
      "company": "Rajlaxmi Solutions Private Limited - (From 1-Apr-2016)"
    },
    "company": "Rajlaxmi Solutions Private Limited - (From 1-Apr-2016)"
  },
  {
    "id": 1777719462139.677,
    "ts": "2026-05-02T10:57:42.139Z",
    "level": "info",
    "message": "Fetching budgets from Tally",
    "meta": {
      "company": "Rajlaxmi Solutions Private Limited - (From 1-Apr-2016)"
    },
    "company": "Rajlaxmi Solutions Private Limited - (From 1-Apr-2016)"
  },
  {
    "id": 1777719462135.1023,
    "ts": "2026-05-02T10:57:42.135Z",
    "level": "success",
    "message": "Fetched 2 currencies",
    "meta": {
      "company": "Rajlaxmi Solutions Private Limited - (From 1-Apr-2016)"
    },
    "company": "Rajlaxmi Solutions Private Limited - (From 1-Apr-2016)"
  },
  {
    "id": 1777719462119.6204,
    "ts": "2026-05-02T10:57:42.119Z",
    "level": "info",
    "message": "Fetching currencies from Tally",
    "meta": {
      "company": "Rajlaxmi Solutions Private Limited - (From 1-Apr-2016)"
    },
    "company": "Rajlaxmi Solutions Private Limited - (From 1-Apr-2016)"
  },
  {
    "id": 1777719462114.7476,
    "ts": "2026-05-02T10:57:42.114Z",
    "level": "success",
    "message": "Fetched 45 cost centres",
    "meta": {
      "company": "Rajlaxmi Solutions Private Limited - (From 1-Apr-2016)"
    },
    "company": "Rajlaxmi Solutions Private Limited - (From 1-Apr-2016)"
  },
  {
    "id": 1777719462091.6028,
    "ts": "2026-05-02T10:57:42.091Z",
    "level": "info",
    "message": "Fetching cost centres from Tally",
    "meta": {
      "company": "Rajlaxmi Solutions Private Limited - (From 1-Apr-2016)"
    },
    "company": "Rajlaxmi Solutions Private Limited - (From 1-Apr-2016)"
  },
  {
    "id": 1777719462084.102,
    "ts": "2026-05-02T10:57:42.084Z",
    "level": "success",
    "message": "Fetched 1 cost categories",
    "meta": {
      "company": "Rajlaxmi Solutions Private Limited - (From 1-Apr-2016)"
    },
    "company": "Rajlaxmi Solutions Private Limited - (From 1-Apr-2016)"
  },
  {
    "id": 1777719462072.1318,
    "ts": "2026-05-02T10:57:42.072Z",
    "level": "info",
    "message": "Fetching cost categories from Tally",
    "meta": {
      "company": "Rajlaxmi Solutions Private Limited - (From 1-Apr-2016)"
    },
    "company": "Rajlaxmi Solutions Private Limited - (From 1-Apr-2016)"
  },
  {
    "id": 1777719462067.9856,
    "ts": "2026-05-02T10:57:42.067Z",
    "level": "success",
    "message": "Fetched 39 voucher types",
    "meta": {
      "company": "Rajlaxmi Solutions Private Limited - (From 1-Apr-2016)"
    },
    "company": "Rajlaxmi Solutions Private Limited - (From 1-Apr-2016)"
  },
  {
    "id": 1777719462037.8745,
    "ts": "2026-05-02T10:57:42.037Z",
    "level": "info",
    "message": "Fetching voucher types from Tally",
    "meta": {
      "company": "Rajlaxmi Solutions Private Limited - (From 1-Apr-2016)"
    },
    "company": "Rajlaxmi Solutions Private Limited - (From 1-Apr-2016)"
  },
  {
    "id": 1777719462026.2542,
    "ts": "2026-05-02T10:57:42.026Z",
    "level": "success",
    "message": "Fetched 16760 ledgers",
    "meta": {
      "company": "Rajlaxmi Solutions Private Limited - (From 1-Apr-2016)"
    },
    "company": "Rajlaxmi Solutions Private Limited - (From 1-Apr-2016)"
  },
  {
    "id": 1777719449943.823,
    "ts": "2026-05-02T10:57:29.943Z",
    "level": "info",
    "message": "Fetching ledgers from Tally",
    "meta": {
      "company": "Rajlaxmi Solutions Private Limited - (From 1-Apr-2016)"
    },
    "company": "Rajlaxmi Solutions Private Limited - (From 1-Apr-2016)"
  },
  {
    "id": 1777719449938.7344,
    "ts": "2026-05-02T10:57:29.938Z",
    "level": "success",
    "message": "Fetched 243 groups",
    "meta": {
      "company": "Rajlaxmi Solutions Private Limited - (From 1-Apr-2016)"
    },
    "company": "Rajlaxmi Solutions Private Limited - (From 1-Apr-2016)"
  },
  {
    "id": 1777719449751.4058,
    "ts": "2026-05-02T10:57:29.751Z",
    "level": "info",
    "message": "Fetching groups from Tally",
    "meta": {
      "company": "Rajlaxmi Solutions Private Limited - (From 1-Apr-2016)"
    },
    "company": "Rajlaxmi Solutions Private Limited - (From 1-Apr-2016)"
  },
  {
    "id": 1777697712306.2136,
    "ts": "2026-05-02T04:55:12.306Z",
    "level": "success",
    "message": "Fetched 10672 total vouchers (all dates)",
    "meta": {
      "company": "Rajlaxmi Solutions Private Limited - (From 1-Apr-2016)"
    },
    "company": "Rajlaxmi Solutions Private Limited - (From 1-Apr-2016)"
  },
  {
    "id": 1777697712293.3923,
    "ts": "2026-05-02T04:55:12.293Z",
    "level": "info",
    "message": "Vouchers parsed successfully: 10672",
    "meta": {
      "company": "Rajlaxmi Solutions Private Limited - (From 1-Apr-2016)"
    },
    "company": "Rajlaxmi Solutions Private Limited - (From 1-Apr-2016)"
  },
  {
    "id": 1777697712060.248,
    "ts": "2026-05-02T04:55:12.060Z",
    "level": "info",
    "message": "Raw vouchers received from Tally: 10672",
    "meta": {
      "company": "Rajlaxmi Solutions Private Limited - (From 1-Apr-2016)"
    },
    "company": "Rajlaxmi Solutions Private Limited - (From 1-Apr-2016)"
  },
  {
    "id": 1777697682942.193,
    "ts": "2026-05-02T04:54:42.942Z",
    "level": "info",
    "message": "Fetching ALL vouchers from Tally",
    "meta": {
      "company": "Rajlaxmi Solutions Private Limited - (From 1-Apr-2016)",
      "fromDate": null,
      "toDate": null
    },
    "company": "Rajlaxmi Solutions Private Limited - (From 1-Apr-2016)"
  },
  {
    "id": 1777697682938.697,
    "ts": "2026-05-02T04:54:42.938Z",
    "level": "info",
    "message": "Voucher check: fetching ALL vouchers",
    "meta": {
      "company": "Rajlaxmi Solutions Private Limited - (From 1-Apr-2016)"
    },
    "company": "Rajlaxmi Solutions Private Limited - (From 1-Apr-2016)"
  },
  {
    "id": 1777697682933.196,
    "ts": "2026-05-02T04:54:42.933Z",
    "level": "success",
    "message": "Fetched 2 godowns",
    "meta": {
      "company": "Rajlaxmi Solutions Private Limited - (From 1-Apr-2016)"
    },
    "company": "Rajlaxmi Solutions Private Limited - (From 1-Apr-2016)"
  },
  {
    "id": 1777697682918.2292,
    "ts": "2026-05-02T04:54:42.918Z",
    "level": "info",
    "message": "Fetching godowns from Tally",
    "meta": {
      "company": "Rajlaxmi Solutions Private Limited - (From 1-Apr-2016)"
    },
    "company": "Rajlaxmi Solutions Private Limited - (From 1-Apr-2016)"
  },
  {
    "id": 1777697682913.8625,
    "ts": "2026-05-02T04:54:42.913Z",
    "level": "success",
    "message": "Fetched 5 units",
    "meta": {
      "company": "Rajlaxmi Solutions Private Limited - (From 1-Apr-2016)"
    },
    "company": "Rajlaxmi Solutions Private Limited - (From 1-Apr-2016)"
  },
  {
    "id": 1777697682900.7842,
    "ts": "2026-05-02T04:54:42.900Z",
    "level": "info",
    "message": "Fetching units from Tally",
    "meta": {
      "company": "Rajlaxmi Solutions Private Limited - (From 1-Apr-2016)"
    },
    "company": "Rajlaxmi Solutions Private Limited - (From 1-Apr-2016)"
  },
  {
    "id": 1777697682896.8455,
    "ts": "2026-05-02T04:54:42.896Z",
    "level": "success",
    "message": "Fetched 11 stock categories",
    "meta": {
      "company": "Rajlaxmi Solutions Private Limited - (From 1-Apr-2016)"
    },
    "company": "Rajlaxmi Solutions Private Limited - (From 1-Apr-2016)"
  },
  {
    "id": 1777697682882.0667,
    "ts": "2026-05-02T04:54:42.882Z",
    "level": "info",
    "message": "Fetching stock categories from Tally",
    "meta": {
      "company": "Rajlaxmi Solutions Private Limited - (From 1-Apr-2016)"
    },
    "company": "Rajlaxmi Solutions Private Limited - (From 1-Apr-2016)"
  },
  {
    "id": 1777697682877.1501,
    "ts": "2026-05-02T04:54:42.877Z",
    "level": "success",
    "message": "Fetched 115 stock items (74 with HSN/SAC, 0 with GST rate)",
    "meta": {
      "company": "Rajlaxmi Solutions Private Limited - (From 1-Apr-2016)"
    },
    "company": "Rajlaxmi Solutions Private Limited - (From 1-Apr-2016)"
  },
  {
    "id": 1777697677980.006,
    "ts": "2026-05-02T04:54:37.980Z",
    "level": "info",
    "message": "Fetching stock items from Tally",
    "meta": {
      "company": "Rajlaxmi Solutions Private Limited - (From 1-Apr-2016)"
    },
    "company": "Rajlaxmi Solutions Private Limited - (From 1-Apr-2016)"
  },
  {
    "id": 1777697677975.769,
    "ts": "2026-05-02T04:54:37.975Z",
    "level": "success",
    "message": "Fetched 6 stock groups",
    "meta": {
      "company": "Rajlaxmi Solutions Private Limited - (From 1-Apr-2016)"
    },
    "company": "Rajlaxmi Solutions Private Limited - (From 1-Apr-2016)"
  },
  {
    "id": 1777697677958.1008,
    "ts": "2026-05-02T04:54:37.958Z",
    "level": "info",
    "message": "Fetching stock groups from Tally",
    "meta": {
      "company": "Rajlaxmi Solutions Private Limited - (From 1-Apr-2016)"
    },
    "company": "Rajlaxmi Solutions Private Limited - (From 1-Apr-2016)"
  },
  {
    "id": 1777697677953.9631,
    "ts": "2026-05-02T04:54:37.953Z",
    "level": "success",
    "message": "Fetched 0 budgets",
    "meta": {
      "company": "Rajlaxmi Solutions Private Limited - (From 1-Apr-2016)"
    },
    "company": "Rajlaxmi Solutions Private Limited - (From 1-Apr-2016)"
  },
  {
    "id": 1777697677940.337,
    "ts": "2026-05-02T04:54:37.940Z",
    "level": "info",
    "message": "Fetching budgets from Tally",
    "meta": {
      "company": "Rajlaxmi Solutions Private Limited - (From 1-Apr-2016)"
    },
    "company": "Rajlaxmi Solutions Private Limited - (From 1-Apr-2016)"
  },
  {
    "id": 1777697677934.261,
    "ts": "2026-05-02T04:54:37.934Z",
    "level": "success",
    "message": "Fetched 2 currencies",
    "meta": {
      "company": "Rajlaxmi Solutions Private Limited - (From 1-Apr-2016)"
    },
    "company": "Rajlaxmi Solutions Private Limited - (From 1-Apr-2016)"
  },
  {
    "id": 1777697677921.1409,
    "ts": "2026-05-02T04:54:37.921Z",
    "level": "info",
    "message": "Fetching currencies from Tally",
    "meta": {
      "company": "Rajlaxmi Solutions Private Limited - (From 1-Apr-2016)"
    },
    "company": "Rajlaxmi Solutions Private Limited - (From 1-Apr-2016)"
  },
  {
    "id": 1777697677917.0488,
    "ts": "2026-05-02T04:54:37.917Z",
    "level": "success",
    "message": "Fetched 45 cost centres",
    "meta": {
      "company": "Rajlaxmi Solutions Private Limited - (From 1-Apr-2016)"
    },
    "company": "Rajlaxmi Solutions Private Limited - (From 1-Apr-2016)"
  },
  {
    "id": 1777697677893.7378,
    "ts": "2026-05-02T04:54:37.893Z",
    "level": "info",
    "message": "Fetching cost centres from Tally",
    "meta": {
      "company": "Rajlaxmi Solutions Private Limited - (From 1-Apr-2016)"
    },
    "company": "Rajlaxmi Solutions Private Limited - (From 1-Apr-2016)"
  },
  {
    "id": 1777697677888.0715,
    "ts": "2026-05-02T04:54:37.888Z",
    "level": "success",
    "message": "Fetched 1 cost categories",
    "meta": {
      "company": "Rajlaxmi Solutions Private Limited - (From 1-Apr-2016)"
    },
    "company": "Rajlaxmi Solutions Private Limited - (From 1-Apr-2016)"
  },
  {
    "id": 1777697677873.1726,
    "ts": "2026-05-02T04:54:37.873Z",
    "level": "info",
    "message": "Fetching cost categories from Tally",
    "meta": {
      "company": "Rajlaxmi Solutions Private Limited - (From 1-Apr-2016)"
    },
    "company": "Rajlaxmi Solutions Private Limited - (From 1-Apr-2016)"
  },
  {
    "id": 1777697677867.0957,
    "ts": "2026-05-02T04:54:37.867Z",
    "level": "success",
    "message": "Fetched 39 voucher types",
    "meta": {
      "company": "Rajlaxmi Solutions Private Limited - (From 1-Apr-2016)"
    },
    "company": "Rajlaxmi Solutions Private Limited - (From 1-Apr-2016)"
  },
  {
    "id": 1777697677836.501,
    "ts": "2026-05-02T04:54:37.836Z",
    "level": "info",
    "message": "Fetching voucher types from Tally",
    "meta": {
      "company": "Rajlaxmi Solutions Private Limited - (From 1-Apr-2016)"
    },
    "company": "Rajlaxmi Solutions Private Limited - (From 1-Apr-2016)"
  },
  {
    "id": 1777697677821.9812,
    "ts": "2026-05-02T04:54:37.821Z",
    "level": "success",
    "message": "Fetched 16760 ledgers",
    "meta": {
      "company": "Rajlaxmi Solutions Private Limited - (From 1-Apr-2016)"
    },
    "company": "Rajlaxmi Solutions Private Limited - (From 1-Apr-2016)"
  },
  {
    "id": 1777697666661.1453,
    "ts": "2026-05-02T04:54:26.661Z",
    "level": "info",
    "message": "Fetching ledgers from Tally",
    "meta": {
      "company": "Rajlaxmi Solutions Private Limited - (From 1-Apr-2016)"
    },
    "company": "Rajlaxmi Solutions Private Limited - (From 1-Apr-2016)"
  },
  {
    "id": 1777697666654.487,
    "ts": "2026-05-02T04:54:26.654Z",
    "level": "success",
    "message": "Fetched 243 groups",
    "meta": {
      "company": "Rajlaxmi Solutions Private Limited - (From 1-Apr-2016)"
    },
    "company": "Rajlaxmi Solutions Private Limited - (From 1-Apr-2016)"
  },
  {
    "id": 1777697666508.51,
    "ts": "2026-05-02T04:54:26.508Z",
    "level": "info",
    "message": "Fetching groups from Tally",
    "meta": {
      "company": "Rajlaxmi Solutions Private Limited - (From 1-Apr-2016)"
    },
    "company": "Rajlaxmi Solutions Private Limited - (From 1-Apr-2016)"
  },
  {
    "id": 1777524569884.9795,
    "ts": "2026-04-30T04:49:29.884Z",
    "level": "success",
    "message": "Fetched 10672 total vouchers (all dates)",
    "meta": {
      "company": "Rajlaxmi Solutions Private Limited - (From 1-Apr-2016)"
    },
    "company": "Rajlaxmi Solutions Private Limited - (From 1-Apr-2016)"
  },
  {
    "id": 1777524569874.852,
    "ts": "2026-04-30T04:49:29.874Z",
    "level": "info",
    "message": "Vouchers parsed successfully: 10672",
    "meta": {
      "company": "Rajlaxmi Solutions Private Limited - (From 1-Apr-2016)"
    },
    "company": "Rajlaxmi Solutions Private Limited - (From 1-Apr-2016)"
  },
  {
    "id": 1777524569705.2427,
    "ts": "2026-04-30T04:49:29.705Z",
    "level": "info",
    "message": "Raw vouchers received from Tally: 10672",
    "meta": {
      "company": "Rajlaxmi Solutions Private Limited - (From 1-Apr-2016)"
    },
    "company": "Rajlaxmi Solutions Private Limited - (From 1-Apr-2016)"
  },
  {
    "id": 1777524541906.189,
    "ts": "2026-04-30T04:49:01.906Z",
    "level": "info",
    "message": "Fetching ALL vouchers from Tally",
    "meta": {
      "company": "Rajlaxmi Solutions Private Limited - (From 1-Apr-2016)",
      "fromDate": null,
      "toDate": null
    },
    "company": "Rajlaxmi Solutions Private Limited - (From 1-Apr-2016)"
  },
  {
    "id": 1777524541902.0068,
    "ts": "2026-04-30T04:49:01.902Z",
    "level": "info",
    "message": "Voucher check: fetching ALL vouchers",
    "meta": {
      "company": "Rajlaxmi Solutions Private Limited - (From 1-Apr-2016)"
    },
    "company": "Rajlaxmi Solutions Private Limited - (From 1-Apr-2016)"
  },
  {
    "id": 1777524541897.453,
    "ts": "2026-04-30T04:49:01.897Z",
    "level": "success",
    "message": "Fetched 2 godowns",
    "meta": {
      "company": "Rajlaxmi Solutions Private Limited - (From 1-Apr-2016)"
    },
    "company": "Rajlaxmi Solutions Private Limited - (From 1-Apr-2016)"
  },
  {
    "id": 1777524541882.0989,
    "ts": "2026-04-30T04:49:01.882Z",
    "level": "info",
    "message": "Fetching godowns from Tally",
    "meta": {
      "company": "Rajlaxmi Solutions Private Limited - (From 1-Apr-2016)"
    },
    "company": "Rajlaxmi Solutions Private Limited - (From 1-Apr-2016)"
  },
  {
    "id": 1777524541876.5823,
    "ts": "2026-04-30T04:49:01.876Z",
    "level": "success",
    "message": "Fetched 5 units",
    "meta": {
      "company": "Rajlaxmi Solutions Private Limited - (From 1-Apr-2016)"
    },
    "company": "Rajlaxmi Solutions Private Limited - (From 1-Apr-2016)"
  },
  {
    "id": 1777524541865.1162,
    "ts": "2026-04-30T04:49:01.865Z",
    "level": "info",
    "message": "Fetching units from Tally",
    "meta": {
      "company": "Rajlaxmi Solutions Private Limited - (From 1-Apr-2016)"
    },
    "company": "Rajlaxmi Solutions Private Limited - (From 1-Apr-2016)"
  },
  {
    "id": 1777524541858.5264,
    "ts": "2026-04-30T04:49:01.858Z",
    "level": "success",
    "message": "Fetched 11 stock categories",
    "meta": {
      "company": "Rajlaxmi Solutions Private Limited - (From 1-Apr-2016)"
    },
    "company": "Rajlaxmi Solutions Private Limited - (From 1-Apr-2016)"
  },
  {
    "id": 1777524541841.7031,
    "ts": "2026-04-30T04:49:01.841Z",
    "level": "info",
    "message": "Fetching stock categories from Tally",
    "meta": {
      "company": "Rajlaxmi Solutions Private Limited - (From 1-Apr-2016)"
    },
    "company": "Rajlaxmi Solutions Private Limited - (From 1-Apr-2016)"
  },
  {
    "id": 1777524541836.4692,
    "ts": "2026-04-30T04:49:01.836Z",
    "level": "success",
    "message": "Fetched 115 stock items (74 with HSN/SAC, 0 with GST rate)",
    "meta": {
      "company": "Rajlaxmi Solutions Private Limited - (From 1-Apr-2016)"
    },
    "company": "Rajlaxmi Solutions Private Limited - (From 1-Apr-2016)"
  },
  {
    "id": 1777524540870.2212,
    "ts": "2026-04-30T04:49:00.870Z",
    "level": "info",
    "message": "Fetching stock items from Tally",
    "meta": {
      "company": "Rajlaxmi Solutions Private Limited - (From 1-Apr-2016)"
    },
    "company": "Rajlaxmi Solutions Private Limited - (From 1-Apr-2016)"
  },
  {
    "id": 1777524540865.7983,
    "ts": "2026-04-30T04:49:00.865Z",
    "level": "success",
    "message": "Fetched 6 stock groups",
    "meta": {
      "company": "Rajlaxmi Solutions Private Limited - (From 1-Apr-2016)"
    },
    "company": "Rajlaxmi Solutions Private Limited - (From 1-Apr-2016)"
  },
  {
    "id": 1777524540849.8535,
    "ts": "2026-04-30T04:49:00.849Z",
    "level": "info",
    "message": "Fetching stock groups from Tally",
    "meta": {
      "company": "Rajlaxmi Solutions Private Limited - (From 1-Apr-2016)"
    },
    "company": "Rajlaxmi Solutions Private Limited - (From 1-Apr-2016)"
  },
  {
    "id": 1777524540845.7334,
    "ts": "2026-04-30T04:49:00.845Z",
    "level": "success",
    "message": "Fetched 0 budgets",
    "meta": {
      "company": "Rajlaxmi Solutions Private Limited - (From 1-Apr-2016)"
    },
    "company": "Rajlaxmi Solutions Private Limited - (From 1-Apr-2016)"
  },
  {
    "id": 1777524540834.5671,
    "ts": "2026-04-30T04:49:00.834Z",
    "level": "info",
    "message": "Fetching budgets from Tally",
    "meta": {
      "company": "Rajlaxmi Solutions Private Limited - (From 1-Apr-2016)"
    },
    "company": "Rajlaxmi Solutions Private Limited - (From 1-Apr-2016)"
  },
  {
    "id": 1777524540829.956,
    "ts": "2026-04-30T04:49:00.829Z",
    "level": "success",
    "message": "Fetched 2 currencies",
    "meta": {
      "company": "Rajlaxmi Solutions Private Limited - (From 1-Apr-2016)"
    },
    "company": "Rajlaxmi Solutions Private Limited - (From 1-Apr-2016)"
  },
  {
    "id": 1777524540817.6243,
    "ts": "2026-04-30T04:49:00.817Z",
    "level": "info",
    "message": "Fetching currencies from Tally",
    "meta": {
      "company": "Rajlaxmi Solutions Private Limited - (From 1-Apr-2016)"
    },
    "company": "Rajlaxmi Solutions Private Limited - (From 1-Apr-2016)"
  },
  {
    "id": 1777524540811.984,
    "ts": "2026-04-30T04:49:00.811Z",
    "level": "success",
    "message": "Fetched 45 cost centres",
    "meta": {
      "company": "Rajlaxmi Solutions Private Limited - (From 1-Apr-2016)"
    },
    "company": "Rajlaxmi Solutions Private Limited - (From 1-Apr-2016)"
  },
  {
    "id": 1777524540790.8442,
    "ts": "2026-04-30T04:49:00.790Z",
    "level": "info",
    "message": "Fetching cost centres from Tally",
    "meta": {
      "company": "Rajlaxmi Solutions Private Limited - (From 1-Apr-2016)"
    },
    "company": "Rajlaxmi Solutions Private Limited - (From 1-Apr-2016)"
  },
  {
    "id": 1777524540785.9392,
    "ts": "2026-04-30T04:49:00.785Z",
    "level": "success",
    "message": "Fetched 1 cost categories",
    "meta": {
      "company": "Rajlaxmi Solutions Private Limited - (From 1-Apr-2016)"
    },
    "company": "Rajlaxmi Solutions Private Limited - (From 1-Apr-2016)"
  },
  {
    "id": 1777524540771.696,
    "ts": "2026-04-30T04:49:00.771Z",
    "level": "info",
    "message": "Fetching cost categories from Tally",
    "meta": {
      "company": "Rajlaxmi Solutions Private Limited - (From 1-Apr-2016)"
    },
    "company": "Rajlaxmi Solutions Private Limited - (From 1-Apr-2016)"
  },
  {
    "id": 1777524540765.5957,
    "ts": "2026-04-30T04:49:00.765Z",
    "level": "success",
    "message": "Fetched 39 voucher types",
    "meta": {
      "company": "Rajlaxmi Solutions Private Limited - (From 1-Apr-2016)"
    },
    "company": "Rajlaxmi Solutions Private Limited - (From 1-Apr-2016)"
  },
  {
    "id": 1777524540729.855,
    "ts": "2026-04-30T04:49:00.729Z",
    "level": "info",
    "message": "Fetching voucher types from Tally",
    "meta": {
      "company": "Rajlaxmi Solutions Private Limited - (From 1-Apr-2016)"
    },
    "company": "Rajlaxmi Solutions Private Limited - (From 1-Apr-2016)"
  },
  {
    "id": 1777524540718.7693,
    "ts": "2026-04-30T04:49:00.718Z",
    "level": "success",
    "message": "Fetched 16760 ledgers",
    "meta": {
      "company": "Rajlaxmi Solutions Private Limited - (From 1-Apr-2016)"
    },
    "company": "Rajlaxmi Solutions Private Limited - (From 1-Apr-2016)"
  },
  {
    "id": 1777524531967.6367,
    "ts": "2026-04-30T04:48:51.967Z",
    "level": "info",
    "message": "Fetching ledgers from Tally",
    "meta": {
      "company": "Rajlaxmi Solutions Private Limited - (From 1-Apr-2016)"
    },
    "company": "Rajlaxmi Solutions Private Limited - (From 1-Apr-2016)"
  },
  {
    "id": 1777524531957.0154,
    "ts": "2026-04-30T04:48:51.957Z",
    "level": "success",
    "message": "Fetched 243 groups",
    "meta": {
      "company": "Rajlaxmi Solutions Private Limited - (From 1-Apr-2016)"
    },
    "company": "Rajlaxmi Solutions Private Limited - (From 1-Apr-2016)"
  },
  {
    "id": 1777524531841.9043,
    "ts": "2026-04-30T04:48:51.841Z",
    "level": "info",
    "message": "Fetching groups from Tally",
    "meta": {
      "company": "Rajlaxmi Solutions Private Limited - (From 1-Apr-2016)"
    },
    "company": "Rajlaxmi Solutions Private Limited - (From 1-Apr-2016)"
  },
  {
    "id": 1776772886808.3083,
    "ts": "2026-04-21T12:01:26.808Z",
    "level": "success",
    "message": "Fetched 10672 vouchers (filtered: 2025-01-01 → 2026-04-21) from 10672 total",
    "meta": {
      "company": "Rajlaxmi Solutions Private Limited - (From 1-Apr-2016)"
    },
    "company": "Rajlaxmi Solutions Private Limited - (From 1-Apr-2016)"
  },
  {
    "id": 1776772886798.8552,
    "ts": "2026-04-21T12:01:26.798Z",
    "level": "info",
    "message": "Vouchers parsed successfully: 10672",
    "meta": {
      "company": "Rajlaxmi Solutions Private Limited - (From 1-Apr-2016)"
    },
    "company": "Rajlaxmi Solutions Private Limited - (From 1-Apr-2016)"
  },
  {
    "id": 1776772886673.9768,
    "ts": "2026-04-21T12:01:26.673Z",
    "level": "info",
    "message": "Raw vouchers received from Tally: 10672",
    "meta": {
      "company": "Rajlaxmi Solutions Private Limited - (From 1-Apr-2016)"
    },
    "company": "Rajlaxmi Solutions Private Limited - (From 1-Apr-2016)"
  },
  {
    "id": 1776772869026.7065,
    "ts": "2026-04-21T12:01:09.026Z",
    "level": "info",
    "message": "Fetching ALL vouchers from Tally",
    "meta": {
      "company": "Rajlaxmi Solutions Private Limited - (From 1-Apr-2016)",
      "fromDate": "2025-01-01",
      "toDate": "2026-04-21"
    },
    "company": "Rajlaxmi Solutions Private Limited - (From 1-Apr-2016)"
  },
  {
    "id": 1776769630205.7808,
    "ts": "2026-04-21T11:07:10.205Z",
    "level": "success",
    "message": "Fetched 10627 vouchers (filtered: 2025-01-01 → 2025-12-21) from 10672 total",
    "meta": {
      "company": "Rajlaxmi Solutions Private Limited - (From 1-Apr-2016)"
    },
    "company": "Rajlaxmi Solutions Private Limited - (From 1-Apr-2016)"
  },
  {
    "id": 1776769630196.967,
    "ts": "2026-04-21T11:07:10.196Z",
    "level": "info",
    "message": "Vouchers parsed successfully: 10672",
    "meta": {
      "company": "Rajlaxmi Solutions Private Limited - (From 1-Apr-2016)"
    },
    "company": "Rajlaxmi Solutions Private Limited - (From 1-Apr-2016)"
  },
  {
    "id": 1776769630054.1448,
    "ts": "2026-04-21T11:07:10.054Z",
    "level": "info",
    "message": "Raw vouchers received from Tally: 10672",
    "meta": {
      "company": "Rajlaxmi Solutions Private Limited - (From 1-Apr-2016)"
    },
    "company": "Rajlaxmi Solutions Private Limited - (From 1-Apr-2016)"
  },
  {
    "id": 1776769612796.9956,
    "ts": "2026-04-21T11:06:52.796Z",
    "level": "info",
    "message": "Fetching ALL vouchers from Tally",
    "meta": {
      "company": "Rajlaxmi Solutions Private Limited - (From 1-Apr-2016)",
      "fromDate": "2025-01-01",
      "toDate": "2025-12-21"
    },
    "company": "Rajlaxmi Solutions Private Limited - (From 1-Apr-2016)"
  },
  {
    "id": 1776769612793.4934,
    "ts": "2026-04-21T11:06:52.793Z",
    "level": "success",
    "message": "Fetched 115 stock items (74 with HSN/SAC, 0 with GST rate)",
    "meta": {
      "company": "Rajlaxmi Solutions Private Limited - (From 1-Apr-2016)"
    },
    "company": "Rajlaxmi Solutions Private Limited - (From 1-Apr-2016)"
  },
  {
    "id": 1776769612746.6287,
    "ts": "2026-04-21T11:06:52.746Z",
    "level": "info",
    "message": "Fetching stock items from Tally",
    "meta": {
      "company": "Rajlaxmi Solutions Private Limited - (From 1-Apr-2016)"
    },
    "company": "Rajlaxmi Solutions Private Limited - (From 1-Apr-2016)"
  },
  {
    "id": 1776769612744.1855,
    "ts": "2026-04-21T11:06:52.744Z",
    "level": "success",
    "message": "Fetched 16760 ledgers",
    "meta": {
      "company": "Rajlaxmi Solutions Private Limited - (From 1-Apr-2016)"
    },
    "company": "Rajlaxmi Solutions Private Limited - (From 1-Apr-2016)"
  },
  {
    "id": 1776769605656.6604,
    "ts": "2026-04-21T11:06:45.656Z",
    "level": "info",
    "message": "Fetching ledgers from Tally",
    "meta": {
      "company": "Rajlaxmi Solutions Private Limited - (From 1-Apr-2016)"
    },
    "company": "Rajlaxmi Solutions Private Limited - (From 1-Apr-2016)"
  },
  {
    "id": 1776769605654.333,
    "ts": "2026-04-21T11:06:45.654Z",
    "level": "success",
    "message": "Fetched 2 godowns",
    "meta": {
      "company": "Rajlaxmi Solutions Private Limited - (From 1-Apr-2016)"
    },
    "company": "Rajlaxmi Solutions Private Limited - (From 1-Apr-2016)"
  },
  {
    "id": 1776769605639.6013,
    "ts": "2026-04-21T11:06:45.639Z",
    "level": "info",
    "message": "Fetching godowns from Tally",
    "meta": {
      "company": "Rajlaxmi Solutions Private Limited - (From 1-Apr-2016)"
    },
    "company": "Rajlaxmi Solutions Private Limited - (From 1-Apr-2016)"
  },
  {
    "id": 1776769605636.721,
    "ts": "2026-04-21T11:06:45.636Z",
    "level": "success",
    "message": "Fetched 45 cost centres",
    "meta": {
      "company": "Rajlaxmi Solutions Private Limited - (From 1-Apr-2016)"
    },
    "company": "Rajlaxmi Solutions Private Limited - (From 1-Apr-2016)"
  },
  {
    "id": 1776769605610.1855,
    "ts": "2026-04-21T11:06:45.610Z",
    "level": "info",
    "message": "Fetching cost centres from Tally",
    "meta": {
      "company": "Rajlaxmi Solutions Private Limited - (From 1-Apr-2016)"
    },
    "company": "Rajlaxmi Solutions Private Limited - (From 1-Apr-2016)"
  },
  {
    "id": 1776769605607.515,
    "ts": "2026-04-21T11:06:45.607Z",
    "level": "success",
    "message": "Fetched 243 groups",
    "meta": {
      "company": "Rajlaxmi Solutions Private Limited - (From 1-Apr-2016)"
    },
    "company": "Rajlaxmi Solutions Private Limited - (From 1-Apr-2016)"
  },
  {
    "id": 1776769605464.906,
    "ts": "2026-04-21T11:06:45.464Z",
    "level": "info",
    "message": "Fetching groups from Tally",
    "meta": {
      "company": "Rajlaxmi Solutions Private Limited - (From 1-Apr-2016)"
    },
    "company": "Rajlaxmi Solutions Private Limited - (From 1-Apr-2016)"
  },
  {
    "id": 1776768265420.632,
    "ts": "2026-04-21T10:44:25.420Z",
    "level": "success",
    "message": "Fetched 10672 total vouchers (all dates)",
    "meta": {
      "company": "Rajlaxmi Solutions Private Limited - (From 1-Apr-2016)"
    },
    "company": "Rajlaxmi Solutions Private Limited - (From 1-Apr-2016)"
  },
  {
    "id": 1776768265413.0027,
    "ts": "2026-04-21T10:44:25.413Z",
    "level": "info",
    "message": "Vouchers parsed successfully: 10672",
    "meta": {
      "company": "Rajlaxmi Solutions Private Limited - (From 1-Apr-2016)"
    },
    "company": "Rajlaxmi Solutions Private Limited - (From 1-Apr-2016)"
  },
  {
    "id": 1776768265260.7217,
    "ts": "2026-04-21T10:44:25.260Z",
    "level": "info",
    "message": "Raw vouchers received from Tally: 10672",
    "meta": {
      "company": "Rajlaxmi Solutions Private Limited - (From 1-Apr-2016)"
    },
    "company": "Rajlaxmi Solutions Private Limited - (From 1-Apr-2016)"
  },
  {
    "id": 1776768247752.3625,
    "ts": "2026-04-21T10:44:07.752Z",
    "level": "info",
    "message": "Fetching ALL vouchers from Tally",
    "meta": {
      "company": "Rajlaxmi Solutions Private Limited - (From 1-Apr-2016)",
      "fromDate": null,
      "toDate": null
    },
    "company": "Rajlaxmi Solutions Private Limited - (From 1-Apr-2016)"
  },
  {
    "id": 1776768247750.9963,
    "ts": "2026-04-21T10:44:07.750Z",
    "level": "info",
    "message": "Voucher check: fetching ALL vouchers",
    "meta": {
      "company": "Rajlaxmi Solutions Private Limited - (From 1-Apr-2016)"
    },
    "company": "Rajlaxmi Solutions Private Limited - (From 1-Apr-2016)"
  },
  {
    "id": 1776768247749.8745,
    "ts": "2026-04-21T10:44:07.749Z",
    "level": "success",
    "message": "Fetched 2 godowns",
    "meta": {
      "company": "Rajlaxmi Solutions Private Limited - (From 1-Apr-2016)"
    },
    "company": "Rajlaxmi Solutions Private Limited - (From 1-Apr-2016)"
  },
  {
    "id": 1776768247739.2915,
    "ts": "2026-04-21T10:44:07.739Z",
    "level": "info",
    "message": "Fetching godowns from Tally",
    "meta": {
      "company": "Rajlaxmi Solutions Private Limited - (From 1-Apr-2016)"
    },
    "company": "Rajlaxmi Solutions Private Limited - (From 1-Apr-2016)"
  },
  {
    "id": 1776768247737.603,
    "ts": "2026-04-21T10:44:07.737Z",
    "level": "success",
    "message": "Fetched 5 units",
    "meta": {
      "company": "Rajlaxmi Solutions Private Limited - (From 1-Apr-2016)"
    },
    "company": "Rajlaxmi Solutions Private Limited - (From 1-Apr-2016)"
  },
  {
    "id": 1776768247728.2786,
    "ts": "2026-04-21T10:44:07.728Z",
    "level": "info",
    "message": "Fetching units from Tally",
    "meta": {
      "company": "Rajlaxmi Solutions Private Limited - (From 1-Apr-2016)"
    },
    "company": "Rajlaxmi Solutions Private Limited - (From 1-Apr-2016)"
  },
  {
    "id": 1776768247726.0764,
    "ts": "2026-04-21T10:44:07.726Z",
    "level": "success",
    "message": "Fetched 11 stock categories",
    "meta": {
      "company": "Rajlaxmi Solutions Private Limited - (From 1-Apr-2016)"
    },
    "company": "Rajlaxmi Solutions Private Limited - (From 1-Apr-2016)"
  },
  {
    "id": 1776768247715.258,
    "ts": "2026-04-21T10:44:07.715Z",
    "level": "info",
    "message": "Fetching stock categories from Tally",
    "meta": {
      "company": "Rajlaxmi Solutions Private Limited - (From 1-Apr-2016)"
    },
    "company": "Rajlaxmi Solutions Private Limited - (From 1-Apr-2016)"
  },
  {
    "id": 1776768247713.9983,
    "ts": "2026-04-21T10:44:07.713Z",
    "level": "success",
    "message": "Fetched 115 stock items (74 with HSN/SAC, 0 with GST rate)",
    "meta": {
      "company": "Rajlaxmi Solutions Private Limited - (From 1-Apr-2016)"
    },
    "company": "Rajlaxmi Solutions Private Limited - (From 1-Apr-2016)"
  },
  {
    "id": 1776768247645.805,
    "ts": "2026-04-21T10:44:07.645Z",
    "level": "info",
    "message": "Fetching stock items from Tally",
    "meta": {
      "company": "Rajlaxmi Solutions Private Limited - (From 1-Apr-2016)"
    },
    "company": "Rajlaxmi Solutions Private Limited - (From 1-Apr-2016)"
  },
  {
    "id": 1776768247643.1096,
    "ts": "2026-04-21T10:44:07.643Z",
    "level": "success",
    "message": "Fetched 6 stock groups",
    "meta": {
      "company": "Rajlaxmi Solutions Private Limited - (From 1-Apr-2016)"
    },
    "company": "Rajlaxmi Solutions Private Limited - (From 1-Apr-2016)"
  },
  {
    "id": 1776768247624.436,
    "ts": "2026-04-21T10:44:07.624Z",
    "level": "info",
    "message": "Fetching stock groups from Tally",
    "meta": {
      "company": "Rajlaxmi Solutions Private Limited - (From 1-Apr-2016)"
    },
    "company": "Rajlaxmi Solutions Private Limited - (From 1-Apr-2016)"
  },
  {
    "id": 1776768247621.1558,
    "ts": "2026-04-21T10:44:07.621Z",
    "level": "success",
    "message": "Fetched 0 budgets",
    "meta": {
      "company": "Rajlaxmi Solutions Private Limited - (From 1-Apr-2016)"
    },
    "company": "Rajlaxmi Solutions Private Limited - (From 1-Apr-2016)"
  },
  {
    "id": 1776768247612.5747,
    "ts": "2026-04-21T10:44:07.612Z",
    "level": "info",
    "message": "Fetching budgets from Tally",
    "meta": {
      "company": "Rajlaxmi Solutions Private Limited - (From 1-Apr-2016)"
    },
    "company": "Rajlaxmi Solutions Private Limited - (From 1-Apr-2016)"
  },
  {
    "id": 1776768247609.2375,
    "ts": "2026-04-21T10:44:07.609Z",
    "level": "success",
    "message": "Fetched 2 currencies",
    "meta": {
      "company": "Rajlaxmi Solutions Private Limited - (From 1-Apr-2016)"
    },
    "company": "Rajlaxmi Solutions Private Limited - (From 1-Apr-2016)"
  },
  {
    "id": 1776768247595.5015,
    "ts": "2026-04-21T10:44:07.595Z",
    "level": "info",
    "message": "Fetching currencies from Tally",
    "meta": {
      "company": "Rajlaxmi Solutions Private Limited - (From 1-Apr-2016)"
    },
    "company": "Rajlaxmi Solutions Private Limited - (From 1-Apr-2016)"
  },
  {
    "id": 1776768247590.82,
    "ts": "2026-04-21T10:44:07.590Z",
    "level": "success",
    "message": "Fetched 45 cost centres",
    "meta": {
      "company": "Rajlaxmi Solutions Private Limited - (From 1-Apr-2016)"
    },
    "company": "Rajlaxmi Solutions Private Limited - (From 1-Apr-2016)"
  },
  {
    "id": 1776768247570.7764,
    "ts": "2026-04-21T10:44:07.570Z",
    "level": "info",
    "message": "Fetching cost centres from Tally",
    "meta": {
      "company": "Rajlaxmi Solutions Private Limited - (From 1-Apr-2016)"
    },
    "company": "Rajlaxmi Solutions Private Limited - (From 1-Apr-2016)"
  },
  {
    "id": 1776768247567.787,
    "ts": "2026-04-21T10:44:07.567Z",
    "level": "success",
    "message": "Fetched 1 cost categories",
    "meta": {
      "company": "Rajlaxmi Solutions Private Limited - (From 1-Apr-2016)"
    },
    "company": "Rajlaxmi Solutions Private Limited - (From 1-Apr-2016)"
  },
  {
    "id": 1776768247555.234,
    "ts": "2026-04-21T10:44:07.555Z",
    "level": "info",
    "message": "Fetching cost categories from Tally",
    "meta": {
      "company": "Rajlaxmi Solutions Private Limited - (From 1-Apr-2016)"
    },
    "company": "Rajlaxmi Solutions Private Limited - (From 1-Apr-2016)"
  },
  {
    "id": 1776768247553.391,
    "ts": "2026-04-21T10:44:07.553Z",
    "level": "success",
    "message": "Fetched 39 voucher types",
    "meta": {
      "company": "Rajlaxmi Solutions Private Limited - (From 1-Apr-2016)"
    },
    "company": "Rajlaxmi Solutions Private Limited - (From 1-Apr-2016)"
  },
  {
    "id": 1776768247528.31,
    "ts": "2026-04-21T10:44:07.528Z",
    "level": "info",
    "message": "Fetching voucher types from Tally",
    "meta": {
      "company": "Rajlaxmi Solutions Private Limited - (From 1-Apr-2016)"
    },
    "company": "Rajlaxmi Solutions Private Limited - (From 1-Apr-2016)"
  },
  {
    "id": 1776768247522.0967,
    "ts": "2026-04-21T10:44:07.522Z",
    "level": "success",
    "message": "Fetched 16760 ledgers",
    "meta": {
      "company": "Rajlaxmi Solutions Private Limited - (From 1-Apr-2016)"
    },
    "company": "Rajlaxmi Solutions Private Limited - (From 1-Apr-2016)"
  },
  {
    "id": 1776768238159.2285,
    "ts": "2026-04-21T10:43:58.159Z",
    "level": "info",
    "message": "Fetching ledgers from Tally",
    "meta": {
      "company": "Rajlaxmi Solutions Private Limited - (From 1-Apr-2016)"
    },
    "company": "Rajlaxmi Solutions Private Limited - (From 1-Apr-2016)"
  },
  {
    "id": 1776768238156.612,
    "ts": "2026-04-21T10:43:58.156Z",
    "level": "success",
    "message": "Fetched 243 groups",
    "meta": {
      "company": "Rajlaxmi Solutions Private Limited - (From 1-Apr-2016)"
    },
    "company": "Rajlaxmi Solutions Private Limited - (From 1-Apr-2016)"
  },
  {
    "id": 1776768237870.0774,
    "ts": "2026-04-21T10:43:57.870Z",
    "level": "info",
    "message": "Fetching groups from Tally",
    "meta": {
      "company": "Rajlaxmi Solutions Private Limited - (From 1-Apr-2016)"
    },
    "company": "Rajlaxmi Solutions Private Limited - (From 1-Apr-2016)"
  }
]