[
  {
    "id": 1777718607029.6226,
    "ts": "2026-05-02T10:43:27.029Z",
    "level": "success",
    "message": "Fetched 109 vouchers (filtered: 2025-05-02 → 2026-05-02) from 129 total",
    "meta": {
      "company": "Tally"
    },
    "company": "Tally"
  },
  {
    "id": 1777718607021.163,
    "ts": "2026-05-02T10:43:27.021Z",
    "level": "info",
    "message": "Vouchers parsed successfully: 129",
    "meta": {
      "company": "Tally"
    },
    "company": "Tally"
  },
  {
    "id": 1777718607011.9695,
    "ts": "2026-05-02T10:43:27.011Z",
    "level": "info",
    "message": "Raw vouchers received from Tally: 129",
    "meta": {
      "company": "Tally"
    },
    "company": "Tally"
  },
  {
    "id": 1777718606780.3076,
    "ts": "2026-05-02T10:43:26.780Z",
    "level": "info",
    "message": "Fetching ALL vouchers from Tally",
    "meta": {
      "company": "Tally",
      "fromDate": "2025-05-02",
      "toDate": "2026-05-02"
    },
    "company": "Tally"
  },
  {
    "id": 1777718606773.9858,
    "ts": "2026-05-02T10:43:26.773Z",
    "level": "info",
    "message": "Voucher check: fetching ALL vouchers",
    "meta": {
      "company": "Tally"
    },
    "company": "Tally"
  },
  {
    "id": 1777718606763.3127,
    "ts": "2026-05-02T10:43:26.763Z",
    "level": "success",
    "message": "Fetched 1 godowns",
    "meta": {
      "company": "Tally"
    },
    "company": "Tally"
  },
  {
    "id": 1777718606746.6304,
    "ts": "2026-05-02T10:43:26.746Z",
    "level": "info",
    "message": "Fetching godowns from Tally",
    "meta": {
      "company": "Tally"
    },
    "company": "Tally"
  },
  {
    "id": 1777718606738.8389,
    "ts": "2026-05-02T10:43:26.738Z",
    "level": "success",
    "message": "Fetched 1 units",
    "meta": {
      "company": "Tally"
    },
    "company": "Tally"
  },
  {
    "id": 1777718606723.128,
    "ts": "2026-05-02T10:43:26.723Z",
    "level": "info",
    "message": "Fetching units from Tally",
    "meta": {
      "company": "Tally"
    },
    "company": "Tally"
  },
  {
    "id": 1777718606715.7212,
    "ts": "2026-05-02T10:43:26.715Z",
    "level": "success",
    "message": "Fetched 0 stock categories",
    "meta": {
      "company": "Tally"
    },
    "company": "Tally"
  },
  {
    "id": 1777718606699.0535,
    "ts": "2026-05-02T10:43:26.699Z",
    "level": "info",
    "message": "Fetching stock categories from Tally",
    "meta": {
      "company": "Tally"
    },
    "company": "Tally"
  },
  {
    "id": 1777718606690.9521,
    "ts": "2026-05-02T10:43:26.690Z",
    "level": "success",
    "message": "Fetched 9 stock items (0 with HSN/SAC, 0 with GST rate)",
    "meta": {
      "company": "Tally"
    },
    "company": "Tally"
  },
  {
    "id": 1777718606667.2842,
    "ts": "2026-05-02T10:43:26.667Z",
    "level": "info",
    "message": "Fetching stock items from Tally",
    "meta": {
      "company": "Tally"
    },
    "company": "Tally"
  },
  {
    "id": 1777718606659.4895,
    "ts": "2026-05-02T10:43:26.659Z",
    "level": "success",
    "message": "Fetched 1 stock groups",
    "meta": {
      "company": "Tally"
    },
    "company": "Tally"
  },
  {
    "id": 1777718606639.823,
    "ts": "2026-05-02T10:43:26.639Z",
    "level": "info",
    "message": "Fetching stock groups from Tally",
    "meta": {
      "company": "Tally"
    },
    "company": "Tally"
  },
  {
    "id": 1777718606629.7217,
    "ts": "2026-05-02T10:43:26.629Z",
    "level": "success",
    "message": "Fetched 0 budgets",
    "meta": {
      "company": "Tally"
    },
    "company": "Tally"
  },
  {
    "id": 1777718606613.6423,
    "ts": "2026-05-02T10:43:26.613Z",
    "level": "info",
    "message": "Fetching budgets from Tally",
    "meta": {
      "company": "Tally"
    },
    "company": "Tally"
  },
  {
    "id": 1777718606605.8687,
    "ts": "2026-05-02T10:43:26.605Z",
    "level": "success",
    "message": "Fetched 1 currencies",
    "meta": {
      "company": "Tally"
    },
    "company": "Tally"
  },
  {
    "id": 1777718606589.111,
    "ts": "2026-05-02T10:43:26.589Z",
    "level": "info",
    "message": "Fetching currencies from Tally",
    "meta": {
      "company": "Tally"
    },
    "company": "Tally"
  },
  {
    "id": 1777718606581.4424,
    "ts": "2026-05-02T10:43:26.581Z",
    "level": "success",
    "message": "Fetched 3 cost centres",
    "meta": {
      "company": "Tally"
    },
    "company": "Tally"
  },
  {
    "id": 1777718606563.7292,
    "ts": "2026-05-02T10:43:26.563Z",
    "level": "info",
    "message": "Fetching cost centres from Tally",
    "meta": {
      "company": "Tally"
    },
    "company": "Tally"
  },
  {
    "id": 1777718606555.881,
    "ts": "2026-05-02T10:43:26.555Z",
    "level": "success",
    "message": "Fetched 1 cost categories",
    "meta": {
      "company": "Tally"
    },
    "company": "Tally"
  },
  {
    "id": 1777718606536.3582,
    "ts": "2026-05-02T10:43:26.536Z",
    "level": "info",
    "message": "Fetching cost categories from Tally",
    "meta": {
      "company": "Tally"
    },
    "company": "Tally"
  },
  {
    "id": 1777718606527.574,
    "ts": "2026-05-02T10:43:26.527Z",
    "level": "success",
    "message": "Fetched 29 voucher types",
    "meta": {
      "company": "Tally"
    },
    "company": "Tally"
  },
  {
    "id": 1777718606502.1494,
    "ts": "2026-05-02T10:43:26.502Z",
    "level": "info",
    "message": "Fetching voucher types from Tally",
    "meta": {
      "company": "Tally"
    },
    "company": "Tally"
  },
  {
    "id": 1777718606490.7095,
    "ts": "2026-05-02T10:43:26.490Z",
    "level": "success",
    "message": "Fetched 68 ledgers",
    "meta": {
      "company": "Tally"
    },
    "company": "Tally"
  },
  {
    "id": 1777718606431.9197,
    "ts": "2026-05-02T10:43:26.431Z",
    "level": "info",
    "message": "Fetching ledgers from Tally",
    "meta": {
      "company": "Tally"
    },
    "company": "Tally"
  },
  {
    "id": 1777718606419.8992,
    "ts": "2026-05-02T10:43:26.419Z",
    "level": "success",
    "message": "Fetched 28 groups",
    "meta": {
      "company": "Tally"
    },
    "company": "Tally"
  },
  {
    "id": 1777718606380.3386,
    "ts": "2026-05-02T10:43:26.380Z",
    "level": "info",
    "message": "Fetching groups from Tally",
    "meta": {
      "company": "Tally"
    },
    "company": "Tally"
  },
  {
    "id": 1777718578550.354,
    "ts": "2026-05-02T10:42:58.550Z",
    "level": "success",
    "message": "Fetched 109 vouchers (filtered: 2025-05-02 → 2026-05-02) from 129 total",
    "meta": {
      "company": "Tally"
    },
    "company": "Tally"
  },
  {
    "id": 1777718578539.2617,
    "ts": "2026-05-02T10:42:58.539Z",
    "level": "info",
    "message": "Vouchers parsed successfully: 129",
    "meta": {
      "company": "Tally"
    },
    "company": "Tally"
  },
  {
    "id": 1777718578525.17,
    "ts": "2026-05-02T10:42:58.525Z",
    "level": "info",
    "message": "Raw vouchers received from Tally: 129",
    "meta": {
      "company": "Tally"
    },
    "company": "Tally"
  },
  {
    "id": 1777718578248.771,
    "ts": "2026-05-02T10:42:58.248Z",
    "level": "info",
    "message": "Fetching ALL vouchers from Tally",
    "meta": {
      "company": "Tally",
      "fromDate": "2025-05-02",
      "toDate": "2026-05-02"
    },
    "company": "Tally"
  },
  {
    "id": 1777718578238.742,
    "ts": "2026-05-02T10:42:58.238Z",
    "level": "info",
    "message": "Voucher check: fetching ALL vouchers",
    "meta": {
      "company": "Tally"
    },
    "company": "Tally"
  },
  {
    "id": 1777718578230.0278,
    "ts": "2026-05-02T10:42:58.230Z",
    "level": "success",
    "message": "Fetched 1 godowns",
    "meta": {
      "company": "Tally"
    },
    "company": "Tally"
  },
  {
    "id": 1777718578211.37,
    "ts": "2026-05-02T10:42:58.211Z",
    "level": "info",
    "message": "Fetching godowns from Tally",
    "meta": {
      "company": "Tally"
    },
    "company": "Tally"
  },
  {
    "id": 1777718578203.9084,
    "ts": "2026-05-02T10:42:58.203Z",
    "level": "success",
    "message": "Fetched 1 units",
    "meta": {
      "company": "Tally"
    },
    "company": "Tally"
  },
  {
    "id": 1777718578186.4163,
    "ts": "2026-05-02T10:42:58.186Z",
    "level": "info",
    "message": "Fetching units from Tally",
    "meta": {
      "company": "Tally"
    },
    "company": "Tally"
  },
  {
    "id": 1777718578177.5432,
    "ts": "2026-05-02T10:42:58.177Z",
    "level": "success",
    "message": "Fetched 0 stock categories",
    "meta": {
      "company": "Tally"
    },
    "company": "Tally"
  },
  {
    "id": 1777718578161.6465,
    "ts": "2026-05-02T10:42:58.161Z",
    "level": "info",
    "message": "Fetching stock categories from Tally",
    "meta": {
      "company": "Tally"
    },
    "company": "Tally"
  },
  {
    "id": 1777718578149.8875,
    "ts": "2026-05-02T10:42:58.149Z",
    "level": "success",
    "message": "Fetched 9 stock items (0 with HSN/SAC, 0 with GST rate)",
    "meta": {
      "company": "Tally"
    },
    "company": "Tally"
  },
  {
    "id": 1777718578123.4377,
    "ts": "2026-05-02T10:42:58.123Z",
    "level": "info",
    "message": "Fetching stock items from Tally",
    "meta": {
      "company": "Tally"
    },
    "company": "Tally"
  },
  {
    "id": 1777718578115.8555,
    "ts": "2026-05-02T10:42:58.115Z",
    "level": "success",
    "message": "Fetched 1 stock groups",
    "meta": {
      "company": "Tally"
    },
    "company": "Tally"
  },
  {
    "id": 1777718578093.2717,
    "ts": "2026-05-02T10:42:58.093Z",
    "level": "info",
    "message": "Fetching stock groups from Tally",
    "meta": {
      "company": "Tally"
    },
    "company": "Tally"
  },
  {
    "id": 1777718578085.6653,
    "ts": "2026-05-02T10:42:58.085Z",
    "level": "success",
    "message": "Fetched 0 budgets",
    "meta": {
      "company": "Tally"
    },
    "company": "Tally"
  },
  {
    "id": 1777718578064.6626,
    "ts": "2026-05-02T10:42:58.064Z",
    "level": "info",
    "message": "Fetching budgets from Tally",
    "meta": {
      "company": "Tally"
    },
    "company": "Tally"
  },
  {
    "id": 1777718578056.6313,
    "ts": "2026-05-02T10:42:58.056Z",
    "level": "success",
    "message": "Fetched 1 currencies",
    "meta": {
      "company": "Tally"
    },
    "company": "Tally"
  },
  {
    "id": 1777718578036.1873,
    "ts": "2026-05-02T10:42:58.036Z",
    "level": "info",
    "message": "Fetching currencies from Tally",
    "meta": {
      "company": "Tally"
    },
    "company": "Tally"
  },
  {
    "id": 1777718578028.4392,
    "ts": "2026-05-02T10:42:58.028Z",
    "level": "success",
    "message": "Fetched 3 cost centres",
    "meta": {
      "company": "Tally"
    },
    "company": "Tally"
  },
  {
    "id": 1777718578007.969,
    "ts": "2026-05-02T10:42:58.007Z",
    "level": "info",
    "message": "Fetching cost centres from Tally",
    "meta": {
      "company": "Tally"
    },
    "company": "Tally"
  },
  {
    "id": 1777718577998.6409,
    "ts": "2026-05-02T10:42:57.998Z",
    "level": "success",
    "message": "Fetched 1 cost categories",
    "meta": {
      "company": "Tally"
    },
    "company": "Tally"
  },
  {
    "id": 1777718577981.0706,
    "ts": "2026-05-02T10:42:57.981Z",
    "level": "info",
    "message": "Fetching cost categories from Tally",
    "meta": {
      "company": "Tally"
    },
    "company": "Tally"
  },
  {
    "id": 1777718577973.9666,
    "ts": "2026-05-02T10:42:57.973Z",
    "level": "success",
    "message": "Fetched 29 voucher types",
    "meta": {
      "company": "Tally"
    },
    "company": "Tally"
  },
  {
    "id": 1777718577944.7,
    "ts": "2026-05-02T10:42:57.944Z",
    "level": "info",
    "message": "Fetching voucher types from Tally",
    "meta": {
      "company": "Tally"
    },
    "company": "Tally"
  },
  {
    "id": 1777718577935.352,
    "ts": "2026-05-02T10:42:57.935Z",
    "level": "success",
    "message": "Fetched 68 ledgers",
    "meta": {
      "company": "Tally"
    },
    "company": "Tally"
  },
  {
    "id": 1777718577875.4602,
    "ts": "2026-05-02T10:42:57.875Z",
    "level": "info",
    "message": "Fetching ledgers from Tally",
    "meta": {
      "company": "Tally"
    },
    "company": "Tally"
  },
  {
    "id": 1777718577863.0762,
    "ts": "2026-05-02T10:42:57.863Z",
    "level": "success",
    "message": "Fetched 28 groups",
    "meta": {
      "company": "Tally"
    },
    "company": "Tally"
  },
  {
    "id": 1777718577819.0713,
    "ts": "2026-05-02T10:42:57.819Z",
    "level": "info",
    "message": "Fetching groups from Tally",
    "meta": {
      "company": "Tally"
    },
    "company": "Tally"
  },
  {
    "id": 1777718342637.0532,
    "ts": "2026-05-02T10:39:02.637Z",
    "level": "warn",
    "message": "All 129 Tally vouchers are outside the requested window (2026-04-02 → 2026-05-02). Actual voucher dates in Tally: 2025-04-01 → 2026-04-01. If this is unexpected, reset the sync state so the next run uses the company start date as fromDate.",
    "meta": {
      "company": "Tally"
    },
    "company": "Tally"
  },
  {
    "id": 1777718342629.245,
    "ts": "2026-05-02T10:39:02.629Z",
    "level": "success",
    "message": "Fetched 0 vouchers (filtered: 2026-04-02 → 2026-05-02) from 129 total",
    "meta": {
      "company": "Tally"
    },
    "company": "Tally"
  },
  {
    "id": 1777718342621.635,
    "ts": "2026-05-02T10:39:02.621Z",
    "level": "info",
    "message": "Vouchers parsed successfully: 129",
    "meta": {
      "company": "Tally"
    },
    "company": "Tally"
  },
  {
    "id": 1777718342610.3118,
    "ts": "2026-05-02T10:39:02.610Z",
    "level": "info",
    "message": "Raw vouchers received from Tally: 129",
    "meta": {
      "company": "Tally"
    },
    "company": "Tally"
  },
  {
    "id": 1777718342384.1985,
    "ts": "2026-05-02T10:39:02.384Z",
    "level": "info",
    "message": "Fetching ALL vouchers from Tally",
    "meta": {
      "company": "Tally",
      "fromDate": "2026-04-02",
      "toDate": "2026-05-02"
    },
    "company": "Tally"
  },
  {
    "id": 1777718342375.3965,
    "ts": "2026-05-02T10:39:02.375Z",
    "level": "info",
    "message": "Voucher check: fetching ALL vouchers",
    "meta": {
      "company": "Tally"
    },
    "company": "Tally"
  },
  {
    "id": 1777718342366.9875,
    "ts": "2026-05-02T10:39:02.366Z",
    "level": "success",
    "message": "Fetched 1 godowns",
    "meta": {
      "company": "Tally"
    },
    "company": "Tally"
  },
  {
    "id": 1777718342349.5703,
    "ts": "2026-05-02T10:39:02.349Z",
    "level": "info",
    "message": "Fetching godowns from Tally",
    "meta": {
      "company": "Tally"
    },
    "company": "Tally"
  },
  {
    "id": 1777718342341.1538,
    "ts": "2026-05-02T10:39:02.341Z",
    "level": "success",
    "message": "Fetched 1 units",
    "meta": {
      "company": "Tally"
    },
    "company": "Tally"
  },
  {
    "id": 1777718342325.6274,
    "ts": "2026-05-02T10:39:02.325Z",
    "level": "info",
    "message": "Fetching units from Tally",
    "meta": {
      "company": "Tally"
    },
    "company": "Tally"
  },
  {
    "id": 1777718342316.449,
    "ts": "2026-05-02T10:39:02.316Z",
    "level": "success",
    "message": "Fetched 0 stock categories",
    "meta": {
      "company": "Tally"
    },
    "company": "Tally"
  },
  {
    "id": 1777718342301.9963,
    "ts": "2026-05-02T10:39:02.301Z",
    "level": "info",
    "message": "Fetching stock categories from Tally",
    "meta": {
      "company": "Tally"
    },
    "company": "Tally"
  },
  {
    "id": 1777718342291.932,
    "ts": "2026-05-02T10:39:02.291Z",
    "level": "success",
    "message": "Fetched 9 stock items (0 with HSN/SAC, 0 with GST rate)",
    "meta": {
      "company": "Tally"
    },
    "company": "Tally"
  },
  {
    "id": 1777718342266.3772,
    "ts": "2026-05-02T10:39:02.266Z",
    "level": "info",
    "message": "Fetching stock items from Tally",
    "meta": {
      "company": "Tally"
    },
    "company": "Tally"
  },
  {
    "id": 1777718342257.911,
    "ts": "2026-05-02T10:39:02.257Z",
    "level": "success",
    "message": "Fetched 1 stock groups",
    "meta": {
      "company": "Tally"
    },
    "company": "Tally"
  },
  {
    "id": 1777718342236.1213,
    "ts": "2026-05-02T10:39:02.236Z",
    "level": "info",
    "message": "Fetching stock groups from Tally",
    "meta": {
      "company": "Tally"
    },
    "company": "Tally"
  },
  {
    "id": 1777718342226.6492,
    "ts": "2026-05-02T10:39:02.226Z",
    "level": "success",
    "message": "Fetched 0 budgets",
    "meta": {
      "company": "Tally"
    },
    "company": "Tally"
  },
  {
    "id": 1777718342211.546,
    "ts": "2026-05-02T10:39:02.211Z",
    "level": "info",
    "message": "Fetching budgets from Tally",
    "meta": {
      "company": "Tally"
    },
    "company": "Tally"
  },
  {
    "id": 1777718342202.9158,
    "ts": "2026-05-02T10:39:02.202Z",
    "level": "success",
    "message": "Fetched 1 currencies",
    "meta": {
      "company": "Tally"
    },
    "company": "Tally"
  },
  {
    "id": 1777718342186.224,
    "ts": "2026-05-02T10:39:02.186Z",
    "level": "info",
    "message": "Fetching currencies from Tally",
    "meta": {
      "company": "Tally"
    },
    "company": "Tally"
  },
  {
    "id": 1777718342178.6824,
    "ts": "2026-05-02T10:39:02.178Z",
    "level": "success",
    "message": "Fetched 3 cost centres",
    "meta": {
      "company": "Tally"
    },
    "company": "Tally"
  },
  {
    "id": 1777718342160.2964,
    "ts": "2026-05-02T10:39:02.160Z",
    "level": "info",
    "message": "Fetching cost centres from Tally",
    "meta": {
      "company": "Tally"
    },
    "company": "Tally"
  },
  {
    "id": 1777718342150.1501,
    "ts": "2026-05-02T10:39:02.150Z",
    "level": "success",
    "message": "Fetched 1 cost categories",
    "meta": {
      "company": "Tally"
    },
    "company": "Tally"
  },
  {
    "id": 1777718342134.8113,
    "ts": "2026-05-02T10:39:02.134Z",
    "level": "info",
    "message": "Fetching cost categories from Tally",
    "meta": {
      "company": "Tally"
    },
    "company": "Tally"
  },
  {
    "id": 1777718342127.4846,
    "ts": "2026-05-02T10:39:02.127Z",
    "level": "success",
    "message": "Fetched 29 voucher types",
    "meta": {
      "company": "Tally"
    },
    "company": "Tally"
  },
  {
    "id": 1777718342100.7783,
    "ts": "2026-05-02T10:39:02.100Z",
    "level": "info",
    "message": "Fetching voucher types from Tally",
    "meta": {
      "company": "Tally"
    },
    "company": "Tally"
  },
  {
    "id": 1777718342090.7405,
    "ts": "2026-05-02T10:39:02.090Z",
    "level": "success",
    "message": "Fetched 68 ledgers",
    "meta": {
      "company": "Tally"
    },
    "company": "Tally"
  },
  {
    "id": 1777718342051.9617,
    "ts": "2026-05-02T10:39:02.051Z",
    "level": "info",
    "message": "Fetching ledgers from Tally",
    "meta": {
      "company": "Tally"
    },
    "company": "Tally"
  },
  {
    "id": 1777718342040.8528,
    "ts": "2026-05-02T10:39:02.040Z",
    "level": "success",
    "message": "Fetched 28 groups",
    "meta": {
      "company": "Tally"
    },
    "company": "Tally"
  },
  {
    "id": 1777718342017.8054,
    "ts": "2026-05-02T10:39:02.017Z",
    "level": "info",
    "message": "Fetching groups from Tally",
    "meta": {
      "company": "Tally"
    },
    "company": "Tally"
  },
  {
    "id": 1777718317229.0498,
    "ts": "2026-05-02T10:38:37.229Z",
    "level": "warn",
    "message": "All 129 Tally vouchers are outside the requested window (2026-04-02 → 2026-05-02). Actual voucher dates in Tally: 2025-04-01 → 2026-04-01. If this is unexpected, reset the sync state so the next run uses the company start date as fromDate.",
    "meta": {
      "company": "Tally"
    },
    "company": "Tally"
  },
  {
    "id": 1777718317218.2324,
    "ts": "2026-05-02T10:38:37.218Z",
    "level": "success",
    "message": "Fetched 0 vouchers (filtered: 2026-04-02 → 2026-05-02) from 129 total",
    "meta": {
      "company": "Tally"
    },
    "company": "Tally"
  },
  {
    "id": 1777718317209.7224,
    "ts": "2026-05-02T10:38:37.209Z",
    "level": "info",
    "message": "Vouchers parsed successfully: 129",
    "meta": {
      "company": "Tally"
    },
    "company": "Tally"
  },
  {
    "id": 1777718317195.312,
    "ts": "2026-05-02T10:38:37.195Z",
    "level": "info",
    "message": "Raw vouchers received from Tally: 129",
    "meta": {
      "company": "Tally"
    },
    "company": "Tally"
  },
  {
    "id": 1777718316929.3298,
    "ts": "2026-05-02T10:38:36.929Z",
    "level": "info",
    "message": "Fetching ALL vouchers from Tally",
    "meta": {
      "company": "Tally",
      "fromDate": "2026-04-02",
      "toDate": "2026-05-02"
    },
    "company": "Tally"
  },
  {
    "id": 1777718316921.3057,
    "ts": "2026-05-02T10:38:36.921Z",
    "level": "info",
    "message": "Voucher check: fetching ALL vouchers",
    "meta": {
      "company": "Tally"
    },
    "company": "Tally"
  },
  {
    "id": 1777718316911.0815,
    "ts": "2026-05-02T10:38:36.911Z",
    "level": "success",
    "message": "Fetched 1 godowns",
    "meta": {
      "company": "Tally"
    },
    "company": "Tally"
  },
  {
    "id": 1777718316893.9473,
    "ts": "2026-05-02T10:38:36.893Z",
    "level": "info",
    "message": "Fetching godowns from Tally",
    "meta": {
      "company": "Tally"
    },
    "company": "Tally"
  },
  {
    "id": 1777718316883.6963,
    "ts": "2026-05-02T10:38:36.883Z",
    "level": "success",
    "message": "Fetched 1 units",
    "meta": {
      "company": "Tally"
    },
    "company": "Tally"
  },
  {
    "id": 1777718316868.6067,
    "ts": "2026-05-02T10:38:36.868Z",
    "level": "info",
    "message": "Fetching units from Tally",
    "meta": {
      "company": "Tally"
    },
    "company": "Tally"
  },
  {
    "id": 1777718316858.211,
    "ts": "2026-05-02T10:38:36.858Z",
    "level": "success",
    "message": "Fetched 0 stock categories",
    "meta": {
      "company": "Tally"
    },
    "company": "Tally"
  },
  {
    "id": 1777718316842.2986,
    "ts": "2026-05-02T10:38:36.842Z",
    "level": "info",
    "message": "Fetching stock categories from Tally",
    "meta": {
      "company": "Tally"
    },
    "company": "Tally"
  },
  {
    "id": 1777718316831.0315,
    "ts": "2026-05-02T10:38:36.831Z",
    "level": "success",
    "message": "Fetched 9 stock items (0 with HSN/SAC, 0 with GST rate)",
    "meta": {
      "company": "Tally"
    },
    "company": "Tally"
  },
  {
    "id": 1777718316805.658,
    "ts": "2026-05-02T10:38:36.805Z",
    "level": "info",
    "message": "Fetching stock items from Tally",
    "meta": {
      "company": "Tally"
    },
    "company": "Tally"
  },
  {
    "id": 1777718316796.8904,
    "ts": "2026-05-02T10:38:36.796Z",
    "level": "success",
    "message": "Fetched 1 stock groups",
    "meta": {
      "company": "Tally"
    },
    "company": "Tally"
  },
  {
    "id": 1777718316775.601,
    "ts": "2026-05-02T10:38:36.775Z",
    "level": "info",
    "message": "Fetching stock groups from Tally",
    "meta": {
      "company": "Tally"
    },
    "company": "Tally"
  },
  {
    "id": 1777718316766.0632,
    "ts": "2026-05-02T10:38:36.766Z",
    "level": "success",
    "message": "Fetched 0 budgets",
    "meta": {
      "company": "Tally"
    },
    "company": "Tally"
  },
  {
    "id": 1777718316747.185,
    "ts": "2026-05-02T10:38:36.747Z",
    "level": "info",
    "message": "Fetching budgets from Tally",
    "meta": {
      "company": "Tally"
    },
    "company": "Tally"
  },
  {
    "id": 1777718316739.5994,
    "ts": "2026-05-02T10:38:36.739Z",
    "level": "success",
    "message": "Fetched 1 currencies",
    "meta": {
      "company": "Tally"
    },
    "company": "Tally"
  },
  {
    "id": 1777718316720.487,
    "ts": "2026-05-02T10:38:36.720Z",
    "level": "info",
    "message": "Fetching currencies from Tally",
    "meta": {
      "company": "Tally"
    },
    "company": "Tally"
  },
  {
    "id": 1777718316710.1345,
    "ts": "2026-05-02T10:38:36.710Z",
    "level": "success",
    "message": "Fetched 3 cost centres",
    "meta": {
      "company": "Tally"
    },
    "company": "Tally"
  },
  {
    "id": 1777718316692.8582,
    "ts": "2026-05-02T10:38:36.692Z",
    "level": "info",
    "message": "Fetching cost centres from Tally",
    "meta": {
      "company": "Tally"
    },
    "company": "Tally"
  },
  {
    "id": 1777718316681.3252,
    "ts": "2026-05-02T10:38:36.681Z",
    "level": "success",
    "message": "Fetched 1 cost categories",
    "meta": {
      "company": "Tally"
    },
    "company": "Tally"
  },
  {
    "id": 1777718316664.6316,
    "ts": "2026-05-02T10:38:36.664Z",
    "level": "info",
    "message": "Fetching cost categories from Tally",
    "meta": {
      "company": "Tally"
    },
    "company": "Tally"
  },
  {
    "id": 1777718316656.011,
    "ts": "2026-05-02T10:38:36.656Z",
    "level": "success",
    "message": "Fetched 29 voucher types",
    "meta": {
      "company": "Tally"
    },
    "company": "Tally"
  },
  {
    "id": 1777718316627.6472,
    "ts": "2026-05-02T10:38:36.627Z",
    "level": "info",
    "message": "Fetching voucher types from Tally",
    "meta": {
      "company": "Tally"
    },
    "company": "Tally"
  },
  {
    "id": 1777718316617.7502,
    "ts": "2026-05-02T10:38:36.617Z",
    "level": "success",
    "message": "Fetched 68 ledgers",
    "meta": {
      "company": "Tally"
    },
    "company": "Tally"
  },
  {
    "id": 1777718316565.1787,
    "ts": "2026-05-02T10:38:36.565Z",
    "level": "info",
    "message": "Fetching ledgers from Tally",
    "meta": {
      "company": "Tally"
    },
    "company": "Tally"
  },
  {
    "id": 1777718316552.6792,
    "ts": "2026-05-02T10:38:36.552Z",
    "level": "success",
    "message": "Fetched 28 groups",
    "meta": {
      "company": "Tally"
    },
    "company": "Tally"
  },
  {
    "id": 1777718316509.5264,
    "ts": "2026-05-02T10:38:36.509Z",
    "level": "info",
    "message": "Fetching groups from Tally",
    "meta": {
      "company": "Tally"
    },
    "company": "Tally"
  },
  {
    "id": 1777717982776.883,
    "ts": "2026-05-02T10:33:02.776Z",
    "level": "success",
    "message": "Fetched 129 total vouchers (all dates)",
    "meta": {
      "company": "Tally"
    },
    "company": "Tally"
  },
  {
    "id": 1777717982764.6711,
    "ts": "2026-05-02T10:33:02.764Z",
    "level": "info",
    "message": "Vouchers parsed successfully: 129",
    "meta": {
      "company": "Tally"
    },
    "company": "Tally"
  },
  {
    "id": 1777717982751.7632,
    "ts": "2026-05-02T10:33:02.751Z",
    "level": "info",
    "message": "Raw vouchers received from Tally: 129",
    "meta": {
      "company": "Tally"
    },
    "company": "Tally"
  },
  {
    "id": 1777717982410.2458,
    "ts": "2026-05-02T10:33:02.410Z",
    "level": "info",
    "message": "Fetching ALL vouchers from Tally",
    "meta": {
      "company": "Tally",
      "fromDate": null,
      "toDate": null
    },
    "company": "Tally"
  },
  {
    "id": 1777717982401.5254,
    "ts": "2026-05-02T10:33:02.401Z",
    "level": "info",
    "message": "Voucher check: fetching ALL vouchers",
    "meta": {
      "company": "Tally"
    },
    "company": "Tally"
  },
  {
    "id": 1777717982393.9062,
    "ts": "2026-05-02T10:33:02.393Z",
    "level": "success",
    "message": "Fetched 1 godowns",
    "meta": {
      "company": "Tally"
    },
    "company": "Tally"
  },
  {
    "id": 1777717982375.9685,
    "ts": "2026-05-02T10:33:02.375Z",
    "level": "info",
    "message": "Fetching godowns from Tally",
    "meta": {
      "company": "Tally"
    },
    "company": "Tally"
  },
  {
    "id": 1777717982367.8638,
    "ts": "2026-05-02T10:33:02.367Z",
    "level": "success",
    "message": "Fetched 1 units",
    "meta": {
      "company": "Tally"
    },
    "company": "Tally"
  },
  {
    "id": 1777717982349.563,
    "ts": "2026-05-02T10:33:02.349Z",
    "level": "info",
    "message": "Fetching units from Tally",
    "meta": {
      "company": "Tally"
    },
    "company": "Tally"
  },
  {
    "id": 1777717982341.6643,
    "ts": "2026-05-02T10:33:02.341Z",
    "level": "success",
    "message": "Fetched 0 stock categories",
    "meta": {
      "company": "Tally"
    },
    "company": "Tally"
  },
  {
    "id": 1777717982325.7285,
    "ts": "2026-05-02T10:33:02.325Z",
    "level": "info",
    "message": "Fetching stock categories from Tally",
    "meta": {
      "company": "Tally"
    },
    "company": "Tally"
  },
  {
    "id": 1777717982315.6313,
    "ts": "2026-05-02T10:33:02.315Z",
    "level": "success",
    "message": "Fetched 9 stock items (0 with HSN/SAC, 0 with GST rate)",
    "meta": {
      "company": "Tally"
    },
    "company": "Tally"
  },
  {
    "id": 1777717982288.797,
    "ts": "2026-05-02T10:33:02.288Z",
    "level": "info",
    "message": "Fetching stock items from Tally",
    "meta": {
      "company": "Tally"
    },
    "company": "Tally"
  },
  {
    "id": 1777717982279.6562,
    "ts": "2026-05-02T10:33:02.279Z",
    "level": "success",
    "message": "Fetched 1 stock groups",
    "meta": {
      "company": "Tally"
    },
    "company": "Tally"
  },
  {
    "id": 1777717982258.0068,
    "ts": "2026-05-02T10:33:02.258Z",
    "level": "info",
    "message": "Fetching stock groups from Tally",
    "meta": {
      "company": "Tally"
    },
    "company": "Tally"
  },
  {
    "id": 1777717982248.9712,
    "ts": "2026-05-02T10:33:02.248Z",
    "level": "success",
    "message": "Fetched 0 budgets",
    "meta": {
      "company": "Tally"
    },
    "company": "Tally"
  },
  {
    "id": 1777717982232.7334,
    "ts": "2026-05-02T10:33:02.232Z",
    "level": "info",
    "message": "Fetching budgets from Tally",
    "meta": {
      "company": "Tally"
    },
    "company": "Tally"
  },
  {
    "id": 1777717982223.5623,
    "ts": "2026-05-02T10:33:02.223Z",
    "level": "success",
    "message": "Fetched 1 currencies",
    "meta": {
      "company": "Tally"
    },
    "company": "Tally"
  },
  {
    "id": 1777717982206.99,
    "ts": "2026-05-02T10:33:02.206Z",
    "level": "info",
    "message": "Fetching currencies from Tally",
    "meta": {
      "company": "Tally"
    },
    "company": "Tally"
  },
  {
    "id": 1777717982198.059,
    "ts": "2026-05-02T10:33:02.198Z",
    "level": "success",
    "message": "Fetched 3 cost centres",
    "meta": {
      "company": "Tally"
    },
    "company": "Tally"
  },
  {
    "id": 1777717982178.8682,
    "ts": "2026-05-02T10:33:02.178Z",
    "level": "info",
    "message": "Fetching cost centres from Tally",
    "meta": {
      "company": "Tally"
    },
    "company": "Tally"
  },
  {
    "id": 1777717982169.288,
    "ts": "2026-05-02T10:33:02.169Z",
    "level": "success",
    "message": "Fetched 1 cost categories",
    "meta": {
      "company": "Tally"
    },
    "company": "Tally"
  },
  {
    "id": 1777717982152.6436,
    "ts": "2026-05-02T10:33:02.152Z",
    "level": "info",
    "message": "Fetching cost categories from Tally",
    "meta": {
      "company": "Tally"
    },
    "company": "Tally"
  },
  {
    "id": 1777717982143.2546,
    "ts": "2026-05-02T10:33:02.143Z",
    "level": "success",
    "message": "Fetched 29 voucher types",
    "meta": {
      "company": "Tally"
    },
    "company": "Tally"
  },
  {
    "id": 1777717982112.375,
    "ts": "2026-05-02T10:33:02.112Z",
    "level": "info",
    "message": "Fetching voucher types from Tally",
    "meta": {
      "company": "Tally"
    },
    "company": "Tally"
  },
  {
    "id": 1777717982102.3152,
    "ts": "2026-05-02T10:33:02.102Z",
    "level": "success",
    "message": "Fetched 68 ledgers",
    "meta": {
      "company": "Tally"
    },
    "company": "Tally"
  },
  {
    "id": 1777717982025.305,
    "ts": "2026-05-02T10:33:02.025Z",
    "level": "info",
    "message": "Fetching ledgers from Tally",
    "meta": {
      "company": "Tally"
    },
    "company": "Tally"
  },
  {
    "id": 1777717982015.6975,
    "ts": "2026-05-02T10:33:02.015Z",
    "level": "success",
    "message": "Fetched 28 groups",
    "meta": {
      "company": "Tally"
    },
    "company": "Tally"
  },
  {
    "id": 1777717981967.5652,
    "ts": "2026-05-02T10:33:01.967Z",
    "level": "info",
    "message": "Fetching groups from Tally",
    "meta": {
      "company": "Tally"
    },
    "company": "Tally"
  },
  {
    "id": 1777713058550.6448,
    "ts": "2026-05-02T09:10:58.550Z",
    "level": "success",
    "message": "Fetched 9 stock items (0 with HSN/SAC, 0 with GST rate)",
    "meta": {
      "company": "Tally"
    },
    "company": "Tally"
  },
  {
    "id": 1777713058521.3494,
    "ts": "2026-05-02T09:10:58.521Z",
    "level": "info",
    "message": "Fetching stock items from Tally",
    "meta": {
      "company": "Tally"
    },
    "company": "Tally"
  },
  {
    "id": 1777713058509.2642,
    "ts": "2026-05-02T09:10:58.509Z",
    "level": "success",
    "message": "Fetched 68 ledgers",
    "meta": {
      "company": "Tally"
    },
    "company": "Tally"
  },
  {
    "id": 1777713058461.9788,
    "ts": "2026-05-02T09:10:58.461Z",
    "level": "info",
    "message": "Fetching ledgers from Tally",
    "meta": {
      "company": "Tally"
    },
    "company": "Tally"
  },
  {
    "id": 1777713058444.3064,
    "ts": "2026-05-02T09:10:58.444Z",
    "level": "success",
    "message": "Fetched 1 godowns",
    "meta": {
      "company": "Tally"
    },
    "company": "Tally"
  },
  {
    "id": 1777713058423.8086,
    "ts": "2026-05-02T09:10:58.423Z",
    "level": "info",
    "message": "Fetching godowns from Tally",
    "meta": {
      "company": "Tally"
    },
    "company": "Tally"
  },
  {
    "id": 1777713058404.9885,
    "ts": "2026-05-02T09:10:58.404Z",
    "level": "success",
    "message": "Fetched 3 cost centres",
    "meta": {
      "company": "Tally"
    },
    "company": "Tally"
  },
  {
    "id": 1777713058385.815,
    "ts": "2026-05-02T09:10:58.385Z",
    "level": "info",
    "message": "Fetching cost centres from Tally",
    "meta": {
      "company": "Tally"
    },
    "company": "Tally"
  },
  {
    "id": 1777713058370.0195,
    "ts": "2026-05-02T09:10:58.370Z",
    "level": "success",
    "message": "Fetched 28 groups",
    "meta": {
      "company": "Tally"
    },
    "company": "Tally"
  },
  {
    "id": 1777713058339.5425,
    "ts": "2026-05-02T09:10:58.339Z",
    "level": "info",
    "message": "Fetching groups from Tally",
    "meta": {
      "company": "Tally"
    },
    "company": "Tally"
  },
  {
    "id": 1777713023152.5076,
    "ts": "2026-05-02T09:10:23.152Z",
    "level": "success",
    "message": "Fetched 68 ledgers",
    "meta": {
      "company": "Tally"
    },
    "company": "Tally"
  },
  {
    "id": 1777713023084.056,
    "ts": "2026-05-02T09:10:23.084Z",
    "level": "info",
    "message": "Fetching ledgers from Tally",
    "meta": {
      "company": "Tally"
    },
    "company": "Tally"
  },
  {
    "id": 1777713023065.3662,
    "ts": "2026-05-02T09:10:23.065Z",
    "level": "success",
    "message": "Fetched 28 groups",
    "meta": {
      "company": "Tally"
    },
    "company": "Tally"
  },
  {
    "id": 1777713023011.4456,
    "ts": "2026-05-02T09:10:23.011Z",
    "level": "info",
    "message": "Fetching groups from Tally",
    "meta": {
      "company": "Tally"
    },
    "company": "Tally"
  },
  {
    "id": 1777711505045.1135,
    "ts": "2026-05-02T08:45:05.045Z",
    "level": "success",
    "message": "✓ Auto-sync run #2 completed for \"Tally\" (2025-04-01 → 2026-05-02).",
    "meta": {
      "type": "auto_sync_run_summary",
      "company": "Tally",
      "fromDate": "2025-04-01",
      "toDate": "2026-05-02",
      "status": "ok",
      "runNumber": 2
    },
    "company": "Tally"
  },
  {
    "id": 1777711398966.9734,
    "ts": "2026-05-02T08:43:18.966Z",
    "level": "success",
    "message": "Fetched 68 ledgers",
    "meta": {
      "company": "Tally"
    },
    "company": "Tally"
  },
  {
    "id": 1777711398912.421,
    "ts": "2026-05-02T08:43:18.912Z",
    "level": "info",
    "message": "Fetching ledgers from Tally",
    "meta": {
      "company": "Tally"
    },
    "company": "Tally"
  },
  {
    "id": 1777711089607.5884,
    "ts": "2026-05-02T08:38:09.607Z",
    "level": "success",
    "message": "Fetched 129 vouchers (filtered: 2025-04-01 → 2026-05-02) from 129 total",
    "meta": {
      "company": "Tally"
    },
    "company": "Tally"
  },
  {
    "id": 1777711089597.2417,
    "ts": "2026-05-02T08:38:09.597Z",
    "level": "info",
    "message": "Vouchers parsed successfully: 129",
    "meta": {
      "company": "Tally"
    },
    "company": "Tally"
  },
  {
    "id": 1777711089586.7188,
    "ts": "2026-05-02T08:38:09.586Z",
    "level": "info",
    "message": "Raw vouchers received from Tally: 129",
    "meta": {
      "company": "Tally"
    },
    "company": "Tally"
  },
  {
    "id": 1777711089305.1992,
    "ts": "2026-05-02T08:38:09.305Z",
    "level": "info",
    "message": "Fetching ALL vouchers from Tally",
    "meta": {
      "company": "Tally",
      "fromDate": "2025-04-01",
      "toDate": "2026-05-02"
    },
    "company": "Tally"
  },
  {
    "id": 1777711089280.4834,
    "ts": "2026-05-02T08:38:09.280Z",
    "level": "success",
    "message": "Fetched 9 stock items (0 with HSN/SAC, 0 with GST rate)",
    "meta": {
      "company": "Tally"
    },
    "company": "Tally"
  },
  {
    "id": 1777711089254.7861,
    "ts": "2026-05-02T08:38:09.254Z",
    "level": "info",
    "message": "Fetching stock items from Tally",
    "meta": {
      "company": "Tally"
    },
    "company": "Tally"
  },
  {
    "id": 1777711089228.0857,
    "ts": "2026-05-02T08:38:09.228Z",
    "level": "success",
    "message": "Fetched 68 ledgers",
    "meta": {
      "company": "Tally"
    },
    "company": "Tally"
  },
  {
    "id": 1777711089178.5828,
    "ts": "2026-05-02T08:38:09.178Z",
    "level": "info",
    "message": "Fetching ledgers from Tally",
    "meta": {
      "company": "Tally"
    },
    "company": "Tally"
  },
  {
    "id": 1777711089150.8333,
    "ts": "2026-05-02T08:38:09.150Z",
    "level": "success",
    "message": "Fetched 1 godowns",
    "meta": {
      "company": "Tally"
    },
    "company": "Tally"
  },
  {
    "id": 1777711089129.6245,
    "ts": "2026-05-02T08:38:09.129Z",
    "level": "info",
    "message": "Fetching godowns from Tally",
    "meta": {
      "company": "Tally"
    },
    "company": "Tally"
  },
  {
    "id": 1777711089104.1982,
    "ts": "2026-05-02T08:38:09.104Z",
    "level": "success",
    "message": "Fetched 3 cost centres",
    "meta": {
      "company": "Tally"
    },
    "company": "Tally"
  },
  {
    "id": 1777711089084.2961,
    "ts": "2026-05-02T08:38:09.084Z",
    "level": "info",
    "message": "Fetching cost centres from Tally",
    "meta": {
      "company": "Tally"
    },
    "company": "Tally"
  },
  {
    "id": 1777711089056.7686,
    "ts": "2026-05-02T08:38:09.056Z",
    "level": "success",
    "message": "Fetched 28 groups",
    "meta": {
      "company": "Tally"
    },
    "company": "Tally"
  },
  {
    "id": 1777711089023.1404,
    "ts": "2026-05-02T08:38:09.023Z",
    "level": "info",
    "message": "Fetching groups from Tally",
    "meta": {
      "company": "Tally"
    },
    "company": "Tally"
  },
  {
    "id": 1777711089003.9329,
    "ts": "2026-05-02T08:38:09.003Z",
    "level": "info",
    "message": "⏱ Auto-sync timer fired (run #2) for \"Tally\" — every 15 min. Starting sync now…",
    "meta": {
      "type": "auto_sync_triggered",
      "company": "Tally",
      "interval": "15 min",
      "runNumber": 2
    },
    "company": "Tally"
  },
  {
    "id": 1777710133249.3894,
    "ts": "2026-05-02T08:22:13.249Z",
    "level": "success",
    "message": "✓ Auto-sync run #1 completed for \"Tally\" (2026-05-02 → 2026-05-02).",
    "meta": {
      "type": "auto_sync_run_summary",
      "company": "Tally",
      "fromDate": "2026-05-02",
      "toDate": "2026-05-02",
      "status": "ok",
      "runNumber": 1
    },
    "company": "Tally"
  },
  {
    "id": 1777710133074.9915,
    "ts": "2026-05-02T08:22:13.074Z",
    "level": "success",
    "message": "Fetched 0 vouchers (filtered: 2026-04-02 → 2026-05-02) from 129 total",
    "meta": {
      "company": "Tally"
    },
    "company": "Tally"
  },
  {
    "id": 1777710133063.0725,
    "ts": "2026-05-02T08:22:13.063Z",
    "level": "info",
    "message": "Vouchers parsed successfully: 129",
    "meta": {
      "company": "Tally"
    },
    "company": "Tally"
  },
  {
    "id": 1777710133048.156,
    "ts": "2026-05-02T08:22:13.048Z",
    "level": "info",
    "message": "Raw vouchers received from Tally: 129",
    "meta": {
      "company": "Tally"
    },
    "company": "Tally"
  },
  {
    "id": 1777710132752.153,
    "ts": "2026-05-02T08:22:12.752Z",
    "level": "info",
    "message": "Fetching ALL vouchers from Tally",
    "meta": {
      "company": "Tally",
      "fromDate": "2026-04-02",
      "toDate": "2026-05-02"
    },
    "company": "Tally"
  },
  {
    "id": 1777710132715.0833,
    "ts": "2026-05-02T08:22:12.715Z",
    "level": "success",
    "message": "Fetched 9 stock items (0 with HSN/SAC, 0 with GST rate)",
    "meta": {
      "company": "Tally"
    },
    "company": "Tally"
  },
  {
    "id": 1777710132688.2266,
    "ts": "2026-05-02T08:22:12.688Z",
    "level": "info",
    "message": "Fetching stock items from Tally",
    "meta": {
      "company": "Tally"
    },
    "company": "Tally"
  },
  {
    "id": 1777710132659.0322,
    "ts": "2026-05-02T08:22:12.659Z",
    "level": "success",
    "message": "Fetched 68 ledgers",
    "meta": {
      "company": "Tally"
    },
    "company": "Tally"
  },
  {
    "id": 1777710132606.8564,
    "ts": "2026-05-02T08:22:12.606Z",
    "level": "info",
    "message": "Fetching ledgers from Tally",
    "meta": {
      "company": "Tally"
    },
    "company": "Tally"
  },
  {
    "id": 1777710132572.0847,
    "ts": "2026-05-02T08:22:12.572Z",
    "level": "success",
    "message": "Fetched 1 godowns",
    "meta": {
      "company": "Tally"
    },
    "company": "Tally"
  },
  {
    "id": 1777710132553.207,
    "ts": "2026-05-02T08:22:12.553Z",
    "level": "info",
    "message": "Fetching godowns from Tally",
    "meta": {
      "company": "Tally"
    },
    "company": "Tally"
  },
  {
    "id": 1777710132514.5774,
    "ts": "2026-05-02T08:22:12.514Z",
    "level": "success",
    "message": "Fetched 3 cost centres",
    "meta": {
      "company": "Tally"
    },
    "company": "Tally"
  },
  {
    "id": 1777710132495.1707,
    "ts": "2026-05-02T08:22:12.495Z",
    "level": "info",
    "message": "Fetching cost centres from Tally",
    "meta": {
      "company": "Tally"
    },
    "company": "Tally"
  },
  {
    "id": 1777710132458.6323,
    "ts": "2026-05-02T08:22:12.458Z",
    "level": "success",
    "message": "Fetched 28 groups",
    "meta": {
      "company": "Tally"
    },
    "company": "Tally"
  },
  {
    "id": 1777710132409.9111,
    "ts": "2026-05-02T08:22:12.409Z",
    "level": "info",
    "message": "Fetching groups from Tally",
    "meta": {
      "company": "Tally"
    },
    "company": "Tally"
  },
  {
    "id": 1777710132381.9812,
    "ts": "2026-05-02T08:22:12.381Z",
    "level": "info",
    "message": "⏱ Auto-sync timer fired (run #1) for \"Tally\" — every 15 min. Starting sync now…",
    "meta": {
      "type": "auto_sync_triggered",
      "company": "Tally",
      "interval": "15 min",
      "runNumber": 1
    },
    "company": "Tally"
  },
  {
    "id": 1777708893825.705,
    "ts": "2026-05-02T08:01:33.825Z",
    "level": "success",
    "message": "✓ Auto-sync run #3 completed for \"Tally\" (2026-05-02 → 2026-05-02).",
    "meta": {
      "type": "auto_sync_run_summary",
      "company": "Tally",
      "fromDate": "2026-05-02",
      "toDate": "2026-05-02",
      "status": "ok",
      "runNumber": 3
    },
    "company": "Tally"
  },
  {
    "id": 1777708893688.7134,
    "ts": "2026-05-02T08:01:33.688Z",
    "level": "success",
    "message": "Fetched 0 vouchers (filtered: 2026-04-02 → 2026-05-02) from 129 total",
    "meta": {
      "company": "Tally"
    },
    "company": "Tally"
  },
  {
    "id": 1777708893683.7925,
    "ts": "2026-05-02T08:01:33.683Z",
    "level": "info",
    "message": "Vouchers parsed successfully: 129",
    "meta": {
      "company": "Tally"
    },
    "company": "Tally"
  },
  {
    "id": 1777708893676.0654,
    "ts": "2026-05-02T08:01:33.676Z",
    "level": "info",
    "message": "Raw vouchers received from Tally: 129",
    "meta": {
      "company": "Tally"
    },
    "company": "Tally"
  },
  {
    "id": 1777708893420.2698,
    "ts": "2026-05-02T08:01:33.420Z",
    "level": "info",
    "message": "Fetching ALL vouchers from Tally",
    "meta": {
      "company": "Tally",
      "fromDate": "2026-04-02",
      "toDate": "2026-05-02"
    },
    "company": "Tally"
  },
  {
    "id": 1777708893400.9915,
    "ts": "2026-05-02T08:01:33.400Z",
    "level": "success",
    "message": "Fetched 9 stock items (0 with HSN/SAC, 0 with GST rate)",
    "meta": {
      "company": "Tally"
    },
    "company": "Tally"
  },
  {
    "id": 1777708893376.9683,
    "ts": "2026-05-02T08:01:33.376Z",
    "level": "info",
    "message": "Fetching stock items from Tally",
    "meta": {
      "company": "Tally"
    },
    "company": "Tally"
  },
  {
    "id": 1777708893358.945,
    "ts": "2026-05-02T08:01:33.358Z",
    "level": "success",
    "message": "Fetched 68 ledgers",
    "meta": {
      "company": "Tally"
    },
    "company": "Tally"
  },
  {
    "id": 1777708893316.1404,
    "ts": "2026-05-02T08:01:33.316Z",
    "level": "info",
    "message": "Fetching ledgers from Tally",
    "meta": {
      "company": "Tally"
    },
    "company": "Tally"
  },
  {
    "id": 1777708893300.349,
    "ts": "2026-05-02T08:01:33.300Z",
    "level": "success",
    "message": "Fetched 1 godowns",
    "meta": {
      "company": "Tally"
    },
    "company": "Tally"
  },
  {
    "id": 1777708893288.3818,
    "ts": "2026-05-02T08:01:33.288Z",
    "level": "info",
    "message": "Fetching godowns from Tally",
    "meta": {
      "company": "Tally"
    },
    "company": "Tally"
  },
  {
    "id": 1777708893270.0046,
    "ts": "2026-05-02T08:01:33.270Z",
    "level": "success",
    "message": "Fetched 3 cost centres",
    "meta": {
      "company": "Tally"
    },
    "company": "Tally"
  },
  {
    "id": 1777708893255.644,
    "ts": "2026-05-02T08:01:33.255Z",
    "level": "info",
    "message": "Fetching cost centres from Tally",
    "meta": {
      "company": "Tally"
    },
    "company": "Tally"
  },
  {
    "id": 1777708893237.5852,
    "ts": "2026-05-02T08:01:33.237Z",
    "level": "success",
    "message": "Fetched 28 groups",
    "meta": {
      "company": "Tally"
    },
    "company": "Tally"
  },
  {
    "id": 1777708893207.5647,
    "ts": "2026-05-02T08:01:33.207Z",
    "level": "info",
    "message": "Fetching groups from Tally",
    "meta": {
      "company": "Tally"
    },
    "company": "Tally"
  },
  {
    "id": 1777708893196.6423,
    "ts": "2026-05-02T08:01:33.196Z",
    "level": "info",
    "message": "⏱ Auto-sync timer fired (run #3) for \"Tally\" — every 15 min. Starting sync now…",
    "meta": {
      "type": "auto_sync_triggered",
      "company": "Tally",
      "interval": "15 min",
      "runNumber": 3
    },
    "company": "Tally"
  },
  {
    "id": 1777708137667.3105,
    "ts": "2026-05-02T07:48:57.667Z",
    "level": "success",
    "message": "✓ Auto-sync run #2 completed for \"Tally\" (2026-04-02 → 2026-05-02).",
    "meta": {
      "type": "auto_sync_run_summary",
      "company": "Tally",
      "fromDate": "2026-04-02",
      "toDate": "2026-05-02",
      "status": "ok",
      "runNumber": 2
    },
    "company": "Tally"
  },
  {
    "id": 1777707993930.6426,
    "ts": "2026-05-02T07:46:33.930Z",
    "level": "success",
    "message": "Fetched 0 vouchers (filtered: 2026-04-02 → 2026-05-02) from 129 total",
    "meta": {
      "company": "Tally"
    },
    "company": "Tally"
  },
  {
    "id": 1777707993920.1094,
    "ts": "2026-05-02T07:46:33.920Z",
    "level": "info",
    "message": "Vouchers parsed successfully: 129",
    "meta": {
      "company": "Tally"
    },
    "company": "Tally"
  },
  {
    "id": 1777707993906.9763,
    "ts": "2026-05-02T07:46:33.906Z",
    "level": "info",
    "message": "Raw vouchers received from Tally: 129",
    "meta": {
      "company": "Tally"
    },
    "company": "Tally"
  },
  {
    "id": 1777707993568.169,
    "ts": "2026-05-02T07:46:33.568Z",
    "level": "info",
    "message": "Fetching ALL vouchers from Tally",
    "meta": {
      "company": "Tally",
      "fromDate": "2026-04-02",
      "toDate": "2026-05-02"
    },
    "company": "Tally"
  },
  {
    "id": 1777707993538.0193,
    "ts": "2026-05-02T07:46:33.538Z",
    "level": "success",
    "message": "Fetched 9 stock items (0 with HSN/SAC, 0 with GST rate)",
    "meta": {
      "company": "Tally"
    },
    "company": "Tally"
  },
  {
    "id": 1777707993509.7886,
    "ts": "2026-05-02T07:46:33.509Z",
    "level": "info",
    "message": "Fetching stock items from Tally",
    "meta": {
      "company": "Tally"
    },
    "company": "Tally"
  },
  {
    "id": 1777707993474.341,
    "ts": "2026-05-02T07:46:33.474Z",
    "level": "success",
    "message": "Fetched 68 ledgers",
    "meta": {
      "company": "Tally"
    },
    "company": "Tally"
  },
  {
    "id": 1777707993413.7605,
    "ts": "2026-05-02T07:46:33.413Z",
    "level": "info",
    "message": "Fetching ledgers from Tally",
    "meta": {
      "company": "Tally"
    },
    "company": "Tally"
  },
  {
    "id": 1777707993382.1787,
    "ts": "2026-05-02T07:46:33.382Z",
    "level": "success",
    "message": "Fetched 1 godowns",
    "meta": {
      "company": "Tally"
    },
    "company": "Tally"
  },
  {
    "id": 1777707993359.1477,
    "ts": "2026-05-02T07:46:33.359Z",
    "level": "info",
    "message": "Fetching godowns from Tally",
    "meta": {
      "company": "Tally"
    },
    "company": "Tally"
  },
  {
    "id": 1777707993331.7683,
    "ts": "2026-05-02T07:46:33.331Z",
    "level": "success",
    "message": "Fetched 3 cost centres",
    "meta": {
      "company": "Tally"
    },
    "company": "Tally"
  },
  {
    "id": 1777707993308.9756,
    "ts": "2026-05-02T07:46:33.308Z",
    "level": "info",
    "message": "Fetching cost centres from Tally",
    "meta": {
      "company": "Tally"
    },
    "company": "Tally"
  },
  {
    "id": 1777707993278.8481,
    "ts": "2026-05-02T07:46:33.278Z",
    "level": "success",
    "message": "Fetched 28 groups",
    "meta": {
      "company": "Tally"
    },
    "company": "Tally"
  },
  {
    "id": 1777707993241.6594,
    "ts": "2026-05-02T07:46:33.241Z",
    "level": "info",
    "message": "Fetching groups from Tally",
    "meta": {
      "company": "Tally"
    },
    "company": "Tally"
  },
  {
    "id": 1777707993219.532,
    "ts": "2026-05-02T07:46:33.219Z",
    "level": "info",
    "message": "⏱ Auto-sync timer fired (run #2) for \"Tally\" — every 15 min. Starting sync now…",
    "meta": {
      "type": "auto_sync_triggered",
      "company": "Tally",
      "interval": "15 min",
      "runNumber": 2
    },
    "company": "Tally"
  },
  {
    "id": 1777706094575.9092,
    "ts": "2026-05-02T07:14:54.575Z",
    "level": "success",
    "message": "✓ Auto-sync run #1 completed for \"Tally\" (2026-04-02 → 2026-05-02).",
    "meta": {
      "type": "auto_sync_run_summary",
      "company": "Tally",
      "fromDate": "2026-04-02",
      "toDate": "2026-05-02",
      "status": "ok",
      "runNumber": 1
    },
    "company": "Tally"
  },
  {
    "id": 1777705944599.1433,
    "ts": "2026-05-02T07:12:24.599Z",
    "level": "success",
    "message": "Fetched 0 vouchers (filtered: 2026-04-02 → 2026-05-02) from 129 total",
    "meta": {
      "company": "Tally"
    },
    "company": "Tally"
  },
  {
    "id": 1777705944591.0447,
    "ts": "2026-05-02T07:12:24.591Z",
    "level": "info",
    "message": "Vouchers parsed successfully: 129",
    "meta": {
      "company": "Tally"
    },
    "company": "Tally"
  },
  {
    "id": 1777705944579.7668,
    "ts": "2026-05-02T07:12:24.579Z",
    "level": "info",
    "message": "Raw vouchers received from Tally: 129",
    "meta": {
      "company": "Tally"
    },
    "company": "Tally"
  },
  {
    "id": 1777705944278.0757,
    "ts": "2026-05-02T07:12:24.278Z",
    "level": "info",
    "message": "Fetching ALL vouchers from Tally",
    "meta": {
      "company": "Tally",
      "fromDate": "2026-04-02",
      "toDate": "2026-05-02"
    },
    "company": "Tally"
  },
  {
    "id": 1777705944246.7139,
    "ts": "2026-05-02T07:12:24.246Z",
    "level": "success",
    "message": "Fetched 9 stock items (0 with HSN/SAC, 0 with GST rate)",
    "meta": {
      "company": "Tally"
    },
    "company": "Tally"
  },
  {
    "id": 1777705944219.0112,
    "ts": "2026-05-02T07:12:24.219Z",
    "level": "info",
    "message": "Fetching stock items from Tally",
    "meta": {
      "company": "Tally"
    },
    "company": "Tally"
  },
  {
    "id": 1777705944190.588,
    "ts": "2026-05-02T07:12:24.190Z",
    "level": "success",
    "message": "Fetched 68 ledgers",
    "meta": {
      "company": "Tally"
    },
    "company": "Tally"
  },
  {
    "id": 1777705944131.596,
    "ts": "2026-05-02T07:12:24.131Z",
    "level": "info",
    "message": "Fetching ledgers from Tally",
    "meta": {
      "company": "Tally"
    },
    "company": "Tally"
  },
  {
    "id": 1777705944103.0073,
    "ts": "2026-05-02T07:12:24.103Z",
    "level": "success",
    "message": "Fetched 1 godowns",
    "meta": {
      "company": "Tally"
    },
    "company": "Tally"
  },
  {
    "id": 1777705944083.7412,
    "ts": "2026-05-02T07:12:24.083Z",
    "level": "info",
    "message": "Fetching godowns from Tally",
    "meta": {
      "company": "Tally"
    },
    "company": "Tally"
  },
  {
    "id": 1777705944053.834,
    "ts": "2026-05-02T07:12:24.053Z",
    "level": "success",
    "message": "Fetched 3 cost centres",
    "meta": {
      "company": "Tally"
    },
    "company": "Tally"
  },
  {
    "id": 1777705944032.6528,
    "ts": "2026-05-02T07:12:24.032Z",
    "level": "info",
    "message": "Fetching cost centres from Tally",
    "meta": {
      "company": "Tally"
    },
    "company": "Tally"
  },
  {
    "id": 1777705943995.448,
    "ts": "2026-05-02T07:12:23.995Z",
    "level": "success",
    "message": "Fetched 28 groups",
    "meta": {
      "company": "Tally"
    },
    "company": "Tally"
  },
  {
    "id": 1777705943950.1248,
    "ts": "2026-05-02T07:12:23.950Z",
    "level": "info",
    "message": "Fetching groups from Tally",
    "meta": {
      "company": "Tally"
    },
    "company": "Tally"
  },
  {
    "id": 1777705943921.8599,
    "ts": "2026-05-02T07:12:23.921Z",
    "level": "info",
    "message": "⏱ Auto-sync timer fired (run #1) for \"Tally\" — every 15 min. Starting sync now…",
    "meta": {
      "type": "auto_sync_triggered",
      "company": "Tally",
      "interval": "15 min",
      "runNumber": 1
    },
    "company": "Tally"
  },
  {
    "id": 1777703383540.3865,
    "ts": "2026-05-02T06:29:43.540Z",
    "level": "success",
    "message": "✓ Auto-sync run #1 completed for \"Tally\" (2026-04-02 → 2026-05-02).",
    "meta": {
      "type": "auto_sync_run_summary",
      "company": "Tally",
      "fromDate": "2026-04-02",
      "toDate": "2026-05-02",
      "status": "ok",
      "runNumber": 1
    },
    "company": "Tally"
  },
  {
    "id": 1777703249911.4246,
    "ts": "2026-05-02T06:27:29.911Z",
    "level": "success",
    "message": "Fetched 0 vouchers (filtered: 2026-04-02 → 2026-05-02) from 129 total",
    "meta": {
      "company": "Tally"
    },
    "company": "Tally"
  },
  {
    "id": 1777703249906.2632,
    "ts": "2026-05-02T06:27:29.906Z",
    "level": "info",
    "message": "Vouchers parsed successfully: 129",
    "meta": {
      "company": "Tally"
    },
    "company": "Tally"
  },
  {
    "id": 1777703249898.3625,
    "ts": "2026-05-02T06:27:29.898Z",
    "level": "info",
    "message": "Raw vouchers received from Tally: 129",
    "meta": {
      "company": "Tally"
    },
    "company": "Tally"
  },
  {
    "id": 1777703249687.3347,
    "ts": "2026-05-02T06:27:29.687Z",
    "level": "info",
    "message": "Fetching ALL vouchers from Tally",
    "meta": {
      "company": "Tally",
      "fromDate": "2026-04-02",
      "toDate": "2026-05-02"
    },
    "company": "Tally"
  },
  {
    "id": 1777703249669.2085,
    "ts": "2026-05-02T06:27:29.669Z",
    "level": "success",
    "message": "Fetched 9 stock items (0 with HSN/SAC, 0 with GST rate)",
    "meta": {
      "company": "Tally"
    },
    "company": "Tally"
  },
  {
    "id": 1777703249651.462,
    "ts": "2026-05-02T06:27:29.651Z",
    "level": "info",
    "message": "Fetching stock items from Tally",
    "meta": {
      "company": "Tally"
    },
    "company": "Tally"
  },
  {
    "id": 1777703249631.6255,
    "ts": "2026-05-02T06:27:29.631Z",
    "level": "success",
    "message": "Fetched 68 ledgers",
    "meta": {
      "company": "Tally"
    },
    "company": "Tally"
  },
  {
    "id": 1777703249598.8152,
    "ts": "2026-05-02T06:27:29.598Z",
    "level": "info",
    "message": "Fetching ledgers from Tally",
    "meta": {
      "company": "Tally"
    },
    "company": "Tally"
  },
  {
    "id": 1777703249582.187,
    "ts": "2026-05-02T06:27:29.582Z",
    "level": "success",
    "message": "Fetched 1 godowns",
    "meta": {
      "company": "Tally"
    },
    "company": "Tally"
  },
  {
    "id": 1777703249568.5825,
    "ts": "2026-05-02T06:27:29.568Z",
    "level": "info",
    "message": "Fetching godowns from Tally",
    "meta": {
      "company": "Tally"
    },
    "company": "Tally"
  },
  {
    "id": 1777703249551.8367,
    "ts": "2026-05-02T06:27:29.551Z",
    "level": "success",
    "message": "Fetched 3 cost centres",
    "meta": {
      "company": "Tally"
    },
    "company": "Tally"
  },
  {
    "id": 1777703249538.4722,
    "ts": "2026-05-02T06:27:29.538Z",
    "level": "info",
    "message": "Fetching cost centres from Tally",
    "meta": {
      "company": "Tally"
    },
    "company": "Tally"
  },
  {
    "id": 1777703249514.4895,
    "ts": "2026-05-02T06:27:29.514Z",
    "level": "success",
    "message": "Fetched 28 groups",
    "meta": {
      "company": "Tally"
    },
    "company": "Tally"
  },
  {
    "id": 1777703249491.5457,
    "ts": "2026-05-02T06:27:29.491Z",
    "level": "info",
    "message": "Fetching groups from Tally",
    "meta": {
      "company": "Tally"
    },
    "company": "Tally"
  },
  {
    "id": 1777703249479.5369,
    "ts": "2026-05-02T06:27:29.479Z",
    "level": "info",
    "message": "⏱ Auto-sync timer fired (run #1) for \"Tally\" — every 15 min. Starting sync now…",
    "meta": {
      "type": "auto_sync_triggered",
      "company": "Tally",
      "interval": "15 min",
      "runNumber": 1
    },
    "company": "Tally"
  },
  {
    "id": 1777702864254.4707,
    "ts": "2026-05-02T06:21:04.254Z",
    "level": "success",
    "message": "✓ Auto-sync run #1 completed for \"Tally\" (2026-05-02 → 2026-05-02).",
    "meta": {
      "type": "auto_sync_run_summary",
      "company": "Tally",
      "fromDate": "2026-05-02",
      "toDate": "2026-05-02",
      "status": "ok",
      "runNumber": 1
    },
    "company": "Tally"
  },
  {
    "id": 1777702864055.853,
    "ts": "2026-05-02T06:21:04.055Z",
    "level": "success",
    "message": "Fetched 0 vouchers (filtered: 2026-04-02 → 2026-05-02) from 129 total",
    "meta": {
      "company": "Tally"
    },
    "company": "Tally"
  },
  {
    "id": 1777702864049.538,
    "ts": "2026-05-02T06:21:04.049Z",
    "level": "info",
    "message": "Vouchers parsed successfully: 129",
    "meta": {
      "company": "Tally"
    },
    "company": "Tally"
  },
  {
    "id": 1777702864041.7378,
    "ts": "2026-05-02T06:21:04.041Z",
    "level": "info",
    "message": "Raw vouchers received from Tally: 129",
    "meta": {
      "company": "Tally"
    },
    "company": "Tally"
  },
  {
    "id": 1777702863838.79,
    "ts": "2026-05-02T06:21:03.838Z",
    "level": "info",
    "message": "Fetching ALL vouchers from Tally",
    "meta": {
      "company": "Tally",
      "fromDate": "2026-04-02",
      "toDate": "2026-05-02"
    },
    "company": "Tally"
  },
  {
    "id": 1777702863813.5476,
    "ts": "2026-05-02T06:21:03.813Z",
    "level": "success",
    "message": "Fetched 9 stock items (0 with HSN/SAC, 0 with GST rate)",
    "meta": {
      "company": "Tally"
    },
    "company": "Tally"
  },
  {
    "id": 1777702863794.0442,
    "ts": "2026-05-02T06:21:03.794Z",
    "level": "info",
    "message": "Fetching stock items from Tally",
    "meta": {
      "company": "Tally"
    },
    "company": "Tally"
  },
  {
    "id": 1777702863780.6868,
    "ts": "2026-05-02T06:21:03.780Z",
    "level": "success",
    "message": "Fetched 68 ledgers",
    "meta": {
      "company": "Tally"
    },
    "company": "Tally"
  },
  {
    "id": 1777702863746.8125,
    "ts": "2026-05-02T06:21:03.746Z",
    "level": "info",
    "message": "Fetching ledgers from Tally",
    "meta": {
      "company": "Tally"
    },
    "company": "Tally"
  },
  {
    "id": 1777702863723.8953,
    "ts": "2026-05-02T06:21:03.723Z",
    "level": "success",
    "message": "Fetched 1 godowns",
    "meta": {
      "company": "Tally"
    },
    "company": "Tally"
  },
  {
    "id": 1777702863710.38,
    "ts": "2026-05-02T06:21:03.710Z",
    "level": "info",
    "message": "Fetching godowns from Tally",
    "meta": {
      "company": "Tally"
    },
    "company": "Tally"
  },
  {
    "id": 1777702863684.7258,
    "ts": "2026-05-02T06:21:03.684Z",
    "level": "success",
    "message": "Fetched 3 cost centres",
    "meta": {
      "company": "Tally"
    },
    "company": "Tally"
  },
  {
    "id": 1777702863668.4028,
    "ts": "2026-05-02T06:21:03.668Z",
    "level": "info",
    "message": "Fetching cost centres from Tally",
    "meta": {
      "company": "Tally"
    },
    "company": "Tally"
  },
  {
    "id": 1777702863646.4385,
    "ts": "2026-05-02T06:21:03.646Z",
    "level": "success",
    "message": "Fetched 28 groups",
    "meta": {
      "company": "Tally"
    },
    "company": "Tally"
  },
  {
    "id": 1777702863575.6323,
    "ts": "2026-05-02T06:21:03.575Z",
    "level": "info",
    "message": "Fetching groups from Tally",
    "meta": {
      "company": "Tally"
    },
    "company": "Tally"
  },
  {
    "id": 1777702863559.109,
    "ts": "2026-05-02T06:21:03.559Z",
    "level": "info",
    "message": "⏱ Auto-sync timer fired (run #1) for \"Tally\" — every 15 min. Starting sync now…",
    "meta": {
      "type": "auto_sync_triggered",
      "company": "Tally",
      "interval": "15 min",
      "runNumber": 1
    },
    "company": "Tally"
  },
  {
    "id": 1777702767677.256,
    "ts": "2026-05-02T06:19:27.677Z",
    "level": "success",
    "message": "✓ Auto-sync run #1 completed for \"Tally\" (2026-04-02 → 2026-05-02).",
    "meta": {
      "type": "auto_sync_run_summary",
      "company": "Tally",
      "fromDate": "2026-04-02",
      "toDate": "2026-05-02",
      "status": "ok",
      "runNumber": 1
    },
    "company": "Tally"
  },
  {
    "id": 1777702767529.1658,
    "ts": "2026-05-02T06:19:27.529Z",
    "level": "success",
    "message": "Fetched 0 vouchers (filtered: 2026-04-02 → 2026-05-02) from 129 total",
    "meta": {
      "company": "Tally"
    },
    "company": "Tally"
  },
  {
    "id": 1777702767524.3997,
    "ts": "2026-05-02T06:19:27.524Z",
    "level": "info",
    "message": "Vouchers parsed successfully: 129",
    "meta": {
      "company": "Tally"
    },
    "company": "Tally"
  },
  {
    "id": 1777702767517.7188,
    "ts": "2026-05-02T06:19:27.517Z",
    "level": "info",
    "message": "Raw vouchers received from Tally: 129",
    "meta": {
      "company": "Tally"
    },
    "company": "Tally"
  },
  {
    "id": 1777702767334.6357,
    "ts": "2026-05-02T06:19:27.334Z",
    "level": "info",
    "message": "Fetching ALL vouchers from Tally",
    "meta": {
      "company": "Tally",
      "fromDate": "2026-04-02",
      "toDate": "2026-05-02"
    },
    "company": "Tally"
  },
  {
    "id": 1777702767316.155,
    "ts": "2026-05-02T06:19:27.316Z",
    "level": "success",
    "message": "Fetched 9 stock items (0 with HSN/SAC, 0 with GST rate)",
    "meta": {
      "company": "Tally"
    },
    "company": "Tally"
  },
  {
    "id": 1777702767298.798,
    "ts": "2026-05-02T06:19:27.298Z",
    "level": "info",
    "message": "Fetching stock items from Tally",
    "meta": {
      "company": "Tally"
    },
    "company": "Tally"
  },
  {
    "id": 1777702767280.97,
    "ts": "2026-05-02T06:19:27.280Z",
    "level": "success",
    "message": "Fetched 68 ledgers",
    "meta": {
      "company": "Tally"
    },
    "company": "Tally"
  },
  {
    "id": 1777702767249.2964,
    "ts": "2026-05-02T06:19:27.249Z",
    "level": "info",
    "message": "Fetching ledgers from Tally",
    "meta": {
      "company": "Tally"
    },
    "company": "Tally"
  },
  {
    "id": 1777702767231.0164,
    "ts": "2026-05-02T06:19:27.231Z",
    "level": "success",
    "message": "Fetched 1 godowns",
    "meta": {
      "company": "Tally"
    },
    "company": "Tally"
  },
  {
    "id": 1777702767218.799,
    "ts": "2026-05-02T06:19:27.218Z",
    "level": "info",
    "message": "Fetching godowns from Tally",
    "meta": {
      "company": "Tally"
    },
    "company": "Tally"
  },
  {
    "id": 1777702767197.2654,
    "ts": "2026-05-02T06:19:27.197Z",
    "level": "success",
    "message": "Fetched 3 cost centres",
    "meta": {
      "company": "Tally"
    },
    "company": "Tally"
  },
  {
    "id": 1777702767184.243,
    "ts": "2026-05-02T06:19:27.184Z",
    "level": "info",
    "message": "Fetching cost centres from Tally",
    "meta": {
      "company": "Tally"
    },
    "company": "Tally"
  },
  {
    "id": 1777702767158.21,
    "ts": "2026-05-02T06:19:27.158Z",
    "level": "success",
    "message": "Fetched 28 groups",
    "meta": {
      "company": "Tally"
    },
    "company": "Tally"
  },
  {
    "id": 1777702767133.306,
    "ts": "2026-05-02T06:19:27.133Z",
    "level": "info",
    "message": "Fetching groups from Tally",
    "meta": {
      "company": "Tally"
    },
    "company": "Tally"
  },
  {
    "id": 1777702767119.844,
    "ts": "2026-05-02T06:19:27.119Z",
    "level": "info",
    "message": "⏱ Auto-sync timer fired (run #1) for \"Tally\" — every 15 min. Starting sync now…",
    "meta": {
      "type": "auto_sync_triggered",
      "company": "Tally",
      "interval": "15 min",
      "runNumber": 1
    },
    "company": "Tally"
  },
  {
    "id": 1777702658236.761,
    "ts": "2026-05-02T06:17:38.236Z",
    "level": "success",
    "message": "Fetched 0 vouchers (filtered: 2026-04-02 → 2026-05-02) from 129 total",
    "meta": {
      "company": "Tally"
    },
    "company": "Tally"
  },
  {
    "id": 1777702658230.1187,
    "ts": "2026-05-02T06:17:38.230Z",
    "level": "info",
    "message": "Vouchers parsed successfully: 129",
    "meta": {
      "company": "Tally"
    },
    "company": "Tally"
  },
  {
    "id": 1777702658222.5227,
    "ts": "2026-05-02T06:17:38.222Z",
    "level": "info",
    "message": "Raw vouchers received from Tally: 129",
    "meta": {
      "company": "Tally"
    },
    "company": "Tally"
  },
  {
    "id": 1777702658017.6465,
    "ts": "2026-05-02T06:17:38.017Z",
    "level": "info",
    "message": "Fetching ALL vouchers from Tally",
    "meta": {
      "company": "Tally",
      "fromDate": "2026-04-02",
      "toDate": "2026-05-02"
    },
    "company": "Tally"
  },
  {
    "id": 1777702657999.4617,
    "ts": "2026-05-02T06:17:37.999Z",
    "level": "success",
    "message": "Fetched 9 stock items (0 with HSN/SAC, 0 with GST rate)",
    "meta": {
      "company": "Tally"
    },
    "company": "Tally"
  },
  {
    "id": 1777702657984.2493,
    "ts": "2026-05-02T06:17:37.984Z",
    "level": "info",
    "message": "Fetching stock items from Tally",
    "meta": {
      "company": "Tally"
    },
    "company": "Tally"
  },
  {
    "id": 1777702657963.7595,
    "ts": "2026-05-02T06:17:37.963Z",
    "level": "success",
    "message": "Fetched 68 ledgers",
    "meta": {
      "company": "Tally"
    },
    "company": "Tally"
  },
  {
    "id": 1777702657921.0923,
    "ts": "2026-05-02T06:17:37.921Z",
    "level": "info",
    "message": "Fetching ledgers from Tally",
    "meta": {
      "company": "Tally"
    },
    "company": "Tally"
  },
  {
    "id": 1777702657905.3352,
    "ts": "2026-05-02T06:17:37.905Z",
    "level": "success",
    "message": "Fetched 1 godowns",
    "meta": {
      "company": "Tally"
    },
    "company": "Tally"
  },
  {
    "id": 1777702657893.2122,
    "ts": "2026-05-02T06:17:37.893Z",
    "level": "info",
    "message": "Fetching godowns from Tally",
    "meta": {
      "company": "Tally"
    },
    "company": "Tally"
  },
  {
    "id": 1777702657877.179,
    "ts": "2026-05-02T06:17:37.877Z",
    "level": "success",
    "message": "Fetched 3 cost centres",
    "meta": {
      "company": "Tally"
    },
    "company": "Tally"
  },
  {
    "id": 1777702657864.548,
    "ts": "2026-05-02T06:17:37.864Z",
    "level": "info",
    "message": "Fetching cost centres from Tally",
    "meta": {
      "company": "Tally"
    },
    "company": "Tally"
  },
  {
    "id": 1777702657844.9382,
    "ts": "2026-05-02T06:17:37.844Z",
    "level": "success",
    "message": "Fetched 28 groups",
    "meta": {
      "company": "Tally"
    },
    "company": "Tally"
  },
  {
    "id": 1777702657817.3328,
    "ts": "2026-05-02T06:17:37.817Z",
    "level": "info",
    "message": "Fetching groups from Tally",
    "meta": {
      "company": "Tally"
    },
    "company": "Tally"
  },
  {
    "id": 1777702657804.759,
    "ts": "2026-05-02T06:17:37.804Z",
    "level": "info",
    "message": "⏱ Auto-sync timer fired (run #1) for \"Tally\" — every 15 min. Starting sync now…",
    "meta": {
      "type": "auto_sync_triggered",
      "company": "Tally",
      "interval": "15 min",
      "runNumber": 1
    },
    "company": "Tally"
  },
  {
    "id": 1777702458973.4822,
    "ts": "2026-05-02T06:14:18.973Z",
    "level": "info",
    "message": "Fetching ALL vouchers from Tally",
    "meta": {
      "company": "Tally",
      "fromDate": "2026-04-02",
      "toDate": "2026-05-02"
    },
    "company": "Tally"
  },
  {
    "id": 1777702458952.639,
    "ts": "2026-05-02T06:14:18.952Z",
    "level": "success",
    "message": "Fetched 9 stock items (0 with HSN/SAC, 0 with GST rate)",
    "meta": {
      "company": "Tally"
    },
    "company": "Tally"
  },
  {
    "id": 1777702458930.2725,
    "ts": "2026-05-02T06:14:18.930Z",
    "level": "info",
    "message": "Fetching stock items from Tally",
    "meta": {
      "company": "Tally"
    },
    "company": "Tally"
  },
  {
    "id": 1777702458913.2087,
    "ts": "2026-05-02T06:14:18.913Z",
    "level": "success",
    "message": "Fetched 68 ledgers",
    "meta": {
      "company": "Tally"
    },
    "company": "Tally"
  },
  {
    "id": 1777702458871.976,
    "ts": "2026-05-02T06:14:18.871Z",
    "level": "info",
    "message": "Fetching ledgers from Tally",
    "meta": {
      "company": "Tally"
    },
    "company": "Tally"
  },
  {
    "id": 1777702458854.0767,
    "ts": "2026-05-02T06:14:18.854Z",
    "level": "success",
    "message": "Fetched 1 godowns",
    "meta": {
      "company": "Tally"
    },
    "company": "Tally"
  },
  {
    "id": 1777702458840.5742,
    "ts": "2026-05-02T06:14:18.840Z",
    "level": "info",
    "message": "Fetching godowns from Tally",
    "meta": {
      "company": "Tally"
    },
    "company": "Tally"
  },
  {
    "id": 1777702458819.9604,
    "ts": "2026-05-02T06:14:18.819Z",
    "level": "success",
    "message": "Fetched 3 cost centres",
    "meta": {
      "company": "Tally"
    },
    "company": "Tally"
  },
  {
    "id": 1777702458806.144,
    "ts": "2026-05-02T06:14:18.806Z",
    "level": "info",
    "message": "Fetching cost centres from Tally",
    "meta": {
      "company": "Tally"
    },
    "company": "Tally"
  },
  {
    "id": 1777702458781.284,
    "ts": "2026-05-02T06:14:18.781Z",
    "level": "success",
    "message": "Fetched 28 groups",
    "meta": {
      "company": "Tally"
    },
    "company": "Tally"
  },
  {
    "id": 1777702458757.8127,
    "ts": "2026-05-02T06:14:18.757Z",
    "level": "info",
    "message": "Fetching groups from Tally",
    "meta": {
      "company": "Tally"
    },
    "company": "Tally"
  },
  {
    "id": 1777702458744.926,
    "ts": "2026-05-02T06:14:18.744Z",
    "level": "info",
    "message": "⏱ Auto-sync timer fired (run #1) for \"Tally\" — every 15 min. Starting sync now…",
    "meta": {
      "type": "auto_sync_triggered",
      "company": "Tally",
      "interval": "15 min",
      "runNumber": 1
    },
    "company": "Tally"
  },
  {
    "id": 1777702458360.154,
    "ts": "2026-05-02T06:14:18.360Z",
    "level": "info",
    "message": "Fetching ALL vouchers from Tally",
    "meta": {
      "company": "Tally",
      "fromDate": "2026-04-02",
      "toDate": "2026-05-02"
    },
    "company": "Tally"
  },
  {
    "id": 1777702458339.098,
    "ts": "2026-05-02T06:14:18.339Z",
    "level": "success",
    "message": "Fetched 9 stock items (0 with HSN/SAC, 0 with GST rate)",
    "meta": {
      "company": "Tally"
    },
    "company": "Tally"
  },
  {
    "id": 1777702458318.398,
    "ts": "2026-05-02T06:14:18.318Z",
    "level": "info",
    "message": "Fetching stock items from Tally",
    "meta": {
      "company": "Tally"
    },
    "company": "Tally"
  },
  {
    "id": 1777702458301.516,
    "ts": "2026-05-02T06:14:18.301Z",
    "level": "success",
    "message": "Fetched 68 ledgers",
    "meta": {
      "company": "Tally"
    },
    "company": "Tally"
  },
  {
    "id": 1777702458264.0874,
    "ts": "2026-05-02T06:14:18.264Z",
    "level": "info",
    "message": "Fetching ledgers from Tally",
    "meta": {
      "company": "Tally"
    },
    "company": "Tally"
  },
  {
    "id": 1777702458247.847,
    "ts": "2026-05-02T06:14:18.247Z",
    "level": "success",
    "message": "Fetched 1 godowns",
    "meta": {
      "company": "Tally"
    },
    "company": "Tally"
  },
  {
    "id": 1777702458233.9106,
    "ts": "2026-05-02T06:14:18.233Z",
    "level": "info",
    "message": "Fetching godowns from Tally",
    "meta": {
      "company": "Tally"
    },
    "company": "Tally"
  },
  {
    "id": 1777702458214.5232,
    "ts": "2026-05-02T06:14:18.214Z",
    "level": "success",
    "message": "Fetched 3 cost centres",
    "meta": {
      "company": "Tally"
    },
    "company": "Tally"
  },
  {
    "id": 1777702458199.3586,
    "ts": "2026-05-02T06:14:18.199Z",
    "level": "info",
    "message": "Fetching cost centres from Tally",
    "meta": {
      "company": "Tally"
    },
    "company": "Tally"
  },
  {
    "id": 1777702458178.296,
    "ts": "2026-05-02T06:14:18.178Z",
    "level": "success",
    "message": "Fetched 28 groups",
    "meta": {
      "company": "Tally"
    },
    "company": "Tally"
  },
  {
    "id": 1777702458154.1072,
    "ts": "2026-05-02T06:14:18.154Z",
    "level": "info",
    "message": "Fetching groups from Tally",
    "meta": {
      "company": "Tally"
    },
    "company": "Tally"
  },
  {
    "id": 1777702458140.348,
    "ts": "2026-05-02T06:14:18.140Z",
    "level": "info",
    "message": "⏱ Auto-sync timer fired (run #1) for \"Tally\" — every 15 min. Starting sync now…",
    "meta": {
      "type": "auto_sync_triggered",
      "company": "Tally",
      "interval": "15 min",
      "runNumber": 1
    },
    "company": "Tally"
  },
  {
    "id": 1777702457740.9358,
    "ts": "2026-05-02T06:14:17.740Z",
    "level": "info",
    "message": "Fetching ALL vouchers from Tally",
    "meta": {
      "company": "Tally",
      "fromDate": "2026-04-02",
      "toDate": "2026-05-02"
    },
    "company": "Tally"
  },
  {
    "id": 1777702457717.5952,
    "ts": "2026-05-02T06:14:17.717Z",
    "level": "success",
    "message": "Fetched 9 stock items (0 with HSN/SAC, 0 with GST rate)",
    "meta": {
      "company": "Tally"
    },
    "company": "Tally"
  },
  {
    "id": 1777702457694.8298,
    "ts": "2026-05-02T06:14:17.694Z",
    "level": "info",
    "message": "Fetching stock items from Tally",
    "meta": {
      "company": "Tally"
    },
    "company": "Tally"
  },
  {
    "id": 1777702457675.2007,
    "ts": "2026-05-02T06:14:17.675Z",
    "level": "success",
    "message": "Fetched 68 ledgers",
    "meta": {
      "company": "Tally"
    },
    "company": "Tally"
  },
  {
    "id": 1777702457637.1443,
    "ts": "2026-05-02T06:14:17.637Z",
    "level": "info",
    "message": "Fetching ledgers from Tally",
    "meta": {
      "company": "Tally"
    },
    "company": "Tally"
  },
  {
    "id": 1777702457619.6096,
    "ts": "2026-05-02T06:14:17.619Z",
    "level": "success",
    "message": "Fetched 1 godowns",
    "meta": {
      "company": "Tally"
    },
    "company": "Tally"
  },
  {
    "id": 1777702457603.9407,
    "ts": "2026-05-02T06:14:17.603Z",
    "level": "info",
    "message": "Fetching godowns from Tally",
    "meta": {
      "company": "Tally"
    },
    "company": "Tally"
  },
  {
    "id": 1777702457582.2578,
    "ts": "2026-05-02T06:14:17.582Z",
    "level": "success",
    "message": "Fetched 3 cost centres",
    "meta": {
      "company": "Tally"
    },
    "company": "Tally"
  },
  {
    "id": 1777702457568.6465,
    "ts": "2026-05-02T06:14:17.568Z",
    "level": "info",
    "message": "Fetching cost centres from Tally",
    "meta": {
      "company": "Tally"
    },
    "company": "Tally"
  },
  {
    "id": 1777702457543.458,
    "ts": "2026-05-02T06:14:17.544Z",
    "level": "success",
    "message": "Fetched 28 groups",
    "meta": {
      "company": "Tally"
    },
    "company": "Tally"
  },
  {
    "id": 1777702457517.5876,
    "ts": "2026-05-02T06:14:17.517Z",
    "level": "info",
    "message": "Fetching groups from Tally",
    "meta": {
      "company": "Tally"
    },
    "company": "Tally"
  },
  {
    "id": 1777702457505.1611,
    "ts": "2026-05-02T06:14:17.505Z",
    "level": "info",
    "message": "⏱ Auto-sync timer fired (run #1) for \"Tally\" — every 15 min. Starting sync now…",
    "meta": {
      "type": "auto_sync_triggered",
      "company": "Tally",
      "interval": "15 min",
      "runNumber": 1
    },
    "company": "Tally"
  },
  {
    "id": 1777702457139.146,
    "ts": "2026-05-02T06:14:17.139Z",
    "level": "info",
    "message": "Fetching ALL vouchers from Tally",
    "meta": {
      "company": "Tally",
      "fromDate": "2026-04-02",
      "toDate": "2026-05-02"
    },
    "company": "Tally"
  },
  {
    "id": 1777702457117.3733,
    "ts": "2026-05-02T06:14:17.117Z",
    "level": "success",
    "message": "Fetched 9 stock items (0 with HSN/SAC, 0 with GST rate)",
    "meta": {
      "company": "Tally"
    },
    "company": "Tally"
  },
  {
    "id": 1777702457097.0085,
    "ts": "2026-05-02T06:14:17.097Z",
    "level": "info",
    "message": "Fetching stock items from Tally",
    "meta": {
      "company": "Tally"
    },
    "company": "Tally"
  },
  {
    "id": 1777702457079.0894,
    "ts": "2026-05-02T06:14:17.079Z",
    "level": "success",
    "message": "Fetched 68 ledgers",
    "meta": {
      "company": "Tally"
    },
    "company": "Tally"
  },
  {
    "id": 1777702457042.8542,
    "ts": "2026-05-02T06:14:17.042Z",
    "level": "info",
    "message": "Fetching ledgers from Tally",
    "meta": {
      "company": "Tally"
    },
    "company": "Tally"
  },
  {
    "id": 1777702457023.753,
    "ts": "2026-05-02T06:14:17.023Z",
    "level": "success",
    "message": "Fetched 1 godowns",
    "meta": {
      "company": "Tally"
    },
    "company": "Tally"
  },
  {
    "id": 1777702457009.2397,
    "ts": "2026-05-02T06:14:17.009Z",
    "level": "info",
    "message": "Fetching godowns from Tally",
    "meta": {
      "company": "Tally"
    },
    "company": "Tally"
  },
  {
    "id": 1777702456988.9387,
    "ts": "2026-05-02T06:14:16.988Z",
    "level": "success",
    "message": "Fetched 3 cost centres",
    "meta": {
      "company": "Tally"
    },
    "company": "Tally"
  },
  {
    "id": 1777702456975.3342,
    "ts": "2026-05-02T06:14:16.975Z",
    "level": "info",
    "message": "Fetching cost centres from Tally",
    "meta": {
      "company": "Tally"
    },
    "company": "Tally"
  },
  {
    "id": 1777702456952.2651,
    "ts": "2026-05-02T06:14:16.952Z",
    "level": "success",
    "message": "Fetched 28 groups",
    "meta": {
      "company": "Tally"
    },
    "company": "Tally"
  },
  {
    "id": 1777702456927.7834,
    "ts": "2026-05-02T06:14:16.927Z",
    "level": "info",
    "message": "Fetching groups from Tally",
    "meta": {
      "company": "Tally"
    },
    "company": "Tally"
  },
  {
    "id": 1777702456913.378,
    "ts": "2026-05-02T06:14:16.913Z",
    "level": "info",
    "message": "⏱ Auto-sync timer fired (run #1) for \"Tally\" — every 15 min. Starting sync now…",
    "meta": {
      "type": "auto_sync_triggered",
      "company": "Tally",
      "interval": "15 min",
      "runNumber": 1
    },
    "company": "Tally"
  },
  {
    "id": 1777702456528.4092,
    "ts": "2026-05-02T06:14:16.528Z",
    "level": "info",
    "message": "Fetching ALL vouchers from Tally",
    "meta": {
      "company": "Tally",
      "fromDate": "2026-04-02",
      "toDate": "2026-05-02"
    },
    "company": "Tally"
  },
  {
    "id": 1777702456506.1006,
    "ts": "2026-05-02T06:14:16.506Z",
    "level": "success",
    "message": "Fetched 9 stock items (0 with HSN/SAC, 0 with GST rate)",
    "meta": {
      "company": "Tally"
    },
    "company": "Tally"
  },
  {
    "id": 1777702456484.3591,
    "ts": "2026-05-02T06:14:16.484Z",
    "level": "info",
    "message": "Fetching stock items from Tally",
    "meta": {
      "company": "Tally"
    },
    "company": "Tally"
  },
  {
    "id": 1777702456465.3293,
    "ts": "2026-05-02T06:14:16.465Z",
    "level": "success",
    "message": "Fetched 68 ledgers",
    "meta": {
      "company": "Tally"
    },
    "company": "Tally"
  },
  {
    "id": 1777702456428.7505,
    "ts": "2026-05-02T06:14:16.428Z",
    "level": "info",
    "message": "Fetching ledgers from Tally",
    "meta": {
      "company": "Tally"
    },
    "company": "Tally"
  },
  {
    "id": 1777702456406.0425,
    "ts": "2026-05-02T06:14:16.406Z",
    "level": "success",
    "message": "Fetched 1 godowns",
    "meta": {
      "company": "Tally"
    },
    "company": "Tally"
  },
  {
    "id": 1777702456386.3352,
    "ts": "2026-05-02T06:14:16.386Z",
    "level": "info",
    "message": "Fetching godowns from Tally",
    "meta": {
      "company": "Tally"
    },
    "company": "Tally"
  },
  {
    "id": 1777702456355.4443,
    "ts": "2026-05-02T06:14:16.355Z",
    "level": "success",
    "message": "Fetched 3 cost centres",
    "meta": {
      "company": "Tally"
    },
    "company": "Tally"
  },
  {
    "id": 1777702456339.4556,
    "ts": "2026-05-02T06:14:16.339Z",
    "level": "info",
    "message": "Fetching cost centres from Tally",
    "meta": {
      "company": "Tally"
    },
    "company": "Tally"
  },
  {
    "id": 1777702456318.5276,
    "ts": "2026-05-02T06:14:16.318Z",
    "level": "success",
    "message": "Fetched 28 groups",
    "meta": {
      "company": "Tally"
    },
    "company": "Tally"
  },
  {
    "id": 1777702456292.2397,
    "ts": "2026-05-02T06:14:16.292Z",
    "level": "info",
    "message": "Fetching groups from Tally",
    "meta": {
      "company": "Tally"
    },
    "company": "Tally"
  },
  {
    "id": 1777702456279.3713,
    "ts": "2026-05-02T06:14:16.279Z",
    "level": "info",
    "message": "⏱ Auto-sync timer fired (run #1) for \"Tally\" — every 15 min. Starting sync now…",
    "meta": {
      "type": "auto_sync_triggered",
      "company": "Tally",
      "interval": "15 min",
      "runNumber": 1
    },
    "company": "Tally"
  },
  {
    "id": 1777702455880.6138,
    "ts": "2026-05-02T06:14:15.880Z",
    "level": "info",
    "message": "Fetching ALL vouchers from Tally",
    "meta": {
      "company": "Tally",
      "fromDate": "2026-04-02",
      "toDate": "2026-05-02"
    },
    "company": "Tally"
  },
  {
    "id": 1777702455857.9941,
    "ts": "2026-05-02T06:14:15.857Z",
    "level": "success",
    "message": "Fetched 9 stock items (0 with HSN/SAC, 0 with GST rate)",
    "meta": {
      "company": "Tally"
    },
    "company": "Tally"
  },
  {
    "id": 1777702455826.5415,
    "ts": "2026-05-02T06:14:15.826Z",
    "level": "info",
    "message": "Fetching stock items from Tally",
    "meta": {
      "company": "Tally"
    },
    "company": "Tally"
  },
  {
    "id": 1777702455808.0823,
    "ts": "2026-05-02T06:14:15.808Z",
    "level": "success",
    "message": "Fetched 68 ledgers",
    "meta": {
      "company": "Tally"
    },
    "company": "Tally"
  },
  {
    "id": 1777702455770.039,
    "ts": "2026-05-02T06:14:15.770Z",
    "level": "info",
    "message": "Fetching ledgers from Tally",
    "meta": {
      "company": "Tally"
    },
    "company": "Tally"
  },
  {
    "id": 1777702455752.4224,
    "ts": "2026-05-02T06:14:15.752Z",
    "level": "success",
    "message": "Fetched 1 godowns",
    "meta": {
      "company": "Tally"
    },
    "company": "Tally"
  },
  {
    "id": 1777702455737.8062,
    "ts": "2026-05-02T06:14:15.737Z",
    "level": "info",
    "message": "Fetching godowns from Tally",
    "meta": {
      "company": "Tally"
    },
    "company": "Tally"
  },
  {
    "id": 1777702455715.102,
    "ts": "2026-05-02T06:14:15.715Z",
    "level": "success",
    "message": "Fetched 3 cost centres",
    "meta": {
      "company": "Tally"
    },
    "company": "Tally"
  },
  {
    "id": 1777702455698.6538,
    "ts": "2026-05-02T06:14:15.698Z",
    "level": "info",
    "message": "Fetching cost centres from Tally",
    "meta": {
      "company": "Tally"
    },
    "company": "Tally"
  },
  {
    "id": 1777702455676.219,
    "ts": "2026-05-02T06:14:15.676Z",
    "level": "success",
    "message": "Fetched 28 groups",
    "meta": {
      "company": "Tally"
    },
    "company": "Tally"
  },
  {
    "id": 1777702455652.3599,
    "ts": "2026-05-02T06:14:15.652Z",
    "level": "info",
    "message": "Fetching groups from Tally",
    "meta": {
      "company": "Tally"
    },
    "company": "Tally"
  },
  {
    "id": 1777702455638.2559,
    "ts": "2026-05-02T06:14:15.638Z",
    "level": "info",
    "message": "⏱ Auto-sync timer fired (run #1) for \"Tally\" — every 15 min. Starting sync now…",
    "meta": {
      "type": "auto_sync_triggered",
      "company": "Tally",
      "interval": "15 min",
      "runNumber": 1
    },
    "company": "Tally"
  },
  {
    "id": 1777702455259.8943,
    "ts": "2026-05-02T06:14:15.259Z",
    "level": "info",
    "message": "Fetching ALL vouchers from Tally",
    "meta": {
      "company": "Tally",
      "fromDate": "2026-04-02",
      "toDate": "2026-05-02"
    },
    "company": "Tally"
  },
  {
    "id": 1777702455239.3425,
    "ts": "2026-05-02T06:14:15.239Z",
    "level": "success",
    "message": "Fetched 9 stock items (0 with HSN/SAC, 0 with GST rate)",
    "meta": {
      "company": "Tally"
    },
    "company": "Tally"
  },
  {
    "id": 1777702455218.6523,
    "ts": "2026-05-02T06:14:15.218Z",
    "level": "info",
    "message": "Fetching stock items from Tally",
    "meta": {
      "company": "Tally"
    },
    "company": "Tally"
  },
  {
    "id": 1777702455201.3132,
    "ts": "2026-05-02T06:14:15.201Z",
    "level": "success",
    "message": "Fetched 68 ledgers",
    "meta": {
      "company": "Tally"
    },
    "company": "Tally"
  },
  {
    "id": 1777702455164.9893,
    "ts": "2026-05-02T06:14:15.164Z",
    "level": "info",
    "message": "Fetching ledgers from Tally",
    "meta": {
      "company": "Tally"
    },
    "company": "Tally"
  },
  {
    "id": 1777702455146.9941,
    "ts": "2026-05-02T06:14:15.146Z",
    "level": "success",
    "message": "Fetched 1 godowns",
    "meta": {
      "company": "Tally"
    },
    "company": "Tally"
  },
  {
    "id": 1777702455131.1238,
    "ts": "2026-05-02T06:14:15.131Z",
    "level": "info",
    "message": "Fetching godowns from Tally",
    "meta": {
      "company": "Tally"
    },
    "company": "Tally"
  },
  {
    "id": 1777702455112.007,
    "ts": "2026-05-02T06:14:15.112Z",
    "level": "success",
    "message": "Fetched 3 cost centres",
    "meta": {
      "company": "Tally"
    },
    "company": "Tally"
  },
  {
    "id": 1777702455097.04,
    "ts": "2026-05-02T06:14:15.097Z",
    "level": "info",
    "message": "Fetching cost centres from Tally",
    "meta": {
      "company": "Tally"
    },
    "company": "Tally"
  },
  {
    "id": 1777702455071.3281,
    "ts": "2026-05-02T06:14:15.071Z",
    "level": "success",
    "message": "Fetched 28 groups",
    "meta": {
      "company": "Tally"
    },
    "company": "Tally"
  },
  {
    "id": 1777702455050.0469,
    "ts": "2026-05-02T06:14:15.050Z",
    "level": "info",
    "message": "Fetching groups from Tally",
    "meta": {
      "company": "Tally"
    },
    "company": "Tally"
  },
  {
    "id": 1777702455036.2378,
    "ts": "2026-05-02T06:14:15.036Z",
    "level": "info",
    "message": "⏱ Auto-sync timer fired (run #1) for \"Tally\" — every 15 min. Starting sync now…",
    "meta": {
      "type": "auto_sync_triggered",
      "company": "Tally",
      "interval": "15 min",
      "runNumber": 1
    },
    "company": "Tally"
  },
  {
    "id": 1777702454653.5508,
    "ts": "2026-05-02T06:14:14.653Z",
    "level": "info",
    "message": "Fetching ALL vouchers from Tally",
    "meta": {
      "company": "Tally",
      "fromDate": "2026-04-02",
      "toDate": "2026-05-02"
    },
    "company": "Tally"
  },
  {
    "id": 1777702454632.1707,
    "ts": "2026-05-02T06:14:14.632Z",
    "level": "success",
    "message": "Fetched 9 stock items (0 with HSN/SAC, 0 with GST rate)",
    "meta": {
      "company": "Tally"
    },
    "company": "Tally"
  },
  {
    "id": 1777702454610.0476,
    "ts": "2026-05-02T06:14:14.610Z",
    "level": "info",
    "message": "Fetching stock items from Tally",
    "meta": {
      "company": "Tally"
    },
    "company": "Tally"
  },
  {
    "id": 1777702454594.472,
    "ts": "2026-05-02T06:14:14.594Z",
    "level": "success",
    "message": "Fetched 68 ledgers",
    "meta": {
      "company": "Tally"
    },
    "company": "Tally"
  },
  {
    "id": 1777702454555.6123,
    "ts": "2026-05-02T06:14:14.555Z",
    "level": "info",
    "message": "Fetching ledgers from Tally",
    "meta": {
      "company": "Tally"
    },
    "company": "Tally"
  },
  {
    "id": 1777702454538.7346,
    "ts": "2026-05-02T06:14:14.538Z",
    "level": "success",
    "message": "Fetched 1 godowns",
    "meta": {
      "company": "Tally"
    },
    "company": "Tally"
  },
  {
    "id": 1777702454524.1125,
    "ts": "2026-05-02T06:14:14.524Z",
    "level": "info",
    "message": "Fetching godowns from Tally",
    "meta": {
      "company": "Tally"
    },
    "company": "Tally"
  },
  {
    "id": 1777702454503.3928,
    "ts": "2026-05-02T06:14:14.503Z",
    "level": "success",
    "message": "Fetched 3 cost centres",
    "meta": {
      "company": "Tally"
    },
    "company": "Tally"
  },
  {
    "id": 1777702454489.263,
    "ts": "2026-05-02T06:14:14.489Z",
    "level": "info",
    "message": "Fetching cost centres from Tally",
    "meta": {
      "company": "Tally"
    },
    "company": "Tally"
  },
  {
    "id": 1777702454465.4128,
    "ts": "2026-05-02T06:14:14.465Z",
    "level": "success",
    "message": "Fetched 28 groups",
    "meta": {
      "company": "Tally"
    },
    "company": "Tally"
  },
  {
    "id": 1777702454441.962,
    "ts": "2026-05-02T06:14:14.441Z",
    "level": "info",
    "message": "Fetching groups from Tally",
    "meta": {
      "company": "Tally"
    },
    "company": "Tally"
  },
  {
    "id": 1777702454428.3176,
    "ts": "2026-05-02T06:14:14.428Z",
    "level": "info",
    "message": "⏱ Auto-sync timer fired (run #1) for \"Tally\" — every 15 min. Starting sync now…",
    "meta": {
      "type": "auto_sync_triggered",
      "company": "Tally",
      "interval": "15 min",
      "runNumber": 1
    },
    "company": "Tally"
  },
  {
    "id": 1777702454029.3127,
    "ts": "2026-05-02T06:14:14.029Z",
    "level": "info",
    "message": "Fetching ALL vouchers from Tally",
    "meta": {
      "company": "Tally",
      "fromDate": "2026-04-02",
      "toDate": "2026-05-02"
    },
    "company": "Tally"
  },
  {
    "id": 1777702454006.592,
    "ts": "2026-05-02T06:14:14.006Z",
    "level": "success",
    "message": "Fetched 9 stock items (0 with HSN/SAC, 0 with GST rate)",
    "meta": {
      "company": "Tally"
    },
    "company": "Tally"
  },
  {
    "id": 1777702453981.2136,
    "ts": "2026-05-02T06:14:13.981Z",
    "level": "info",
    "message": "Fetching stock items from Tally",
    "meta": {
      "company": "Tally"
    },
    "company": "Tally"
  },
  {
    "id": 1777702453961.505,
    "ts": "2026-05-02T06:14:13.962Z",
    "level": "success",
    "message": "Fetched 68 ledgers",
    "meta": {
      "company": "Tally"
    },
    "company": "Tally"
  },
  {
    "id": 1777702453919.1804,
    "ts": "2026-05-02T06:14:13.919Z",
    "level": "info",
    "message": "Fetching ledgers from Tally",
    "meta": {
      "company": "Tally"
    },
    "company": "Tally"
  },
  {
    "id": 1777702453900.9526,
    "ts": "2026-05-02T06:14:13.900Z",
    "level": "success",
    "message": "Fetched 1 godowns",
    "meta": {
      "company": "Tally"
    },
    "company": "Tally"
  },
  {
    "id": 1777702453884.1577,
    "ts": "2026-05-02T06:14:13.884Z",
    "level": "info",
    "message": "Fetching godowns from Tally",
    "meta": {
      "company": "Tally"
    },
    "company": "Tally"
  },
  {
    "id": 1777702453861.3486,
    "ts": "2026-05-02T06:14:13.861Z",
    "level": "success",
    "message": "Fetched 3 cost centres",
    "meta": {
      "company": "Tally"
    },
    "company": "Tally"
  },
  {
    "id": 1777702453847.337,
    "ts": "2026-05-02T06:14:13.847Z",
    "level": "info",
    "message": "Fetching cost centres from Tally",
    "meta": {
      "company": "Tally"
    },
    "company": "Tally"
  },
  {
    "id": 1777702453823.265,
    "ts": "2026-05-02T06:14:13.823Z",
    "level": "success",
    "message": "Fetched 28 groups",
    "meta": {
      "company": "Tally"
    },
    "company": "Tally"
  },
  {
    "id": 1777702453792.7495,
    "ts": "2026-05-02T06:14:13.792Z",
    "level": "info",
    "message": "Fetching groups from Tally",
    "meta": {
      "company": "Tally"
    },
    "company": "Tally"
  },
  {
    "id": 1777702453780.6074,
    "ts": "2026-05-02T06:14:13.780Z",
    "level": "info",
    "message": "⏱ Auto-sync timer fired (run #1) for \"Tally\" — every 15 min. Starting sync now…",
    "meta": {
      "type": "auto_sync_triggered",
      "company": "Tally",
      "interval": "15 min",
      "runNumber": 1
    },
    "company": "Tally"
  },
  {
    "id": 1777702453386.4653,
    "ts": "2026-05-02T06:14:13.386Z",
    "level": "info",
    "message": "Fetching ALL vouchers from Tally",
    "meta": {
      "company": "Tally",
      "fromDate": "2026-04-02",
      "toDate": "2026-05-02"
    },
    "company": "Tally"
  },
  {
    "id": 1777702453357.9563,
    "ts": "2026-05-02T06:14:13.357Z",
    "level": "success",
    "message": "Fetched 9 stock items (0 with HSN/SAC, 0 with GST rate)",
    "meta": {
      "company": "Tally"
    },
    "company": "Tally"
  },
  {
    "id": 1777702453333.0554,
    "ts": "2026-05-02T06:14:13.333Z",
    "level": "info",
    "message": "Fetching stock items from Tally",
    "meta": {
      "company": "Tally"
    },
    "company": "Tally"
  },
  {
    "id": 1777702453308.948,
    "ts": "2026-05-02T06:14:13.308Z",
    "level": "success",
    "message": "Fetched 68 ledgers",
    "meta": {
      "company": "Tally"
    },
    "company": "Tally"
  },
  {
    "id": 1777702453270.5874,
    "ts": "2026-05-02T06:14:13.270Z",
    "level": "info",
    "message": "Fetching ledgers from Tally",
    "meta": {
      "company": "Tally"
    },
    "company": "Tally"
  },
  {
    "id": 1777702453252.39,
    "ts": "2026-05-02T06:14:13.252Z",
    "level": "success",
    "message": "Fetched 1 godowns",
    "meta": {
      "company": "Tally"
    },
    "company": "Tally"
  },
  {
    "id": 1777702453239.1736,
    "ts": "2026-05-02T06:14:13.239Z",
    "level": "info",
    "message": "Fetching godowns from Tally",
    "meta": {
      "company": "Tally"
    },
    "company": "Tally"
  },
  {
    "id": 1777702453219.8052,
    "ts": "2026-05-02T06:14:13.219Z",
    "level": "success",
    "message": "Fetched 3 cost centres",
    "meta": {
      "company": "Tally"
    },
    "company": "Tally"
  },
  {
    "id": 1777702453206.2026,
    "ts": "2026-05-02T06:14:13.206Z",
    "level": "info",
    "message": "Fetching cost centres from Tally",
    "meta": {
      "company": "Tally"
    },
    "company": "Tally"
  },
  {
    "id": 1777702453182.7517,
    "ts": "2026-05-02T06:14:13.182Z",
    "level": "success",
    "message": "Fetched 28 groups",
    "meta": {
      "company": "Tally"
    },
    "company": "Tally"
  },
  {
    "id": 1777702453159.6213,
    "ts": "2026-05-02T06:14:13.159Z",
    "level": "info",
    "message": "Fetching groups from Tally",
    "meta": {
      "company": "Tally"
    },
    "company": "Tally"
  },
  {
    "id": 1777702453146.1245,
    "ts": "2026-05-02T06:14:13.146Z",
    "level": "info",
    "message": "⏱ Auto-sync timer fired (run #1) for \"Tally\" — every 15 min. Starting sync now…",
    "meta": {
      "type": "auto_sync_triggered",
      "company": "Tally",
      "interval": "15 min",
      "runNumber": 1
    },
    "company": "Tally"
  },
  {
    "id": 1777702452749.2983,
    "ts": "2026-05-02T06:14:12.749Z",
    "level": "info",
    "message": "Fetching ALL vouchers from Tally",
    "meta": {
      "company": "Tally",
      "fromDate": "2026-04-02",
      "toDate": "2026-05-02"
    },
    "company": "Tally"
  },
  {
    "id": 1777702452729.2727,
    "ts": "2026-05-02T06:14:12.729Z",
    "level": "success",
    "message": "Fetched 9 stock items (0 with HSN/SAC, 0 with GST rate)",
    "meta": {
      "company": "Tally"
    },
    "company": "Tally"
  },
  {
    "id": 1777702452706.3984,
    "ts": "2026-05-02T06:14:12.706Z",
    "level": "info",
    "message": "Fetching stock items from Tally",
    "meta": {
      "company": "Tally"
    },
    "company": "Tally"
  },
  {
    "id": 1777702452691.7415,
    "ts": "2026-05-02T06:14:12.691Z",
    "level": "success",
    "message": "Fetched 68 ledgers",
    "meta": {
      "company": "Tally"
    },
    "company": "Tally"
  },
  {
    "id": 1777702452655.4353,
    "ts": "2026-05-02T06:14:12.655Z",
    "level": "info",
    "message": "Fetching ledgers from Tally",
    "meta": {
      "company": "Tally"
    },
    "company": "Tally"
  },
  {
    "id": 1777702452638.1057,
    "ts": "2026-05-02T06:14:12.638Z",
    "level": "success",
    "message": "Fetched 1 godowns",
    "meta": {
      "company": "Tally"
    },
    "company": "Tally"
  },
  {
    "id": 1777702452624.027,
    "ts": "2026-05-02T06:14:12.624Z",
    "level": "info",
    "message": "Fetching godowns from Tally",
    "meta": {
      "company": "Tally"
    },
    "company": "Tally"
  },
  {
    "id": 1777702452604.716,
    "ts": "2026-05-02T06:14:12.604Z",
    "level": "success",
    "message": "Fetched 3 cost centres",
    "meta": {
      "company": "Tally"
    },
    "company": "Tally"
  },
  {
    "id": 1777702452589.7358,
    "ts": "2026-05-02T06:14:12.589Z",
    "level": "info",
    "message": "Fetching cost centres from Tally",
    "meta": {
      "company": "Tally"
    },
    "company": "Tally"
  },
  {
    "id": 1777702452568.686,
    "ts": "2026-05-02T06:14:12.568Z",
    "level": "success",
    "message": "Fetched 28 groups",
    "meta": {
      "company": "Tally"
    },
    "company": "Tally"
  },
  {
    "id": 1777702452542.38,
    "ts": "2026-05-02T06:14:12.542Z",
    "level": "info",
    "message": "Fetching groups from Tally",
    "meta": {
      "company": "Tally"
    },
    "company": "Tally"
  },
  {
    "id": 1777702452528.726,
    "ts": "2026-05-02T06:14:12.528Z",
    "level": "info",
    "message": "⏱ Auto-sync timer fired (run #1) for \"Tally\" — every 15 min. Starting sync now…",
    "meta": {
      "type": "auto_sync_triggered",
      "company": "Tally",
      "interval": "15 min",
      "runNumber": 1
    },
    "company": "Tally"
  },
  {
    "id": 1777702452164.3503,
    "ts": "2026-05-02T06:14:12.164Z",
    "level": "info",
    "message": "Fetching ALL vouchers from Tally",
    "meta": {
      "company": "Tally",
      "fromDate": "2026-04-02",
      "toDate": "2026-05-02"
    },
    "company": "Tally"
  },
  {
    "id": 1777702452140.2856,
    "ts": "2026-05-02T06:14:12.140Z",
    "level": "success",
    "message": "Fetched 9 stock items (0 with HSN/SAC, 0 with GST rate)",
    "meta": {
      "company": "Tally"
    },
    "company": "Tally"
  },
  {
    "id": 1777702452116.5347,
    "ts": "2026-05-02T06:14:12.116Z",
    "level": "info",
    "message": "Fetching stock items from Tally",
    "meta": {
      "company": "Tally"
    },
    "company": "Tally"
  },
  {
    "id": 1777702452096.9954,
    "ts": "2026-05-02T06:14:12.096Z",
    "level": "success",
    "message": "Fetched 68 ledgers",
    "meta": {
      "company": "Tally"
    },
    "company": "Tally"
  },
  {
    "id": 1777702452053.003,
    "ts": "2026-05-02T06:14:12.053Z",
    "level": "info",
    "message": "Fetching ledgers from Tally",
    "meta": {
      "company": "Tally"
    },
    "company": "Tally"
  },
  {
    "id": 1777702452030.425,
    "ts": "2026-05-02T06:14:12.030Z",
    "level": "success",
    "message": "Fetched 1 godowns",
    "meta": {
      "company": "Tally"
    },
    "company": "Tally"
  },
  {
    "id": 1777702452015.8848,
    "ts": "2026-05-02T06:14:12.015Z",
    "level": "info",
    "message": "Fetching godowns from Tally",
    "meta": {
      "company": "Tally"
    },
    "company": "Tally"
  },
  {
    "id": 1777702451993.0745,
    "ts": "2026-05-02T06:14:11.993Z",
    "level": "success",
    "message": "Fetched 3 cost centres",
    "meta": {
      "company": "Tally"
    },
    "company": "Tally"
  },
  {
    "id": 1777702451978.3677,
    "ts": "2026-05-02T06:14:11.978Z",
    "level": "info",
    "message": "Fetching cost centres from Tally",
    "meta": {
      "company": "Tally"
    },
    "company": "Tally"
  },
  {
    "id": 1777702451955.379,
    "ts": "2026-05-02T06:14:11.955Z",
    "level": "success",
    "message": "Fetched 28 groups",
    "meta": {
      "company": "Tally"
    },
    "company": "Tally"
  },
  {
    "id": 1777702451933.5537,
    "ts": "2026-05-02T06:14:11.933Z",
    "level": "info",
    "message": "Fetching groups from Tally",
    "meta": {
      "company": "Tally"
    },
    "company": "Tally"
  },
  {
    "id": 1777702451921.908,
    "ts": "2026-05-02T06:14:11.921Z",
    "level": "info",
    "message": "⏱ Auto-sync timer fired (run #1) for \"Tally\" — every 15 min. Starting sync now…",
    "meta": {
      "type": "auto_sync_triggered",
      "company": "Tally",
      "interval": "15 min",
      "runNumber": 1
    },
    "company": "Tally"
  },
  {
    "id": 1777702451491.0837,
    "ts": "2026-05-02T06:14:11.491Z",
    "level": "info",
    "message": "Fetching ALL vouchers from Tally",
    "meta": {
      "company": "Tally",
      "fromDate": "2026-04-02",
      "toDate": "2026-05-02"
    },
    "company": "Tally"
  },
  {
    "id": 1777702451470.1545,
    "ts": "2026-05-02T06:14:11.470Z",
    "level": "success",
    "message": "Fetched 9 stock items (0 with HSN/SAC, 0 with GST rate)",
    "meta": {
      "company": "Tally"
    },
    "company": "Tally"
  },
  {
    "id": 1777702451445.3555,
    "ts": "2026-05-02T06:14:11.445Z",
    "level": "info",
    "message": "Fetching stock items from Tally",
    "meta": {
      "company": "Tally"
    },
    "company": "Tally"
  },
  {
    "id": 1777702451427.5354,
    "ts": "2026-05-02T06:14:11.427Z",
    "level": "success",
    "message": "Fetched 68 ledgers",
    "meta": {
      "company": "Tally"
    },
    "company": "Tally"
  },
  {
    "id": 1777702451386.9202,
    "ts": "2026-05-02T06:14:11.386Z",
    "level": "info",
    "message": "Fetching ledgers from Tally",
    "meta": {
      "company": "Tally"
    },
    "company": "Tally"
  },
  {
    "id": 1777702451366.9956,
    "ts": "2026-05-02T06:14:11.366Z",
    "level": "success",
    "message": "Fetched 1 godowns",
    "meta": {
      "company": "Tally"
    },
    "company": "Tally"
  },
  {
    "id": 1777702451351.1128,
    "ts": "2026-05-02T06:14:11.351Z",
    "level": "info",
    "message": "Fetching godowns from Tally",
    "meta": {
      "company": "Tally"
    },
    "company": "Tally"
  },
  {
    "id": 1777702451328.2156,
    "ts": "2026-05-02T06:14:11.328Z",
    "level": "success",
    "message": "Fetched 3 cost centres",
    "meta": {
      "company": "Tally"
    },
    "company": "Tally"
  },
  {
    "id": 1777702451313.3374,
    "ts": "2026-05-02T06:14:11.313Z",
    "level": "info",
    "message": "Fetching cost centres from Tally",
    "meta": {
      "company": "Tally"
    },
    "company": "Tally"
  },
  {
    "id": 1777702451290.371,
    "ts": "2026-05-02T06:14:11.290Z",
    "level": "success",
    "message": "Fetched 28 groups",
    "meta": {
      "company": "Tally"
    },
    "company": "Tally"
  },
  {
    "id": 1777702451262.7751,
    "ts": "2026-05-02T06:14:11.262Z",
    "level": "info",
    "message": "Fetching groups from Tally",
    "meta": {
      "company": "Tally"
    },
    "company": "Tally"
  },
  {
    "id": 1777702451249.7012,
    "ts": "2026-05-02T06:14:11.249Z",
    "level": "info",
    "message": "⏱ Auto-sync timer fired (run #1) for \"Tally\" — every 15 min. Starting sync now…",
    "meta": {
      "type": "auto_sync_triggered",
      "company": "Tally",
      "interval": "15 min",
      "runNumber": 1
    },
    "company": "Tally"
  },
  {
    "id": 1777702450873.546,
    "ts": "2026-05-02T06:14:10.873Z",
    "level": "info",
    "message": "Fetching ALL vouchers from Tally",
    "meta": {
      "company": "Tally",
      "fromDate": "2026-04-02",
      "toDate": "2026-05-02"
    },
    "company": "Tally"
  },
  {
    "id": 1777702450850.7004,
    "ts": "2026-05-02T06:14:10.850Z",
    "level": "success",
    "message": "Fetched 9 stock items (0 with HSN/SAC, 0 with GST rate)",
    "meta": {
      "company": "Tally"
    },
    "company": "Tally"
  },
  {
    "id": 1777702450829.6123,
    "ts": "2026-05-02T06:14:10.829Z",
    "level": "info",
    "message": "Fetching stock items from Tally",
    "meta": {
      "company": "Tally"
    },
    "company": "Tally"
  },
  {
    "id": 1777702450810.2766,
    "ts": "2026-05-02T06:14:10.810Z",
    "level": "success",
    "message": "Fetched 68 ledgers",
    "meta": {
      "company": "Tally"
    },
    "company": "Tally"
  },
  {
    "id": 1777702450771.1255,
    "ts": "2026-05-02T06:14:10.771Z",
    "level": "info",
    "message": "Fetching ledgers from Tally",
    "meta": {
      "company": "Tally"
    },
    "company": "Tally"
  },
  {
    "id": 1777702450733.2297,
    "ts": "2026-05-02T06:14:10.733Z",
    "level": "success",
    "message": "Fetched 1 godowns",
    "meta": {
      "company": "Tally"
    },
    "company": "Tally"
  },
  {
    "id": 1777702450720.706,
    "ts": "2026-05-02T06:14:10.720Z",
    "level": "info",
    "message": "Fetching godowns from Tally",
    "meta": {
      "company": "Tally"
    },
    "company": "Tally"
  },
  {
    "id": 1777702450698.6187,
    "ts": "2026-05-02T06:14:10.698Z",
    "level": "success",
    "message": "Fetched 3 cost centres",
    "meta": {
      "company": "Tally"
    },
    "company": "Tally"
  },
  {
    "id": 1777702450684.456,
    "ts": "2026-05-02T06:14:10.684Z",
    "level": "info",
    "message": "Fetching cost centres from Tally",
    "meta": {
      "company": "Tally"
    },
    "company": "Tally"
  },
  {
    "id": 1777702450661.3718,
    "ts": "2026-05-02T06:14:10.661Z",
    "level": "success",
    "message": "Fetched 28 groups",
    "meta": {
      "company": "Tally"
    },
    "company": "Tally"
  },
  {
    "id": 1777702450638.8125,
    "ts": "2026-05-02T06:14:10.638Z",
    "level": "info",
    "message": "Fetching groups from Tally",
    "meta": {
      "company": "Tally"
    },
    "company": "Tally"
  },
  {
    "id": 1777702450625.2883,
    "ts": "2026-05-02T06:14:10.625Z",
    "level": "info",
    "message": "⏱ Auto-sync timer fired (run #1) for \"Tally\" — every 15 min. Starting sync now…",
    "meta": {
      "type": "auto_sync_triggered",
      "company": "Tally",
      "interval": "15 min",
      "runNumber": 1
    },
    "company": "Tally"
  },
  {
    "id": 1777702450230.9702,
    "ts": "2026-05-02T06:14:10.230Z",
    "level": "info",
    "message": "Fetching ALL vouchers from Tally",
    "meta": {
      "company": "Tally",
      "fromDate": "2026-04-02",
      "toDate": "2026-05-02"
    },
    "company": "Tally"
  },
  {
    "id": 1777702450206.7454,
    "ts": "2026-05-02T06:14:10.206Z",
    "level": "success",
    "message": "Fetched 9 stock items (0 with HSN/SAC, 0 with GST rate)",
    "meta": {
      "company": "Tally"
    },
    "company": "Tally"
  },
  {
    "id": 1777702450183.081,
    "ts": "2026-05-02T06:14:10.183Z",
    "level": "info",
    "message": "Fetching stock items from Tally",
    "meta": {
      "company": "Tally"
    },
    "company": "Tally"
  },
  {
    "id": 1777702450164.3977,
    "ts": "2026-05-02T06:14:10.164Z",
    "level": "success",
    "message": "Fetched 68 ledgers",
    "meta": {
      "company": "Tally"
    },
    "company": "Tally"
  },
  {
    "id": 1777702450123.6128,
    "ts": "2026-05-02T06:14:10.123Z",
    "level": "info",
    "message": "Fetching ledgers from Tally",
    "meta": {
      "company": "Tally"
    },
    "company": "Tally"
  },
  {
    "id": 1777702450100.902,
    "ts": "2026-05-02T06:14:10.100Z",
    "level": "success",
    "message": "Fetched 1 godowns",
    "meta": {
      "company": "Tally"
    },
    "company": "Tally"
  },
  {
    "id": 1777702450085.926,
    "ts": "2026-05-02T06:14:10.085Z",
    "level": "info",
    "message": "Fetching godowns from Tally",
    "meta": {
      "company": "Tally"
    },
    "company": "Tally"
  },
  {
    "id": 1777702450061.7512,
    "ts": "2026-05-02T06:14:10.061Z",
    "level": "success",
    "message": "Fetched 3 cost centres",
    "meta": {
      "company": "Tally"
    },
    "company": "Tally"
  },
  {
    "id": 1777702450044.9597,
    "ts": "2026-05-02T06:14:10.044Z",
    "level": "info",
    "message": "Fetching cost centres from Tally",
    "meta": {
      "company": "Tally"
    },
    "company": "Tally"
  },
  {
    "id": 1777702450020.4194,
    "ts": "2026-05-02T06:14:10.020Z",
    "level": "success",
    "message": "Fetched 28 groups",
    "meta": {
      "company": "Tally"
    },
    "company": "Tally"
  },
  {
    "id": 1777702449995.7524,
    "ts": "2026-05-02T06:14:09.995Z",
    "level": "info",
    "message": "Fetching groups from Tally",
    "meta": {
      "company": "Tally"
    },
    "company": "Tally"
  },
  {
    "id": 1777702449970.6187,
    "ts": "2026-05-02T06:14:09.970Z",
    "level": "info",
    "message": "⏱ Auto-sync timer fired (run #1) for \"Tally\" — every 15 min. Starting sync now…",
    "meta": {
      "type": "auto_sync_triggered",
      "company": "Tally",
      "interval": "15 min",
      "runNumber": 1
    },
    "company": "Tally"
  },
  {
    "id": 1777702449567.9885,
    "ts": "2026-05-02T06:14:09.567Z",
    "level": "info",
    "message": "Fetching ALL vouchers from Tally",
    "meta": {
      "company": "Tally",
      "fromDate": "2026-04-02",
      "toDate": "2026-05-02"
    },
    "company": "Tally"
  },
  {
    "id": 1777702449544.658,
    "ts": "2026-05-02T06:14:09.544Z",
    "level": "success",
    "message": "Fetched 9 stock items (0 with HSN/SAC, 0 with GST rate)",
    "meta": {
      "company": "Tally"
    },
    "company": "Tally"
  },
  {
    "id": 1777702449523.206,
    "ts": "2026-05-02T06:14:09.523Z",
    "level": "info",
    "message": "Fetching stock items from Tally",
    "meta": {
      "company": "Tally"
    },
    "company": "Tally"
  },
  {
    "id": 1777702449505.2505,
    "ts": "2026-05-02T06:14:09.505Z",
    "level": "success",
    "message": "Fetched 68 ledgers",
    "meta": {
      "company": "Tally"
    },
    "company": "Tally"
  },
  {
    "id": 1777702449463.6277,
    "ts": "2026-05-02T06:14:09.463Z",
    "level": "info",
    "message": "Fetching ledgers from Tally",
    "meta": {
      "company": "Tally"
    },
    "company": "Tally"
  },
  {
    "id": 1777702449443.7925,
    "ts": "2026-05-02T06:14:09.443Z",
    "level": "success",
    "message": "Fetched 1 godowns",
    "meta": {
      "company": "Tally"
    },
    "company": "Tally"
  },
  {
    "id": 1777702449428.8154,
    "ts": "2026-05-02T06:14:09.428Z",
    "level": "info",
    "message": "Fetching godowns from Tally",
    "meta": {
      "company": "Tally"
    },
    "company": "Tally"
  },
  {
    "id": 1777702449406.1301,
    "ts": "2026-05-02T06:14:09.406Z",
    "level": "success",
    "message": "Fetched 3 cost centres",
    "meta": {
      "company": "Tally"
    },
    "company": "Tally"
  },
  {
    "id": 1777702449390.741,
    "ts": "2026-05-02T06:14:09.390Z",
    "level": "info",
    "message": "Fetching cost centres from Tally",
    "meta": {
      "company": "Tally"
    },
    "company": "Tally"
  },
  {
    "id": 1777702449367.0015,
    "ts": "2026-05-02T06:14:09.367Z",
    "level": "success",
    "message": "Fetched 28 groups",
    "meta": {
      "company": "Tally"
    },
    "company": "Tally"
  },
  {
    "id": 1777702449344.4497,
    "ts": "2026-05-02T06:14:09.344Z",
    "level": "info",
    "message": "Fetching groups from Tally",
    "meta": {
      "company": "Tally"
    },
    "company": "Tally"
  },
  {
    "id": 1777702449330.6838,
    "ts": "2026-05-02T06:14:09.330Z",
    "level": "info",
    "message": "⏱ Auto-sync timer fired (run #1) for \"Tally\" — every 15 min. Starting sync now…",
    "meta": {
      "type": "auto_sync_triggered",
      "company": "Tally",
      "interval": "15 min",
      "runNumber": 1
    },
    "company": "Tally"
  },
  {
    "id": 1777702448945.5486,
    "ts": "2026-05-02T06:14:08.945Z",
    "level": "info",
    "message": "Fetching ALL vouchers from Tally",
    "meta": {
      "company": "Tally",
      "fromDate": "2026-04-02",
      "toDate": "2026-05-02"
    },
    "company": "Tally"
  },
  {
    "id": 1777702448920.3655,
    "ts": "2026-05-02T06:14:08.920Z",
    "level": "success",
    "message": "Fetched 9 stock items (0 with HSN/SAC, 0 with GST rate)",
    "meta": {
      "company": "Tally"
    },
    "company": "Tally"
  },
  {
    "id": 1777702448896.5562,
    "ts": "2026-05-02T06:14:08.896Z",
    "level": "info",
    "message": "Fetching stock items from Tally",
    "meta": {
      "company": "Tally"
    },
    "company": "Tally"
  },
  {
    "id": 1777702448878.2144,
    "ts": "2026-05-02T06:14:08.878Z",
    "level": "success",
    "message": "Fetched 68 ledgers",
    "meta": {
      "company": "Tally"
    },
    "company": "Tally"
  },
  {
    "id": 1777702448837.4924,
    "ts": "2026-05-02T06:14:08.837Z",
    "level": "info",
    "message": "Fetching ledgers from Tally",
    "meta": {
      "company": "Tally"
    },
    "company": "Tally"
  },
  {
    "id": 1777702448818.224,
    "ts": "2026-05-02T06:14:08.818Z",
    "level": "success",
    "message": "Fetched 1 godowns",
    "meta": {
      "company": "Tally"
    },
    "company": "Tally"
  },
  {
    "id": 1777702448806.316,
    "ts": "2026-05-02T06:14:08.806Z",
    "level": "info",
    "message": "Fetching godowns from Tally",
    "meta": {
      "company": "Tally"
    },
    "company": "Tally"
  },
  {
    "id": 1777702448783.2559,
    "ts": "2026-05-02T06:14:08.783Z",
    "level": "success",
    "message": "Fetched 3 cost centres",
    "meta": {
      "company": "Tally"
    },
    "company": "Tally"
  },
  {
    "id": 1777702448769.1953,
    "ts": "2026-05-02T06:14:08.769Z",
    "level": "info",
    "message": "Fetching cost centres from Tally",
    "meta": {
      "company": "Tally"
    },
    "company": "Tally"
  },
  {
    "id": 1777702448742.274,
    "ts": "2026-05-02T06:14:08.742Z",
    "level": "success",
    "message": "Fetched 28 groups",
    "meta": {
      "company": "Tally"
    },
    "company": "Tally"
  },
  {
    "id": 1777702448707.903,
    "ts": "2026-05-02T06:14:08.707Z",
    "level": "info",
    "message": "Fetching groups from Tally",
    "meta": {
      "company": "Tally"
    },
    "company": "Tally"
  },
  {
    "id": 1777702448683.7302,
    "ts": "2026-05-02T06:14:08.683Z",
    "level": "info",
    "message": "⏱ Auto-sync timer fired (run #1) for \"Tally\" — every 15 min. Starting sync now…",
    "meta": {
      "type": "auto_sync_triggered",
      "company": "Tally",
      "interval": "15 min",
      "runNumber": 1
    },
    "company": "Tally"
  },
  {
    "id": 1777702448268.737,
    "ts": "2026-05-02T06:14:08.268Z",
    "level": "info",
    "message": "Fetching ALL vouchers from Tally",
    "meta": {
      "company": "Tally",
      "fromDate": "2026-04-02",
      "toDate": "2026-05-02"
    },
    "company": "Tally"
  },
  {
    "id": 1777702448246.5186,
    "ts": "2026-05-02T06:14:08.246Z",
    "level": "success",
    "message": "Fetched 9 stock items (0 with HSN/SAC, 0 with GST rate)",
    "meta": {
      "company": "Tally"
    },
    "company": "Tally"
  },
  {
    "id": 1777702448222.3418,
    "ts": "2026-05-02T06:14:08.222Z",
    "level": "info",
    "message": "Fetching stock items from Tally",
    "meta": {
      "company": "Tally"
    },
    "company": "Tally"
  },
  {
    "id": 1777702448205.779,
    "ts": "2026-05-02T06:14:08.205Z",
    "level": "success",
    "message": "Fetched 68 ledgers",
    "meta": {
      "company": "Tally"
    },
    "company": "Tally"
  },
  {
    "id": 1777702448167.51,
    "ts": "2026-05-02T06:14:08.167Z",
    "level": "info",
    "message": "Fetching ledgers from Tally",
    "meta": {
      "company": "Tally"
    },
    "company": "Tally"
  },
  {
    "id": 1777702448148.652,
    "ts": "2026-05-02T06:14:08.148Z",
    "level": "success",
    "message": "Fetched 1 godowns",
    "meta": {
      "company": "Tally"
    },
    "company": "Tally"
  },
  {
    "id": 1777702448135.7449,
    "ts": "2026-05-02T06:14:08.135Z",
    "level": "info",
    "message": "Fetching godowns from Tally",
    "meta": {
      "company": "Tally"
    },
    "company": "Tally"
  },
  {
    "id": 1777702448114.594,
    "ts": "2026-05-02T06:14:08.114Z",
    "level": "success",
    "message": "Fetched 3 cost centres",
    "meta": {
      "company": "Tally"
    },
    "company": "Tally"
  },
  {
    "id": 1777702448098.9963,
    "ts": "2026-05-02T06:14:08.098Z",
    "level": "info",
    "message": "Fetching cost centres from Tally",
    "meta": {
      "company": "Tally"
    },
    "company": "Tally"
  },
  {
    "id": 1777702448076.9019,
    "ts": "2026-05-02T06:14:08.076Z",
    "level": "success",
    "message": "Fetched 28 groups",
    "meta": {
      "company": "Tally"
    },
    "company": "Tally"
  },
  {
    "id": 1777702448052.3264,
    "ts": "2026-05-02T06:14:08.052Z",
    "level": "info",
    "message": "Fetching groups from Tally",
    "meta": {
      "company": "Tally"
    },
    "company": "Tally"
  },
  {
    "id": 1777702448037.0645,
    "ts": "2026-05-02T06:14:08.037Z",
    "level": "info",
    "message": "⏱ Auto-sync timer fired (run #1) for \"Tally\" — every 15 min. Starting sync now…",
    "meta": {
      "type": "auto_sync_triggered",
      "company": "Tally",
      "interval": "15 min",
      "runNumber": 1
    },
    "company": "Tally"
  },
  {
    "id": 1777702447650.4565,
    "ts": "2026-05-02T06:14:07.650Z",
    "level": "info",
    "message": "Fetching ALL vouchers from Tally",
    "meta": {
      "company": "Tally",
      "fromDate": "2026-04-02",
      "toDate": "2026-05-02"
    },
    "company": "Tally"
  },
  {
    "id": 1777702447629.7698,
    "ts": "2026-05-02T06:14:07.629Z",
    "level": "success",
    "message": "Fetched 9 stock items (0 with HSN/SAC, 0 with GST rate)",
    "meta": {
      "company": "Tally"
    },
    "company": "Tally"
  },
  {
    "id": 1777702447608.2288,
    "ts": "2026-05-02T06:14:07.608Z",
    "level": "info",
    "message": "Fetching stock items from Tally",
    "meta": {
      "company": "Tally"
    },
    "company": "Tally"
  },
  {
    "id": 1777702447590.0654,
    "ts": "2026-05-02T06:14:07.590Z",
    "level": "success",
    "message": "Fetched 68 ledgers",
    "meta": {
      "company": "Tally"
    },
    "company": "Tally"
  },
  {
    "id": 1777702447553.4429,
    "ts": "2026-05-02T06:14:07.553Z",
    "level": "info",
    "message": "Fetching ledgers from Tally",
    "meta": {
      "company": "Tally"
    },
    "company": "Tally"
  },
  {
    "id": 1777702447532.1028,
    "ts": "2026-05-02T06:14:07.532Z",
    "level": "success",
    "message": "Fetched 1 godowns",
    "meta": {
      "company": "Tally"
    },
    "company": "Tally"
  },
  {
    "id": 1777702447518.655,
    "ts": "2026-05-02T06:14:07.518Z",
    "level": "info",
    "message": "Fetching godowns from Tally",
    "meta": {
      "company": "Tally"
    },
    "company": "Tally"
  },
  {
    "id": 1777702447499.249,
    "ts": "2026-05-02T06:14:07.499Z",
    "level": "success",
    "message": "Fetched 3 cost centres",
    "meta": {
      "company": "Tally"
    },
    "company": "Tally"
  },
  {
    "id": 1777702447484.026,
    "ts": "2026-05-02T06:14:07.484Z",
    "level": "info",
    "message": "Fetching cost centres from Tally",
    "meta": {
      "company": "Tally"
    },
    "company": "Tally"
  },
  {
    "id": 1777702447459.5176,
    "ts": "2026-05-02T06:14:07.459Z",
    "level": "success",
    "message": "Fetched 28 groups",
    "meta": {
      "company": "Tally"
    },
    "company": "Tally"
  },
  {
    "id": 1777702447436.3694,
    "ts": "2026-05-02T06:14:07.436Z",
    "level": "info",
    "message": "Fetching groups from Tally",
    "meta": {
      "company": "Tally"
    },
    "company": "Tally"
  },
  {
    "id": 1777702447423.578,
    "ts": "2026-05-02T06:14:07.423Z",
    "level": "info",
    "message": "⏱ Auto-sync timer fired (run #1) for \"Tally\" — every 15 min. Starting sync now…",
    "meta": {
      "type": "auto_sync_triggered",
      "company": "Tally",
      "interval": "15 min",
      "runNumber": 1
    },
    "company": "Tally"
  },
  {
    "id": 1777702447060.0486,
    "ts": "2026-05-02T06:14:07.060Z",
    "level": "info",
    "message": "Fetching ALL vouchers from Tally",
    "meta": {
      "company": "Tally",
      "fromDate": "2026-04-02",
      "toDate": "2026-05-02"
    },
    "company": "Tally"
  },
  {
    "id": 1777702447037.1755,
    "ts": "2026-05-02T06:14:07.037Z",
    "level": "success",
    "message": "Fetched 9 stock items (0 with HSN/SAC, 0 with GST rate)",
    "meta": {
      "company": "Tally"
    },
    "company": "Tally"
  },
  {
    "id": 1777702447014.0178,
    "ts": "2026-05-02T06:14:07.014Z",
    "level": "info",
    "message": "Fetching stock items from Tally",
    "meta": {
      "company": "Tally"
    },
    "company": "Tally"
  },
  {
    "id": 1777702446993.1858,
    "ts": "2026-05-02T06:14:06.993Z",
    "level": "success",
    "message": "Fetched 68 ledgers",
    "meta": {
      "company": "Tally"
    },
    "company": "Tally"
  },
  {
    "id": 1777702446953.198,
    "ts": "2026-05-02T06:14:06.953Z",
    "level": "info",
    "message": "Fetching ledgers from Tally",
    "meta": {
      "company": "Tally"
    },
    "company": "Tally"
  },
  {
    "id": 1777702446932.5225,
    "ts": "2026-05-02T06:14:06.932Z",
    "level": "success",
    "message": "Fetched 1 godowns",
    "meta": {
      "company": "Tally"
    },
    "company": "Tally"
  },
  {
    "id": 1777702446916.1682,
    "ts": "2026-05-02T06:14:06.916Z",
    "level": "info",
    "message": "Fetching godowns from Tally",
    "meta": {
      "company": "Tally"
    },
    "company": "Tally"
  },
  {
    "id": 1777702446891.5547,
    "ts": "2026-05-02T06:14:06.891Z",
    "level": "success",
    "message": "Fetched 3 cost centres",
    "meta": {
      "company": "Tally"
    },
    "company": "Tally"
  },
  {
    "id": 1777702446874.4075,
    "ts": "2026-05-02T06:14:06.874Z",
    "level": "info",
    "message": "Fetching cost centres from Tally",
    "meta": {
      "company": "Tally"
    },
    "company": "Tally"
  },
  {
    "id": 1777702446847.9626,
    "ts": "2026-05-02T06:14:06.847Z",
    "level": "success",
    "message": "Fetched 28 groups",
    "meta": {
      "company": "Tally"
    },
    "company": "Tally"
  },
  {
    "id": 1777702446819.221,
    "ts": "2026-05-02T06:14:06.819Z",
    "level": "info",
    "message": "Fetching groups from Tally",
    "meta": {
      "company": "Tally"
    },
    "company": "Tally"
  },
  {
    "id": 1777702446805.7893,
    "ts": "2026-05-02T06:14:06.805Z",
    "level": "info",
    "message": "⏱ Auto-sync timer fired (run #1) for \"Tally\" — every 15 min. Starting sync now…",
    "meta": {
      "type": "auto_sync_triggered",
      "company": "Tally",
      "interval": "15 min",
      "runNumber": 1
    },
    "company": "Tally"
  },
  {
    "id": 1777702446399.2104,
    "ts": "2026-05-02T06:14:06.399Z",
    "level": "info",
    "message": "Fetching ALL vouchers from Tally",
    "meta": {
      "company": "Tally",
      "fromDate": "2026-04-02",
      "toDate": "2026-05-02"
    },
    "company": "Tally"
  },
  {
    "id": 1777702446373.0042,
    "ts": "2026-05-02T06:14:06.373Z",
    "level": "success",
    "message": "Fetched 9 stock items (0 with HSN/SAC, 0 with GST rate)",
    "meta": {
      "company": "Tally"
    },
    "company": "Tally"
  },
  {
    "id": 1777702446345.3362,
    "ts": "2026-05-02T06:14:06.345Z",
    "level": "info",
    "message": "Fetching stock items from Tally",
    "meta": {
      "company": "Tally"
    },
    "company": "Tally"
  },
  {
    "id": 1777702446319.1091,
    "ts": "2026-05-02T06:14:06.319Z",
    "level": "success",
    "message": "Fetched 68 ledgers",
    "meta": {
      "company": "Tally"
    },
    "company": "Tally"
  },
  {
    "id": 1777702446246.577,
    "ts": "2026-05-02T06:14:06.246Z",
    "level": "info",
    "message": "Fetching ledgers from Tally",
    "meta": {
      "company": "Tally"
    },
    "company": "Tally"
  },
  {
    "id": 1777702446214.78,
    "ts": "2026-05-02T06:14:06.214Z",
    "level": "success",
    "message": "Fetched 1 godowns",
    "meta": {
      "company": "Tally"
    },
    "company": "Tally"
  },
  {
    "id": 1777702446195.776,
    "ts": "2026-05-02T06:14:06.195Z",
    "level": "info",
    "message": "Fetching godowns from Tally",
    "meta": {
      "company": "Tally"
    },
    "company": "Tally"
  },
  {
    "id": 1777702446174.0115,
    "ts": "2026-05-02T06:14:06.174Z",
    "level": "success",
    "message": "Fetched 3 cost centres",
    "meta": {
      "company": "Tally"
    },
    "company": "Tally"
  },
  {
    "id": 1777702446158.276,
    "ts": "2026-05-02T06:14:06.158Z",
    "level": "info",
    "message": "Fetching cost centres from Tally",
    "meta": {
      "company": "Tally"
    },
    "company": "Tally"
  },
  {
    "id": 1777702446135.7258,
    "ts": "2026-05-02T06:14:06.135Z",
    "level": "success",
    "message": "Fetched 28 groups",
    "meta": {
      "company": "Tally"
    },
    "company": "Tally"
  },
  {
    "id": 1777702446111.5898,
    "ts": "2026-05-02T06:14:06.111Z",
    "level": "info",
    "message": "Fetching groups from Tally",
    "meta": {
      "company": "Tally"
    },
    "company": "Tally"
  },
  {
    "id": 1777702446100.9158,
    "ts": "2026-05-02T06:14:06.100Z",
    "level": "info",
    "message": "⏱ Auto-sync timer fired (run #1) for \"Tally\" — every 15 min. Starting sync now…",
    "meta": {
      "type": "auto_sync_triggered",
      "company": "Tally",
      "interval": "15 min",
      "runNumber": 1
    },
    "company": "Tally"
  },
  {
    "id": 1777702445682.0508,
    "ts": "2026-05-02T06:14:05.682Z",
    "level": "info",
    "message": "Fetching ALL vouchers from Tally",
    "meta": {
      "company": "Tally",
      "fromDate": "2026-04-02",
      "toDate": "2026-05-02"
    },
    "company": "Tally"
  },
  {
    "id": 1777702445656.7961,
    "ts": "2026-05-02T06:14:05.656Z",
    "level": "success",
    "message": "Fetched 9 stock items (0 with HSN/SAC, 0 with GST rate)",
    "meta": {
      "company": "Tally"
    },
    "company": "Tally"
  },
  {
    "id": 1777702445632.3708,
    "ts": "2026-05-02T06:14:05.632Z",
    "level": "info",
    "message": "Fetching stock items from Tally",
    "meta": {
      "company": "Tally"
    },
    "company": "Tally"
  },
  {
    "id": 1777702445613.8735,
    "ts": "2026-05-02T06:14:05.613Z",
    "level": "success",
    "message": "Fetched 68 ledgers",
    "meta": {
      "company": "Tally"
    },
    "company": "Tally"
  },
  {
    "id": 1777702445573.2502,
    "ts": "2026-05-02T06:14:05.573Z",
    "level": "info",
    "message": "Fetching ledgers from Tally",
    "meta": {
      "company": "Tally"
    },
    "company": "Tally"
  },
  {
    "id": 1777702445554.2156,
    "ts": "2026-05-02T06:14:05.554Z",
    "level": "success",
    "message": "Fetched 1 godowns",
    "meta": {
      "company": "Tally"
    },
    "company": "Tally"
  },
  {
    "id": 1777702445538.632,
    "ts": "2026-05-02T06:14:05.538Z",
    "level": "info",
    "message": "Fetching godowns from Tally",
    "meta": {
      "company": "Tally"
    },
    "company": "Tally"
  },
  {
    "id": 1777702445516.071,
    "ts": "2026-05-02T06:14:05.516Z",
    "level": "success",
    "message": "Fetched 3 cost centres",
    "meta": {
      "company": "Tally"
    },
    "company": "Tally"
  },
  {
    "id": 1777702445500.0745,
    "ts": "2026-05-02T06:14:05.500Z",
    "level": "info",
    "message": "Fetching cost centres from Tally",
    "meta": {
      "company": "Tally"
    },
    "company": "Tally"
  },
  {
    "id": 1777702445477.283,
    "ts": "2026-05-02T06:14:05.477Z",
    "level": "success",
    "message": "Fetched 28 groups",
    "meta": {
      "company": "Tally"
    },
    "company": "Tally"
  },
  {
    "id": 1777702445454.7234,
    "ts": "2026-05-02T06:14:05.454Z",
    "level": "info",
    "message": "Fetching groups from Tally",
    "meta": {
      "company": "Tally"
    },
    "company": "Tally"
  },
  {
    "id": 1777702445441.8997,
    "ts": "2026-05-02T06:14:05.441Z",
    "level": "info",
    "message": "⏱ Auto-sync timer fired (run #1) for \"Tally\" — every 15 min. Starting sync now…",
    "meta": {
      "type": "auto_sync_triggered",
      "company": "Tally",
      "interval": "15 min",
      "runNumber": 1
    },
    "company": "Tally"
  },
  {
    "id": 1777702445000.7317,
    "ts": "2026-05-02T06:14:05.000Z",
    "level": "info",
    "message": "Fetching ALL vouchers from Tally",
    "meta": {
      "company": "Tally",
      "fromDate": "2026-04-02",
      "toDate": "2026-05-02"
    },
    "company": "Tally"
  },
  {
    "id": 1777702444977.7134,
    "ts": "2026-05-02T06:14:04.977Z",
    "level": "success",
    "message": "Fetched 9 stock items (0 with HSN/SAC, 0 with GST rate)",
    "meta": {
      "company": "Tally"
    },
    "company": "Tally"
  },
  {
    "id": 1777702444952.12,
    "ts": "2026-05-02T06:14:04.952Z",
    "level": "info",
    "message": "Fetching stock items from Tally",
    "meta": {
      "company": "Tally"
    },
    "company": "Tally"
  },
  {
    "id": 1777702444935.8643,
    "ts": "2026-05-02T06:14:04.935Z",
    "level": "success",
    "message": "Fetched 68 ledgers",
    "meta": {
      "company": "Tally"
    },
    "company": "Tally"
  },
  {
    "id": 1777702444901.903,
    "ts": "2026-05-02T06:14:04.901Z",
    "level": "info",
    "message": "Fetching ledgers from Tally",
    "meta": {
      "company": "Tally"
    },
    "company": "Tally"
  },
  {
    "id": 1777702444883.0002,
    "ts": "2026-05-02T06:14:04.883Z",
    "level": "success",
    "message": "Fetched 1 godowns",
    "meta": {
      "company": "Tally"
    },
    "company": "Tally"
  },
  {
    "id": 1777702444869.2307,
    "ts": "2026-05-02T06:14:04.869Z",
    "level": "info",
    "message": "Fetching godowns from Tally",
    "meta": {
      "company": "Tally"
    },
    "company": "Tally"
  },
  {
    "id": 1777702444848.388,
    "ts": "2026-05-02T06:14:04.848Z",
    "level": "success",
    "message": "Fetched 3 cost centres",
    "meta": {
      "company": "Tally"
    },
    "company": "Tally"
  },
  {
    "id": 1777702444833.9666,
    "ts": "2026-05-02T06:14:04.833Z",
    "level": "info",
    "message": "Fetching cost centres from Tally",
    "meta": {
      "company": "Tally"
    },
    "company": "Tally"
  },
  {
    "id": 1777702444810.739,
    "ts": "2026-05-02T06:14:04.810Z",
    "level": "success",
    "message": "Fetched 28 groups",
    "meta": {
      "company": "Tally"
    },
    "company": "Tally"
  },
  {
    "id": 1777702444787.3503,
    "ts": "2026-05-02T06:14:04.787Z",
    "level": "info",
    "message": "Fetching groups from Tally",
    "meta": {
      "company": "Tally"
    },
    "company": "Tally"
  },
  {
    "id": 1777702444775.2075,
    "ts": "2026-05-02T06:14:04.775Z",
    "level": "info",
    "message": "⏱ Auto-sync timer fired (run #1) for \"Tally\" — every 15 min. Starting sync now…",
    "meta": {
      "type": "auto_sync_triggered",
      "company": "Tally",
      "interval": "15 min",
      "runNumber": 1
    },
    "company": "Tally"
  },
  {
    "id": 1777702444338.518,
    "ts": "2026-05-02T06:14:04.338Z",
    "level": "info",
    "message": "Fetching ALL vouchers from Tally",
    "meta": {
      "company": "Tally",
      "fromDate": "2026-04-02",
      "toDate": "2026-05-02"
    },
    "company": "Tally"
  },
  {
    "id": 1777702444317.27,
    "ts": "2026-05-02T06:14:04.317Z",
    "level": "success",
    "message": "Fetched 9 stock items (0 with HSN/SAC, 0 with GST rate)",
    "meta": {
      "company": "Tally"
    },
    "company": "Tally"
  },
  {
    "id": 1777702444293.46,
    "ts": "2026-05-02T06:14:04.293Z",
    "level": "info",
    "message": "Fetching stock items from Tally",
    "meta": {
      "company": "Tally"
    },
    "company": "Tally"
  },
  {
    "id": 1777702444275.071,
    "ts": "2026-05-02T06:14:04.275Z",
    "level": "success",
    "message": "Fetched 68 ledgers",
    "meta": {
      "company": "Tally"
    },
    "company": "Tally"
  },
  {
    "id": 1777702444231.2395,
    "ts": "2026-05-02T06:14:04.231Z",
    "level": "info",
    "message": "Fetching ledgers from Tally",
    "meta": {
      "company": "Tally"
    },
    "company": "Tally"
  },
  {
    "id": 1777702444211.0637,
    "ts": "2026-05-02T06:14:04.211Z",
    "level": "success",
    "message": "Fetched 1 godowns",
    "meta": {
      "company": "Tally"
    },
    "company": "Tally"
  },
  {
    "id": 1777702444195,
    "ts": "2026-05-02T06:14:04.195Z",
    "level": "info",
    "message": "Fetching godowns from Tally",
    "meta": {
      "company": "Tally"
    },
    "company": "Tally"
  },
  {
    "id": 1777702444175.2407,
    "ts": "2026-05-02T06:14:04.175Z",
    "level": "success",
    "message": "Fetched 3 cost centres",
    "meta": {
      "company": "Tally"
    },
    "company": "Tally"
  },
  {
    "id": 1777702444160.2827,
    "ts": "2026-05-02T06:14:04.160Z",
    "level": "info",
    "message": "Fetching cost centres from Tally",
    "meta": {
      "company": "Tally"
    },
    "company": "Tally"
  },
  {
    "id": 1777702444135.3093,
    "ts": "2026-05-02T06:14:04.135Z",
    "level": "success",
    "message": "Fetched 28 groups",
    "meta": {
      "company": "Tally"
    },
    "company": "Tally"
  },
  {
    "id": 1777702444111.587,
    "ts": "2026-05-02T06:14:04.111Z",
    "level": "info",
    "message": "Fetching groups from Tally",
    "meta": {
      "company": "Tally"
    },
    "company": "Tally"
  },
  {
    "id": 1777702444097.5654,
    "ts": "2026-05-02T06:14:04.097Z",
    "level": "info",
    "message": "⏱ Auto-sync timer fired (run #1) for \"Tally\" — every 15 min. Starting sync now…",
    "meta": {
      "type": "auto_sync_triggered",
      "company": "Tally",
      "interval": "15 min",
      "runNumber": 1
    },
    "company": "Tally"
  },
  {
    "id": 1777702443672.989,
    "ts": "2026-05-02T06:14:03.672Z",
    "level": "info",
    "message": "Fetching ALL vouchers from Tally",
    "meta": {
      "company": "Tally",
      "fromDate": "2026-04-02",
      "toDate": "2026-05-02"
    },
    "company": "Tally"
  },
  {
    "id": 1777702443645.3896,
    "ts": "2026-05-02T06:14:03.645Z",
    "level": "success",
    "message": "Fetched 9 stock items (0 with HSN/SAC, 0 with GST rate)",
    "meta": {
      "company": "Tally"
    },
    "company": "Tally"
  },
  {
    "id": 1777702443619.629,
    "ts": "2026-05-02T06:14:03.619Z",
    "level": "info",
    "message": "Fetching stock items from Tally",
    "meta": {
      "company": "Tally"
    },
    "company": "Tally"
  },
  {
    "id": 1777702443603.2217,
    "ts": "2026-05-02T06:14:03.603Z",
    "level": "success",
    "message": "Fetched 68 ledgers",
    "meta": {
      "company": "Tally"
    },
    "company": "Tally"
  },
  {
    "id": 1777702443563.697,
    "ts": "2026-05-02T06:14:03.563Z",
    "level": "info",
    "message": "Fetching ledgers from Tally",
    "meta": {
      "company": "Tally"
    },
    "company": "Tally"
  },
  {
    "id": 1777702443543.271,
    "ts": "2026-05-02T06:14:03.543Z",
    "level": "success",
    "message": "Fetched 1 godowns",
    "meta": {
      "company": "Tally"
    },
    "company": "Tally"
  },
  {
    "id": 1777702443528.0337,
    "ts": "2026-05-02T06:14:03.528Z",
    "level": "info",
    "message": "Fetching godowns from Tally",
    "meta": {
      "company": "Tally"
    },
    "company": "Tally"
  },
  {
    "id": 1777702443505.496,
    "ts": "2026-05-02T06:14:03.505Z",
    "level": "success",
    "message": "Fetched 3 cost centres",
    "meta": {
      "company": "Tally"
    },
    "company": "Tally"
  },
  {
    "id": 1777702443488.3618,
    "ts": "2026-05-02T06:14:03.488Z",
    "level": "info",
    "message": "Fetching cost centres from Tally",
    "meta": {
      "company": "Tally"
    },
    "company": "Tally"
  },
  {
    "id": 1777702443466.4526,
    "ts": "2026-05-02T06:14:03.466Z",
    "level": "success",
    "message": "Fetched 28 groups",
    "meta": {
      "company": "Tally"
    },
    "company": "Tally"
  },
  {
    "id": 1777702443445.1738,
    "ts": "2026-05-02T06:14:03.445Z",
    "level": "info",
    "message": "Fetching groups from Tally",
    "meta": {
      "company": "Tally"
    },
    "company": "Tally"
  },
  {
    "id": 1777702443433.067,
    "ts": "2026-05-02T06:14:03.433Z",
    "level": "info",
    "message": "⏱ Auto-sync timer fired (run #1) for \"Tally\" — every 15 min. Starting sync now…",
    "meta": {
      "type": "auto_sync_triggered",
      "company": "Tally",
      "interval": "15 min",
      "runNumber": 1
    },
    "company": "Tally"
  },
  {
    "id": 1777702443035.699,
    "ts": "2026-05-02T06:14:03.035Z",
    "level": "info",
    "message": "Fetching groups from Tally",
    "meta": {
      "company": "Tally"
    },
    "company": "Tally"
  },
  {
    "id": 1777702443017.8157,
    "ts": "2026-05-02T06:14:03.017Z",
    "level": "info",
    "message": "Fetching stock items from Tally",
    "meta": {
      "company": "Tally"
    },
    "company": "Tally"
  },
  {
    "id": 1777702442996.1846,
    "ts": "2026-05-02T06:14:02.996Z",
    "level": "success",
    "message": "Fetched 68 ledgers",
    "meta": {
      "company": "Tally"
    },
    "company": "Tally"
  },
  {
    "id": 1777702442924.3867,
    "ts": "2026-05-02T06:14:02.924Z",
    "level": "info",
    "message": "Fetching ledgers from Tally",
    "meta": {
      "company": "Tally"
    },
    "company": "Tally"
  },
  {
    "id": 1777702442899.8528,
    "ts": "2026-05-02T06:14:02.899Z",
    "level": "success",
    "message": "Fetched 1 godowns",
    "meta": {
      "company": "Tally"
    },
    "company": "Tally"
  },
  {
    "id": 1777702442876.843,
    "ts": "2026-05-02T06:14:02.876Z",
    "level": "info",
    "message": "Fetching godowns from Tally",
    "meta": {
      "company": "Tally"
    },
    "company": "Tally"
  },
  {
    "id": 1777702442847.2703,
    "ts": "2026-05-02T06:14:02.847Z",
    "level": "success",
    "message": "Fetched 3 cost centres",
    "meta": {
      "company": "Tally"
    },
    "company": "Tally"
  },
  {
    "id": 1777702442825.3103,
    "ts": "2026-05-02T06:14:02.825Z",
    "level": "info",
    "message": "Fetching cost centres from Tally",
    "meta": {
      "company": "Tally"
    },
    "company": "Tally"
  },
  {
    "id": 1777702442800.7637,
    "ts": "2026-05-02T06:14:02.800Z",
    "level": "success",
    "message": "Fetched 28 groups",
    "meta": {
      "company": "Tally"
    },
    "company": "Tally"
  },
  {
    "id": 1777702442776.0073,
    "ts": "2026-05-02T06:14:02.776Z",
    "level": "info",
    "message": "Fetching groups from Tally",
    "meta": {
      "company": "Tally"
    },
    "company": "Tally"
  },
  {
    "id": 1777702442762.7607,
    "ts": "2026-05-02T06:14:02.762Z",
    "level": "info",
    "message": "⏱ Auto-sync timer fired (run #1) for \"Tally\" — every 15 min. Starting sync now…",
    "meta": {
      "type": "auto_sync_triggered",
      "company": "Tally",
      "interval": "15 min",
      "runNumber": 1
    },
    "company": "Tally"
  },
  {
    "id": 1777702442325.5063,
    "ts": "2026-05-02T06:14:02.325Z",
    "level": "info",
    "message": "Fetching ALL vouchers from Tally",
    "meta": {
      "company": "Tally",
      "fromDate": "2026-04-02",
      "toDate": "2026-05-02"
    },
    "company": "Tally"
  },
  {
    "id": 1777702442301.9434,
    "ts": "2026-05-02T06:14:02.301Z",
    "level": "success",
    "message": "Fetched 9 stock items (0 with HSN/SAC, 0 with GST rate)",
    "meta": {
      "company": "Tally"
    },
    "company": "Tally"
  },
  {
    "id": 1777702442279.2776,
    "ts": "2026-05-02T06:14:02.279Z",
    "level": "info",
    "message": "Fetching stock items from Tally",
    "meta": {
      "company": "Tally"
    },
    "company": "Tally"
  },
  {
    "id": 1777702442259.8274,
    "ts": "2026-05-02T06:14:02.259Z",
    "level": "success",
    "message": "Fetched 68 ledgers",
    "meta": {
      "company": "Tally"
    },
    "company": "Tally"
  },
  {
    "id": 1777702442215.253,
    "ts": "2026-05-02T06:14:02.215Z",
    "level": "info",
    "message": "Fetching ledgers from Tally",
    "meta": {
      "company": "Tally"
    },
    "company": "Tally"
  },
  {
    "id": 1777702442194.1536,
    "ts": "2026-05-02T06:14:02.194Z",
    "level": "success",
    "message": "Fetched 1 godowns",
    "meta": {
      "company": "Tally"
    },
    "company": "Tally"
  },
  {
    "id": 1777702442180.7917,
    "ts": "2026-05-02T06:14:02.180Z",
    "level": "info",
    "message": "Fetching godowns from Tally",
    "meta": {
      "company": "Tally"
    },
    "company": "Tally"
  },
  {
    "id": 1777702442159.83,
    "ts": "2026-05-02T06:14:02.159Z",
    "level": "success",
    "message": "Fetched 3 cost centres",
    "meta": {
      "company": "Tally"
    },
    "company": "Tally"
  },
  {
    "id": 1777702442140.091,
    "ts": "2026-05-02T06:14:02.140Z",
    "level": "info",
    "message": "Fetching cost centres from Tally",
    "meta": {
      "company": "Tally"
    },
    "company": "Tally"
  },
  {
    "id": 1777702442119.2017,
    "ts": "2026-05-02T06:14:02.119Z",
    "level": "success",
    "message": "Fetched 28 groups",
    "meta": {
      "company": "Tally"
    },
    "company": "Tally"
  },
  {
    "id": 1777702442097.5095,
    "ts": "2026-05-02T06:14:02.097Z",
    "level": "info",
    "message": "Fetching groups from Tally",
    "meta": {
      "company": "Tally"
    },
    "company": "Tally"
  },
  {
    "id": 1777702442084.7314,
    "ts": "2026-05-02T06:14:02.084Z",
    "level": "info",
    "message": "⏱ Auto-sync timer fired (run #1) for \"Tally\" — every 15 min. Starting sync now…",
    "meta": {
      "type": "auto_sync_triggered",
      "company": "Tally",
      "interval": "15 min",
      "runNumber": 1
    },
    "company": "Tally"
  },
  {
    "id": 1777702441661.5615,
    "ts": "2026-05-02T06:14:01.661Z",
    "level": "info",
    "message": "Fetching ALL vouchers from Tally",
    "meta": {
      "company": "Tally",
      "fromDate": "2026-04-02",
      "toDate": "2026-05-02"
    },
    "company": "Tally"
  },
  {
    "id": 1777702441639.4985,
    "ts": "2026-05-02T06:14:01.639Z",
    "level": "success",
    "message": "Fetched 9 stock items (0 with HSN/SAC, 0 with GST rate)",
    "meta": {
      "company": "Tally"
    },
    "company": "Tally"
  },
  {
    "id": 1777702441617.0186,
    "ts": "2026-05-02T06:14:01.617Z",
    "level": "info",
    "message": "Fetching stock items from Tally",
    "meta": {
      "company": "Tally"
    },
    "company": "Tally"
  },
  {
    "id": 1777702441602.7683,
    "ts": "2026-05-02T06:14:01.602Z",
    "level": "success",
    "message": "Fetched 68 ledgers",
    "meta": {
      "company": "Tally"
    },
    "company": "Tally"
  },
  {
    "id": 1777702441563.0132,
    "ts": "2026-05-02T06:14:01.563Z",
    "level": "info",
    "message": "Fetching ledgers from Tally",
    "meta": {
      "company": "Tally"
    },
    "company": "Tally"
  },
  {
    "id": 1777702441546.6929,
    "ts": "2026-05-02T06:14:01.546Z",
    "level": "success",
    "message": "Fetched 1 godowns",
    "meta": {
      "company": "Tally"
    },
    "company": "Tally"
  },
  {
    "id": 1777702441532.5703,
    "ts": "2026-05-02T06:14:01.532Z",
    "level": "info",
    "message": "Fetching godowns from Tally",
    "meta": {
      "company": "Tally"
    },
    "company": "Tally"
  },
  {
    "id": 1777702441506.6372,
    "ts": "2026-05-02T06:14:01.506Z",
    "level": "success",
    "message": "Fetched 3 cost centres",
    "meta": {
      "company": "Tally"
    },
    "company": "Tally"
  },
  {
    "id": 1777702441491.7249,
    "ts": "2026-05-02T06:14:01.491Z",
    "level": "info",
    "message": "Fetching cost centres from Tally",
    "meta": {
      "company": "Tally"
    },
    "company": "Tally"
  },
  {
    "id": 1777702441467.8872,
    "ts": "2026-05-02T06:14:01.467Z",
    "level": "success",
    "message": "Fetched 28 groups",
    "meta": {
      "company": "Tally"
    },
    "company": "Tally"
  },
  {
    "id": 1777702441438.4817,
    "ts": "2026-05-02T06:14:01.438Z",
    "level": "info",
    "message": "Fetching groups from Tally",
    "meta": {
      "company": "Tally"
    },
    "company": "Tally"
  },
  {
    "id": 1777702441421.359,
    "ts": "2026-05-02T06:14:01.421Z",
    "level": "info",
    "message": "⏱ Auto-sync timer fired (run #1) for \"Tally\" — every 15 min. Starting sync now…",
    "meta": {
      "type": "auto_sync_triggered",
      "company": "Tally",
      "interval": "15 min",
      "runNumber": 1
    },
    "company": "Tally"
  },
  {
    "id": 1777702440995.5613,
    "ts": "2026-05-02T06:14:00.995Z",
    "level": "success",
    "message": "Fetched 9 stock items (0 with HSN/SAC, 0 with GST rate)",
    "meta": {
      "company": "Tally"
    },
    "company": "Tally"
  },
  {
    "id": 1777702440965.0999,
    "ts": "2026-05-02T06:14:00.965Z",
    "level": "info",
    "message": "Fetching stock items from Tally",
    "meta": {
      "company": "Tally"
    },
    "company": "Tally"
  },
  {
    "id": 1777702440934.958,
    "ts": "2026-05-02T06:14:00.934Z",
    "level": "success",
    "message": "Fetched 68 ledgers",
    "meta": {
      "company": "Tally"
    },
    "company": "Tally"
  },
  {
    "id": 1777702440880.5986,
    "ts": "2026-05-02T06:14:00.880Z",
    "level": "info",
    "message": "Fetching ledgers from Tally",
    "meta": {
      "company": "Tally"
    },
    "company": "Tally"
  },
  {
    "id": 1777702440862.7588,
    "ts": "2026-05-02T06:14:00.862Z",
    "level": "success",
    "message": "Fetched 1 godowns",
    "meta": {
      "company": "Tally"
    },
    "company": "Tally"
  },
  {
    "id": 1777702440845.129,
    "ts": "2026-05-02T06:14:00.845Z",
    "level": "info",
    "message": "Fetching godowns from Tally",
    "meta": {
      "company": "Tally"
    },
    "company": "Tally"
  },
  {
    "id": 1777702440820.1033,
    "ts": "2026-05-02T06:14:00.820Z",
    "level": "success",
    "message": "Fetched 3 cost centres",
    "meta": {
      "company": "Tally"
    },
    "company": "Tally"
  },
  {
    "id": 1777702440805.7146,
    "ts": "2026-05-02T06:14:00.805Z",
    "level": "info",
    "message": "Fetching cost centres from Tally",
    "meta": {
      "company": "Tally"
    },
    "company": "Tally"
  },
  {
    "id": 1777702440778.1938,
    "ts": "2026-05-02T06:14:00.778Z",
    "level": "success",
    "message": "Fetched 28 groups",
    "meta": {
      "company": "Tally"
    },
    "company": "Tally"
  },
  {
    "id": 1777702440753.5532,
    "ts": "2026-05-02T06:14:00.753Z",
    "level": "info",
    "message": "Fetching groups from Tally",
    "meta": {
      "company": "Tally"
    },
    "company": "Tally"
  },
  {
    "id": 1777702440737.3738,
    "ts": "2026-05-02T06:14:00.737Z",
    "level": "info",
    "message": "⏱ Auto-sync timer fired (run #1) for \"Tally\" — every 15 min. Starting sync now…",
    "meta": {
      "type": "auto_sync_triggered",
      "company": "Tally",
      "interval": "15 min",
      "runNumber": 1
    },
    "company": "Tally"
  },
  {
    "id": 1777702440302.753,
    "ts": "2026-05-02T06:14:00.302Z",
    "level": "info",
    "message": "Fetching ALL vouchers from Tally",
    "meta": {
      "company": "Tally",
      "fromDate": "2026-04-02",
      "toDate": "2026-05-02"
    },
    "company": "Tally"
  },
  {
    "id": 1777702440275.256,
    "ts": "2026-05-02T06:14:00.275Z",
    "level": "success",
    "message": "Fetched 9 stock items (0 with HSN/SAC, 0 with GST rate)",
    "meta": {
      "company": "Tally"
    },
    "company": "Tally"
  },
  {
    "id": 1777702440246.7146,
    "ts": "2026-05-02T06:14:00.246Z",
    "level": "info",
    "message": "Fetching stock items from Tally",
    "meta": {
      "company": "Tally"
    },
    "company": "Tally"
  },
  {
    "id": 1777702440224.3398,
    "ts": "2026-05-02T06:14:00.224Z",
    "level": "success",
    "message": "Fetched 68 ledgers",
    "meta": {
      "company": "Tally"
    },
    "company": "Tally"
  },
  {
    "id": 1777702440178.9077,
    "ts": "2026-05-02T06:14:00.178Z",
    "level": "info",
    "message": "Fetching ledgers from Tally",
    "meta": {
      "company": "Tally"
    },
    "company": "Tally"
  },
  {
    "id": 1777702440158.307,
    "ts": "2026-05-02T06:14:00.158Z",
    "level": "success",
    "message": "Fetched 1 godowns",
    "meta": {
      "company": "Tally"
    },
    "company": "Tally"
  },
  {
    "id": 1777702440144.4734,
    "ts": "2026-05-02T06:14:00.144Z",
    "level": "info",
    "message": "Fetching godowns from Tally",
    "meta": {
      "company": "Tally"
    },
    "company": "Tally"
  },
  {
    "id": 1777702440123.7502,
    "ts": "2026-05-02T06:14:00.123Z",
    "level": "success",
    "message": "Fetched 3 cost centres",
    "meta": {
      "company": "Tally"
    },
    "company": "Tally"
  },
  {
    "id": 1777702440111.2036,
    "ts": "2026-05-02T06:14:00.111Z",
    "level": "info",
    "message": "Fetching cost centres from Tally",
    "meta": {
      "company": "Tally"
    },
    "company": "Tally"
  },
  {
    "id": 1777702440089.6194,
    "ts": "2026-05-02T06:14:00.089Z",
    "level": "success",
    "message": "Fetched 28 groups",
    "meta": {
      "company": "Tally"
    },
    "company": "Tally"
  },
  {
    "id": 1777702440066.7969,
    "ts": "2026-05-02T06:14:00.066Z",
    "level": "info",
    "message": "Fetching groups from Tally",
    "meta": {
      "company": "Tally"
    },
    "company": "Tally"
  },
  {
    "id": 1777702440053.523,
    "ts": "2026-05-02T06:14:00.053Z",
    "level": "info",
    "message": "⏱ Auto-sync timer fired (run #1) for \"Tally\" — every 15 min. Starting sync now…",
    "meta": {
      "type": "auto_sync_triggered",
      "company": "Tally",
      "interval": "15 min",
      "runNumber": 1
    },
    "company": "Tally"
  },
  {
    "id": 1777702439622.5442,
    "ts": "2026-05-02T06:13:59.622Z",
    "level": "info",
    "message": "Fetching ALL vouchers from Tally",
    "meta": {
      "company": "Tally",
      "fromDate": "2026-04-02",
      "toDate": "2026-05-02"
    },
    "company": "Tally"
  },
  {
    "id": 1777702439599.3442,
    "ts": "2026-05-02T06:13:59.599Z",
    "level": "success",
    "message": "Fetched 9 stock items (0 with HSN/SAC, 0 with GST rate)",
    "meta": {
      "company": "Tally"
    },
    "company": "Tally"
  },
  {
    "id": 1777702439577.0078,
    "ts": "2026-05-02T06:13:59.577Z",
    "level": "info",
    "message": "Fetching stock items from Tally",
    "meta": {
      "company": "Tally"
    },
    "company": "Tally"
  },
  {
    "id": 1777702439560.3037,
    "ts": "2026-05-02T06:13:59.560Z",
    "level": "success",
    "message": "Fetched 68 ledgers",
    "meta": {
      "company": "Tally"
    },
    "company": "Tally"
  },
  {
    "id": 1777702439521.28,
    "ts": "2026-05-02T06:13:59.521Z",
    "level": "info",
    "message": "Fetching ledgers from Tally",
    "meta": {
      "company": "Tally"
    },
    "company": "Tally"
  },
  {
    "id": 1777702439502.6418,
    "ts": "2026-05-02T06:13:59.502Z",
    "level": "success",
    "message": "Fetched 1 godowns",
    "meta": {
      "company": "Tally"
    },
    "company": "Tally"
  },
  {
    "id": 1777702439486.2202,
    "ts": "2026-05-02T06:13:59.486Z",
    "level": "info",
    "message": "Fetching godowns from Tally",
    "meta": {
      "company": "Tally"
    },
    "company": "Tally"
  },
  {
    "id": 1777702439465.8442,
    "ts": "2026-05-02T06:13:59.465Z",
    "level": "success",
    "message": "Fetched 3 cost centres",
    "meta": {
      "company": "Tally"
    },
    "company": "Tally"
  },
  {
    "id": 1777702439450.936,
    "ts": "2026-05-02T06:13:59.450Z",
    "level": "info",
    "message": "Fetching cost centres from Tally",
    "meta": {
      "company": "Tally"
    },
    "company": "Tally"
  },
  {
    "id": 1777702439427.1716,
    "ts": "2026-05-02T06:13:59.427Z",
    "level": "success",
    "message": "Fetched 28 groups",
    "meta": {
      "company": "Tally"
    },
    "company": "Tally"
  },
  {
    "id": 1777702439403.3823,
    "ts": "2026-05-02T06:13:59.403Z",
    "level": "info",
    "message": "Fetching groups from Tally",
    "meta": {
      "company": "Tally"
    },
    "company": "Tally"
  },
  {
    "id": 1777702439391.594,
    "ts": "2026-05-02T06:13:59.391Z",
    "level": "info",
    "message": "⏱ Auto-sync timer fired (run #1) for \"Tally\" — every 15 min. Starting sync now…",
    "meta": {
      "type": "auto_sync_triggered",
      "company": "Tally",
      "interval": "15 min",
      "runNumber": 1
    },
    "company": "Tally"
  },
  {
    "id": 1777702438911.0483,
    "ts": "2026-05-02T06:13:58.911Z",
    "level": "info",
    "message": "Fetching ALL vouchers from Tally",
    "meta": {
      "company": "Tally",
      "fromDate": "2026-04-02",
      "toDate": "2026-05-02"
    },
    "company": "Tally"
  },
  {
    "id": 1777702438887.1514,
    "ts": "2026-05-02T06:13:58.887Z",
    "level": "success",
    "message": "Fetched 9 stock items (0 with HSN/SAC, 0 with GST rate)",
    "meta": {
      "company": "Tally"
    },
    "company": "Tally"
  },
  {
    "id": 1777702438859.228,
    "ts": "2026-05-02T06:13:58.859Z",
    "level": "info",
    "message": "Fetching stock items from Tally",
    "meta": {
      "company": "Tally"
    },
    "company": "Tally"
  },
  {
    "id": 1777702438839.4814,
    "ts": "2026-05-02T06:13:58.839Z",
    "level": "success",
    "message": "Fetched 68 ledgers",
    "meta": {
      "company": "Tally"
    },
    "company": "Tally"
  },
  {
    "id": 1777702438801.9116,
    "ts": "2026-05-02T06:13:58.801Z",
    "level": "info",
    "message": "Fetching ledgers from Tally",
    "meta": {
      "company": "Tally"
    },
    "company": "Tally"
  },
  {
    "id": 1777702438779.5496,
    "ts": "2026-05-02T06:13:58.779Z",
    "level": "success",
    "message": "Fetched 1 godowns",
    "meta": {
      "company": "Tally"
    },
    "company": "Tally"
  },
  {
    "id": 1777702438764.8975,
    "ts": "2026-05-02T06:13:58.764Z",
    "level": "info",
    "message": "Fetching godowns from Tally",
    "meta": {
      "company": "Tally"
    },
    "company": "Tally"
  },
  {
    "id": 1777702438742.863,
    "ts": "2026-05-02T06:13:58.742Z",
    "level": "success",
    "message": "Fetched 3 cost centres",
    "meta": {
      "company": "Tally"
    },
    "company": "Tally"
  },
  {
    "id": 1777702438727.423,
    "ts": "2026-05-02T06:13:58.727Z",
    "level": "info",
    "message": "Fetching cost centres from Tally",
    "meta": {
      "company": "Tally"
    },
    "company": "Tally"
  },
  {
    "id": 1777702438702.3816,
    "ts": "2026-05-02T06:13:58.702Z",
    "level": "success",
    "message": "Fetched 28 groups",
    "meta": {
      "company": "Tally"
    },
    "company": "Tally"
  },
  {
    "id": 1777702438677.2644,
    "ts": "2026-05-02T06:13:58.677Z",
    "level": "info",
    "message": "Fetching groups from Tally",
    "meta": {
      "company": "Tally"
    },
    "company": "Tally"
  },
  {
    "id": 1777702438664.3447,
    "ts": "2026-05-02T06:13:58.664Z",
    "level": "info",
    "message": "⏱ Auto-sync timer fired (run #1) for \"Tally\" — every 15 min. Starting sync now…",
    "meta": {
      "type": "auto_sync_triggered",
      "company": "Tally",
      "interval": "15 min",
      "runNumber": 1
    },
    "company": "Tally"
  },
  {
    "id": 1777702438236.5698,
    "ts": "2026-05-02T06:13:58.236Z",
    "level": "success",
    "message": "Fetched 9 stock items (0 with HSN/SAC, 0 with GST rate)",
    "meta": {
      "company": "Tally"
    },
    "company": "Tally"
  },
  {
    "id": 1777702438210.8076,
    "ts": "2026-05-02T06:13:58.210Z",
    "level": "info",
    "message": "Fetching stock items from Tally",
    "meta": {
      "company": "Tally"
    },
    "company": "Tally"
  },
  {
    "id": 1777702438191.155,
    "ts": "2026-05-02T06:13:58.191Z",
    "level": "success",
    "message": "Fetched 68 ledgers",
    "meta": {
      "company": "Tally"
    },
    "company": "Tally"
  },
  {
    "id": 1777702438147.5547,
    "ts": "2026-05-02T06:13:58.147Z",
    "level": "info",
    "message": "Fetching ledgers from Tally",
    "meta": {
      "company": "Tally"
    },
    "company": "Tally"
  },
  {
    "id": 1777702438125.7622,
    "ts": "2026-05-02T06:13:58.125Z",
    "level": "success",
    "message": "Fetched 1 godowns",
    "meta": {
      "company": "Tally"
    },
    "company": "Tally"
  },
  {
    "id": 1777702438110.572,
    "ts": "2026-05-02T06:13:58.110Z",
    "level": "info",
    "message": "Fetching godowns from Tally",
    "meta": {
      "company": "Tally"
    },
    "company": "Tally"
  },
  {
    "id": 1777702438087.4644,
    "ts": "2026-05-02T06:13:58.087Z",
    "level": "success",
    "message": "Fetched 3 cost centres",
    "meta": {
      "company": "Tally"
    },
    "company": "Tally"
  },
  {
    "id": 1777702438073.5623,
    "ts": "2026-05-02T06:13:58.073Z",
    "level": "info",
    "message": "Fetching cost centres from Tally",
    "meta": {
      "company": "Tally"
    },
    "company": "Tally"
  },
  {
    "id": 1777702438047.5017,
    "ts": "2026-05-02T06:13:58.047Z",
    "level": "success",
    "message": "Fetched 28 groups",
    "meta": {
      "company": "Tally"
    },
    "company": "Tally"
  },
  {
    "id": 1777702438025.4888,
    "ts": "2026-05-02T06:13:58.025Z",
    "level": "info",
    "message": "Fetching groups from Tally",
    "meta": {
      "company": "Tally"
    },
    "company": "Tally"
  },
  {
    "id": 1777702438009.811,
    "ts": "2026-05-02T06:13:58.009Z",
    "level": "info",
    "message": "⏱ Auto-sync timer fired (run #1) for \"Tally\" — every 15 min. Starting sync now…",
    "meta": {
      "type": "auto_sync_triggered",
      "company": "Tally",
      "interval": "15 min",
      "runNumber": 1
    },
    "company": "Tally"
  },
  {
    "id": 1777702437596.106,
    "ts": "2026-05-02T06:13:57.596Z",
    "level": "info",
    "message": "Fetching ALL vouchers from Tally",
    "meta": {
      "company": "Tally",
      "fromDate": "2026-04-02",
      "toDate": "2026-05-02"
    },
    "company": "Tally"
  },
  {
    "id": 1777702437575.61,
    "ts": "2026-05-02T06:13:57.575Z",
    "level": "success",
    "message": "Fetched 9 stock items (0 with HSN/SAC, 0 with GST rate)",
    "meta": {
      "company": "Tally"
    },
    "company": "Tally"
  },
  {
    "id": 1777702437553.8523,
    "ts": "2026-05-02T06:13:57.553Z",
    "level": "info",
    "message": "Fetching stock items from Tally",
    "meta": {
      "company": "Tally"
    },
    "company": "Tally"
  },
  {
    "id": 1777702437533.8882,
    "ts": "2026-05-02T06:13:57.533Z",
    "level": "success",
    "message": "Fetched 68 ledgers",
    "meta": {
      "company": "Tally"
    },
    "company": "Tally"
  },
  {
    "id": 1777702437493.846,
    "ts": "2026-05-02T06:13:57.493Z",
    "level": "info",
    "message": "Fetching ledgers from Tally",
    "meta": {
      "company": "Tally"
    },
    "company": "Tally"
  },
  {
    "id": 1777702437473.7944,
    "ts": "2026-05-02T06:13:57.473Z",
    "level": "success",
    "message": "Fetched 1 godowns",
    "meta": {
      "company": "Tally"
    },
    "company": "Tally"
  },
  {
    "id": 1777702437458.1133,
    "ts": "2026-05-02T06:13:57.458Z",
    "level": "info",
    "message": "Fetching godowns from Tally",
    "meta": {
      "company": "Tally"
    },
    "company": "Tally"
  },
  {
    "id": 1777702437437.9817,
    "ts": "2026-05-02T06:13:57.437Z",
    "level": "success",
    "message": "Fetched 3 cost centres",
    "meta": {
      "company": "Tally"
    },
    "company": "Tally"
  },
  {
    "id": 1777702437422.4717,
    "ts": "2026-05-02T06:13:57.422Z",
    "level": "info",
    "message": "Fetching cost centres from Tally",
    "meta": {
      "company": "Tally"
    },
    "company": "Tally"
  },
  {
    "id": 1777702437398.0273,
    "ts": "2026-05-02T06:13:57.398Z",
    "level": "success",
    "message": "Fetched 28 groups",
    "meta": {
      "company": "Tally"
    },
    "company": "Tally"
  },
  {
    "id": 1777702437374.1753,
    "ts": "2026-05-02T06:13:57.374Z",
    "level": "info",
    "message": "Fetching groups from Tally",
    "meta": {
      "company": "Tally"
    },
    "company": "Tally"
  },
  {
    "id": 1777702437361.8408,
    "ts": "2026-05-02T06:13:57.361Z",
    "level": "info",
    "message": "⏱ Auto-sync timer fired (run #1) for \"Tally\" — every 15 min. Starting sync now…",
    "meta": {
      "type": "auto_sync_triggered",
      "company": "Tally",
      "interval": "15 min",
      "runNumber": 1
    },
    "company": "Tally"
  },
  {
    "id": 1777702436956.8115,
    "ts": "2026-05-02T06:13:56.956Z",
    "level": "info",
    "message": "Fetching ALL vouchers from Tally",
    "meta": {
      "company": "Tally",
      "fromDate": "2026-04-02",
      "toDate": "2026-05-02"
    },
    "company": "Tally"
  },
  {
    "id": 1777702436934.0947,
    "ts": "2026-05-02T06:13:56.934Z",
    "level": "success",
    "message": "Fetched 9 stock items (0 with HSN/SAC, 0 with GST rate)",
    "meta": {
      "company": "Tally"
    },
    "company": "Tally"
  },
  {
    "id": 1777702436912.4412,
    "ts": "2026-05-02T06:13:56.912Z",
    "level": "info",
    "message": "Fetching stock items from Tally",
    "meta": {
      "company": "Tally"
    },
    "company": "Tally"
  },
  {
    "id": 1777702436891.5398,
    "ts": "2026-05-02T06:13:56.891Z",
    "level": "success",
    "message": "Fetched 68 ledgers",
    "meta": {
      "company": "Tally"
    },
    "company": "Tally"
  },
  {
    "id": 1777702436852.258,
    "ts": "2026-05-02T06:13:56.852Z",
    "level": "info",
    "message": "Fetching ledgers from Tally",
    "meta": {
      "company": "Tally"
    },
    "company": "Tally"
  },
  {
    "id": 1777702436833.0542,
    "ts": "2026-05-02T06:13:56.833Z",
    "level": "success",
    "message": "Fetched 1 godowns",
    "meta": {
      "company": "Tally"
    },
    "company": "Tally"
  },
  {
    "id": 1777702436816.4502,
    "ts": "2026-05-02T06:13:56.816Z",
    "level": "info",
    "message": "Fetching godowns from Tally",
    "meta": {
      "company": "Tally"
    },
    "company": "Tally"
  },
  {
    "id": 1777702436791.2698,
    "ts": "2026-05-02T06:13:56.791Z",
    "level": "success",
    "message": "Fetched 3 cost centres",
    "meta": {
      "company": "Tally"
    },
    "company": "Tally"
  },
  {
    "id": 1777702436776.0234,
    "ts": "2026-05-02T06:13:56.776Z",
    "level": "info",
    "message": "Fetching cost centres from Tally",
    "meta": {
      "company": "Tally"
    },
    "company": "Tally"
  },
  {
    "id": 1777702436751.0217,
    "ts": "2026-05-02T06:13:56.751Z",
    "level": "success",
    "message": "Fetched 28 groups",
    "meta": {
      "company": "Tally"
    },
    "company": "Tally"
  },
  {
    "id": 1777702436728.6663,
    "ts": "2026-05-02T06:13:56.728Z",
    "level": "info",
    "message": "Fetching groups from Tally",
    "meta": {
      "company": "Tally"
    },
    "company": "Tally"
  },
  {
    "id": 1777702436714.3098,
    "ts": "2026-05-02T06:13:56.714Z",
    "level": "info",
    "message": "⏱ Auto-sync timer fired (run #1) for \"Tally\" — every 15 min. Starting sync now…",
    "meta": {
      "type": "auto_sync_triggered",
      "company": "Tally",
      "interval": "15 min",
      "runNumber": 1
    },
    "company": "Tally"
  },
  {
    "id": 1777702436291.7727,
    "ts": "2026-05-02T06:13:56.291Z",
    "level": "success",
    "message": "Fetched 9 stock items (0 with HSN/SAC, 0 with GST rate)",
    "meta": {
      "company": "Tally"
    },
    "company": "Tally"
  },
  {
    "id": 1777702436267.5615,
    "ts": "2026-05-02T06:13:56.267Z",
    "level": "info",
    "message": "Fetching stock items from Tally",
    "meta": {
      "company": "Tally"
    },
    "company": "Tally"
  },
  {
    "id": 1777702436246.9238,
    "ts": "2026-05-02T06:13:56.246Z",
    "level": "success",
    "message": "Fetched 68 ledgers",
    "meta": {
      "company": "Tally"
    },
    "company": "Tally"
  },
  {
    "id": 1777702436188.1372,
    "ts": "2026-05-02T06:13:56.188Z",
    "level": "info",
    "message": "Fetching ledgers from Tally",
    "meta": {
      "company": "Tally"
    },
    "company": "Tally"
  },
  {
    "id": 1777702436168.2551,
    "ts": "2026-05-02T06:13:56.168Z",
    "level": "success",
    "message": "Fetched 1 godowns",
    "meta": {
      "company": "Tally"
    },
    "company": "Tally"
  },
  {
    "id": 1777702436151.1113,
    "ts": "2026-05-02T06:13:56.151Z",
    "level": "info",
    "message": "Fetching godowns from Tally",
    "meta": {
      "company": "Tally"
    },
    "company": "Tally"
  },
  {
    "id": 1777702436127.1292,
    "ts": "2026-05-02T06:13:56.127Z",
    "level": "success",
    "message": "Fetched 3 cost centres",
    "meta": {
      "company": "Tally"
    },
    "company": "Tally"
  },
  {
    "id": 1777702436111.4312,
    "ts": "2026-05-02T06:13:56.111Z",
    "level": "info",
    "message": "Fetching cost centres from Tally",
    "meta": {
      "company": "Tally"
    },
    "company": "Tally"
  },
  {
    "id": 1777702436088.2285,
    "ts": "2026-05-02T06:13:56.088Z",
    "level": "success",
    "message": "Fetched 28 groups",
    "meta": {
      "company": "Tally"
    },
    "company": "Tally"
  },
  {
    "id": 1777702436061.9644,
    "ts": "2026-05-02T06:13:56.061Z",
    "level": "info",
    "message": "Fetching groups from Tally",
    "meta": {
      "company": "Tally"
    },
    "company": "Tally"
  },
  {
    "id": 1777702436049.8613,
    "ts": "2026-05-02T06:13:56.049Z",
    "level": "info",
    "message": "⏱ Auto-sync timer fired (run #1) for \"Tally\" — every 15 min. Starting sync now…",
    "meta": {
      "type": "auto_sync_triggered",
      "company": "Tally",
      "interval": "15 min",
      "runNumber": 1
    },
    "company": "Tally"
  },
  {
    "id": 1777702435659.0178,
    "ts": "2026-05-02T06:13:55.659Z",
    "level": "info",
    "message": "Fetching ALL vouchers from Tally",
    "meta": {
      "company": "Tally",
      "fromDate": "2026-04-02",
      "toDate": "2026-05-02"
    },
    "company": "Tally"
  },
  {
    "id": 1777702435635.3928,
    "ts": "2026-05-02T06:13:55.635Z",
    "level": "success",
    "message": "Fetched 9 stock items (0 with HSN/SAC, 0 with GST rate)",
    "meta": {
      "company": "Tally"
    },
    "company": "Tally"
  },
  {
    "id": 1777702435615.7625,
    "ts": "2026-05-02T06:13:55.615Z",
    "level": "info",
    "message": "Fetching stock items from Tally",
    "meta": {
      "company": "Tally"
    },
    "company": "Tally"
  },
  {
    "id": 1777702435597.6692,
    "ts": "2026-05-02T06:13:55.597Z",
    "level": "success",
    "message": "Fetched 68 ledgers",
    "meta": {
      "company": "Tally"
    },
    "company": "Tally"
  },
  {
    "id": 1777702435560.2764,
    "ts": "2026-05-02T06:13:55.560Z",
    "level": "info",
    "message": "Fetching ledgers from Tally",
    "meta": {
      "company": "Tally"
    },
    "company": "Tally"
  },
  {
    "id": 1777702435541.0168,
    "ts": "2026-05-02T06:13:55.541Z",
    "level": "success",
    "message": "Fetched 1 godowns",
    "meta": {
      "company": "Tally"
    },
    "company": "Tally"
  },
  {
    "id": 1777702435527.6882,
    "ts": "2026-05-02T06:13:55.527Z",
    "level": "info",
    "message": "Fetching godowns from Tally",
    "meta": {
      "company": "Tally"
    },
    "company": "Tally"
  },
  {
    "id": 1777702435506.4402,
    "ts": "2026-05-02T06:13:55.506Z",
    "level": "success",
    "message": "Fetched 3 cost centres",
    "meta": {
      "company": "Tally"
    },
    "company": "Tally"
  },
  {
    "id": 1777702435491.283,
    "ts": "2026-05-02T06:13:55.491Z",
    "level": "info",
    "message": "Fetching cost centres from Tally",
    "meta": {
      "company": "Tally"
    },
    "company": "Tally"
  },
  {
    "id": 1777702435468.579,
    "ts": "2026-05-02T06:13:55.468Z",
    "level": "success",
    "message": "Fetched 28 groups",
    "meta": {
      "company": "Tally"
    },
    "company": "Tally"
  },
  {
    "id": 1777702435445.2688,
    "ts": "2026-05-02T06:13:55.445Z",
    "level": "info",
    "message": "Fetching groups from Tally",
    "meta": {
      "company": "Tally"
    },
    "company": "Tally"
  },
  {
    "id": 1777702435431.059,
    "ts": "2026-05-02T06:13:55.431Z",
    "level": "info",
    "message": "⏱ Auto-sync timer fired (run #1) for \"Tally\" — every 15 min. Starting sync now…",
    "meta": {
      "type": "auto_sync_triggered",
      "company": "Tally",
      "interval": "15 min",
      "runNumber": 1
    },
    "company": "Tally"
  },
  {
    "id": 1777702435066.6277,
    "ts": "2026-05-02T06:13:55.067Z",
    "level": "info",
    "message": "Fetching ALL vouchers from Tally",
    "meta": {
      "company": "Tally",
      "fromDate": "2026-04-02",
      "toDate": "2026-05-02"
    },
    "company": "Tally"
  },
  {
    "id": 1777702435042.966,
    "ts": "2026-05-02T06:13:55.042Z",
    "level": "success",
    "message": "Fetched 9 stock items (0 with HSN/SAC, 0 with GST rate)",
    "meta": {
      "company": "Tally"
    },
    "company": "Tally"
  },
  {
    "id": 1777702435019.457,
    "ts": "2026-05-02T06:13:55.019Z",
    "level": "info",
    "message": "Fetching stock items from Tally",
    "meta": {
      "company": "Tally"
    },
    "company": "Tally"
  },
  {
    "id": 1777702434999.7087,
    "ts": "2026-05-02T06:13:54.999Z",
    "level": "success",
    "message": "Fetched 68 ledgers",
    "meta": {
      "company": "Tally"
    },
    "company": "Tally"
  },
  {
    "id": 1777702434958.046,
    "ts": "2026-05-02T06:13:54.958Z",
    "level": "info",
    "message": "Fetching ledgers from Tally",
    "meta": {
      "company": "Tally"
    },
    "company": "Tally"
  },
  {
    "id": 1777702434937.1587,
    "ts": "2026-05-02T06:13:54.937Z",
    "level": "success",
    "message": "Fetched 1 godowns",
    "meta": {
      "company": "Tally"
    },
    "company": "Tally"
  },
  {
    "id": 1777702434922.302,
    "ts": "2026-05-02T06:13:54.922Z",
    "level": "info",
    "message": "Fetching godowns from Tally",
    "meta": {
      "company": "Tally"
    },
    "company": "Tally"
  },
  {
    "id": 1777702434900.0032,
    "ts": "2026-05-02T06:13:54.900Z",
    "level": "success",
    "message": "Fetched 3 cost centres",
    "meta": {
      "company": "Tally"
    },
    "company": "Tally"
  },
  {
    "id": 1777702434884.6223,
    "ts": "2026-05-02T06:13:54.884Z",
    "level": "info",
    "message": "Fetching cost centres from Tally",
    "meta": {
      "company": "Tally"
    },
    "company": "Tally"
  },
  {
    "id": 1777702434859.3994,
    "ts": "2026-05-02T06:13:54.859Z",
    "level": "success",
    "message": "Fetched 28 groups",
    "meta": {
      "company": "Tally"
    },
    "company": "Tally"
  },
  {
    "id": 1777702434833.421,
    "ts": "2026-05-02T06:13:54.833Z",
    "level": "info",
    "message": "Fetching groups from Tally",
    "meta": {
      "company": "Tally"
    },
    "company": "Tally"
  },
  {
    "id": 1777702434818.6975,
    "ts": "2026-05-02T06:13:54.818Z",
    "level": "info",
    "message": "⏱ Auto-sync timer fired (run #1) for \"Tally\" — every 15 min. Starting sync now…",
    "meta": {
      "type": "auto_sync_triggered",
      "company": "Tally",
      "interval": "15 min",
      "runNumber": 1
    },
    "company": "Tally"
  },
  {
    "id": 1777702434432.321,
    "ts": "2026-05-02T06:13:54.432Z",
    "level": "info",
    "message": "Fetching ALL vouchers from Tally",
    "meta": {
      "company": "Tally",
      "fromDate": "2026-04-02",
      "toDate": "2026-05-02"
    },
    "company": "Tally"
  },
  {
    "id": 1777702434408.7297,
    "ts": "2026-05-02T06:13:54.408Z",
    "level": "success",
    "message": "Fetched 9 stock items (0 with HSN/SAC, 0 with GST rate)",
    "meta": {
      "company": "Tally"
    },
    "company": "Tally"
  },
  {
    "id": 1777702434385.9714,
    "ts": "2026-05-02T06:13:54.385Z",
    "level": "info",
    "message": "Fetching stock items from Tally",
    "meta": {
      "company": "Tally"
    },
    "company": "Tally"
  },
  {
    "id": 1777702434366.7341,
    "ts": "2026-05-02T06:13:54.366Z",
    "level": "success",
    "message": "Fetched 68 ledgers",
    "meta": {
      "company": "Tally"
    },
    "company": "Tally"
  },
  {
    "id": 1777702434326.6113,
    "ts": "2026-05-02T06:13:54.326Z",
    "level": "info",
    "message": "Fetching ledgers from Tally",
    "meta": {
      "company": "Tally"
    },
    "company": "Tally"
  },
  {
    "id": 1777702434306.6418,
    "ts": "2026-05-02T06:13:54.306Z",
    "level": "success",
    "message": "Fetched 1 godowns",
    "meta": {
      "company": "Tally"
    },
    "company": "Tally"
  },
  {
    "id": 1777702434290.6133,
    "ts": "2026-05-02T06:13:54.290Z",
    "level": "info",
    "message": "Fetching godowns from Tally",
    "meta": {
      "company": "Tally"
    },
    "company": "Tally"
  },
  {
    "id": 1777702434264.188,
    "ts": "2026-05-02T06:13:54.264Z",
    "level": "success",
    "message": "Fetched 3 cost centres",
    "meta": {
      "company": "Tally"
    },
    "company": "Tally"
  },
  {
    "id": 1777702434249.7068,
    "ts": "2026-05-02T06:13:54.249Z",
    "level": "info",
    "message": "Fetching cost centres from Tally",
    "meta": {
      "company": "Tally"
    },
    "company": "Tally"
  },
  {
    "id": 1777702434226.6565,
    "ts": "2026-05-02T06:13:54.226Z",
    "level": "success",
    "message": "Fetched 28 groups",
    "meta": {
      "company": "Tally"
    },
    "company": "Tally"
  },
  {
    "id": 1777702434203.2578,
    "ts": "2026-05-02T06:13:54.203Z",
    "level": "info",
    "message": "Fetching groups from Tally",
    "meta": {
      "company": "Tally"
    },
    "company": "Tally"
  },
  {
    "id": 1777702434191.6394,
    "ts": "2026-05-02T06:13:54.191Z",
    "level": "info",
    "message": "⏱ Auto-sync timer fired (run #1) for \"Tally\" — every 15 min. Starting sync now…",
    "meta": {
      "type": "auto_sync_triggered",
      "company": "Tally",
      "interval": "15 min",
      "runNumber": 1
    },
    "company": "Tally"
  },
  {
    "id": 1777702433762.2224,
    "ts": "2026-05-02T06:13:53.762Z",
    "level": "info",
    "message": "Fetching ALL vouchers from Tally",
    "meta": {
      "company": "Tally",
      "fromDate": "2026-04-02",
      "toDate": "2026-05-02"
    },
    "company": "Tally"
  },
  {
    "id": 1777702433739.9424,
    "ts": "2026-05-02T06:13:53.739Z",
    "level": "success",
    "message": "Fetched 9 stock items (0 with HSN/SAC, 0 with GST rate)",
    "meta": {
      "company": "Tally"
    },
    "company": "Tally"
  },
  {
    "id": 1777702433712.4175,
    "ts": "2026-05-02T06:13:53.712Z",
    "level": "info",
    "message": "Fetching stock items from Tally",
    "meta": {
      "company": "Tally"
    },
    "company": "Tally"
  },
  {
    "id": 1777702433694.063,
    "ts": "2026-05-02T06:13:53.694Z",
    "level": "success",
    "message": "Fetched 68 ledgers",
    "meta": {
      "company": "Tally"
    },
    "company": "Tally"
  },
  {
    "id": 1777702433652.2993,
    "ts": "2026-05-02T06:13:53.652Z",
    "level": "info",
    "message": "Fetching ledgers from Tally",
    "meta": {
      "company": "Tally"
    },
    "company": "Tally"
  },
  {
    "id": 1777702433632.9324,
    "ts": "2026-05-02T06:13:53.632Z",
    "level": "success",
    "message": "Fetched 1 godowns",
    "meta": {
      "company": "Tally"
    },
    "company": "Tally"
  },
  {
    "id": 1777702433617.2314,
    "ts": "2026-05-02T06:13:53.617Z",
    "level": "info",
    "message": "Fetching godowns from Tally",
    "meta": {
      "company": "Tally"
    },
    "company": "Tally"
  },
  {
    "id": 1777702433592.0974,
    "ts": "2026-05-02T06:13:53.592Z",
    "level": "success",
    "message": "Fetched 3 cost centres",
    "meta": {
      "company": "Tally"
    },
    "company": "Tally"
  },
  {
    "id": 1777702433576.224,
    "ts": "2026-05-02T06:13:53.576Z",
    "level": "info",
    "message": "Fetching cost centres from Tally",
    "meta": {
      "company": "Tally"
    },
    "company": "Tally"
  },
  {
    "id": 1777702433554.0034,
    "ts": "2026-05-02T06:13:53.554Z",
    "level": "success",
    "message": "Fetched 28 groups",
    "meta": {
      "company": "Tally"
    },
    "company": "Tally"
  },
  {
    "id": 1777702433528.3464,
    "ts": "2026-05-02T06:13:53.528Z",
    "level": "info",
    "message": "Fetching groups from Tally",
    "meta": {
      "company": "Tally"
    },
    "company": "Tally"
  },
  {
    "id": 1777702433515.131,
    "ts": "2026-05-02T06:13:53.515Z",
    "level": "info",
    "message": "⏱ Auto-sync timer fired (run #1) for \"Tally\" — every 15 min. Starting sync now…",
    "meta": {
      "type": "auto_sync_triggered",
      "company": "Tally",
      "interval": "15 min",
      "runNumber": 1
    },
    "company": "Tally"
  },
  {
    "id": 1777702293511.1055,
    "ts": "2026-05-02T06:11:33.511Z",
    "level": "info",
    "message": "Fetching ALL vouchers from Tally",
    "meta": {
      "company": "Tally",
      "fromDate": "2026-04-02",
      "toDate": "2026-05-02"
    },
    "company": "Tally"
  },
  {
    "id": 1777702293488.7117,
    "ts": "2026-05-02T06:11:33.488Z",
    "level": "success",
    "message": "Fetched 9 stock items (0 with HSN/SAC, 0 with GST rate)",
    "meta": {
      "company": "Tally"
    },
    "company": "Tally"
  },
  {
    "id": 1777702293466.5034,
    "ts": "2026-05-02T06:11:33.466Z",
    "level": "info",
    "message": "Fetching stock items from Tally",
    "meta": {
      "company": "Tally"
    },
    "company": "Tally"
  },
  {
    "id": 1777702293447.9197,
    "ts": "2026-05-02T06:11:33.447Z",
    "level": "success",
    "message": "Fetched 68 ledgers",
    "meta": {
      "company": "Tally"
    },
    "company": "Tally"
  },
  {
    "id": 1777702293405.342,
    "ts": "2026-05-02T06:11:33.405Z",
    "level": "info",
    "message": "Fetching ledgers from Tally",
    "meta": {
      "company": "Tally"
    },
    "company": "Tally"
  },
  {
    "id": 1777702293388.9436,
    "ts": "2026-05-02T06:11:33.388Z",
    "level": "success",
    "message": "Fetched 1 godowns",
    "meta": {
      "company": "Tally"
    },
    "company": "Tally"
  },
  {
    "id": 1777702293373.0574,
    "ts": "2026-05-02T06:11:33.373Z",
    "level": "info",
    "message": "Fetching godowns from Tally",
    "meta": {
      "company": "Tally"
    },
    "company": "Tally"
  },
  {
    "id": 1777702293351.2014,
    "ts": "2026-05-02T06:11:33.351Z",
    "level": "success",
    "message": "Fetched 3 cost centres",
    "meta": {
      "company": "Tally"
    },
    "company": "Tally"
  },
  {
    "id": 1777702293335.6064,
    "ts": "2026-05-02T06:11:33.335Z",
    "level": "info",
    "message": "Fetching cost centres from Tally",
    "meta": {
      "company": "Tally"
    },
    "company": "Tally"
  },
  {
    "id": 1777702293310.9072,
    "ts": "2026-05-02T06:11:33.310Z",
    "level": "success",
    "message": "Fetched 28 groups",
    "meta": {
      "company": "Tally"
    },
    "company": "Tally"
  },
  {
    "id": 1777702293286.8433,
    "ts": "2026-05-02T06:11:33.286Z",
    "level": "info",
    "message": "Fetching groups from Tally",
    "meta": {
      "company": "Tally"
    },
    "company": "Tally"
  },
  {
    "id": 1777702293274.3787,
    "ts": "2026-05-02T06:11:33.274Z",
    "level": "info",
    "message": "⏱ Auto-sync timer fired (run #1) for \"Tally\" — every 15 min. Starting sync now…",
    "meta": {
      "type": "auto_sync_triggered",
      "company": "Tally",
      "interval": "15 min",
      "runNumber": 1
    },
    "company": "Tally"
  },
  {
    "id": 1777702292881.582,
    "ts": "2026-05-02T06:11:32.881Z",
    "level": "info",
    "message": "Fetching ALL vouchers from Tally",
    "meta": {
      "company": "Tally",
      "fromDate": "2026-04-02",
      "toDate": "2026-05-02"
    },
    "company": "Tally"
  },
  {
    "id": 1777702292859.488,
    "ts": "2026-05-02T06:11:32.859Z",
    "level": "success",
    "message": "Fetched 9 stock items (0 with HSN/SAC, 0 with GST rate)",
    "meta": {
      "company": "Tally"
    },
    "company": "Tally"
  },
  {
    "id": 1777702292836.0056,
    "ts": "2026-05-02T06:11:32.836Z",
    "level": "info",
    "message": "Fetching stock items from Tally",
    "meta": {
      "company": "Tally"
    },
    "company": "Tally"
  },
  {
    "id": 1777702292817.1638,
    "ts": "2026-05-02T06:11:32.817Z",
    "level": "success",
    "message": "Fetched 68 ledgers",
    "meta": {
      "company": "Tally"
    },
    "company": "Tally"
  },
  {
    "id": 1777702292779.3938,
    "ts": "2026-05-02T06:11:32.779Z",
    "level": "info",
    "message": "Fetching ledgers from Tally",
    "meta": {
      "company": "Tally"
    },
    "company": "Tally"
  },
  {
    "id": 1777702292760.6,
    "ts": "2026-05-02T06:11:32.760Z",
    "level": "success",
    "message": "Fetched 1 godowns",
    "meta": {
      "company": "Tally"
    },
    "company": "Tally"
  },
  {
    "id": 1777702292746.4446,
    "ts": "2026-05-02T06:11:32.746Z",
    "level": "info",
    "message": "Fetching godowns from Tally",
    "meta": {
      "company": "Tally"
    },
    "company": "Tally"
  },
  {
    "id": 1777702292725.2222,
    "ts": "2026-05-02T06:11:32.725Z",
    "level": "success",
    "message": "Fetched 3 cost centres",
    "meta": {
      "company": "Tally"
    },
    "company": "Tally"
  },
  {
    "id": 1777702292711.1196,
    "ts": "2026-05-02T06:11:32.711Z",
    "level": "info",
    "message": "Fetching cost centres from Tally",
    "meta": {
      "company": "Tally"
    },
    "company": "Tally"
  },
  {
    "id": 1777702292685.7751,
    "ts": "2026-05-02T06:11:32.685Z",
    "level": "success",
    "message": "Fetched 28 groups",
    "meta": {
      "company": "Tally"
    },
    "company": "Tally"
  },
  {
    "id": 1777702292662.7485,
    "ts": "2026-05-02T06:11:32.662Z",
    "level": "info",
    "message": "Fetching groups from Tally",
    "meta": {
      "company": "Tally"
    },
    "company": "Tally"
  },
  {
    "id": 1777702292648.3674,
    "ts": "2026-05-02T06:11:32.648Z",
    "level": "info",
    "message": "⏱ Auto-sync timer fired (run #1) for \"Tally\" — every 15 min. Starting sync now…",
    "meta": {
      "type": "auto_sync_triggered",
      "company": "Tally",
      "interval": "15 min",
      "runNumber": 1
    },
    "company": "Tally"
  },
  {
    "id": 1777702292274.4724,
    "ts": "2026-05-02T06:11:32.274Z",
    "level": "info",
    "message": "Fetching ALL vouchers from Tally",
    "meta": {
      "company": "Tally",
      "fromDate": "2026-04-02",
      "toDate": "2026-05-02"
    },
    "company": "Tally"
  },
  {
    "id": 1777702292252.8142,
    "ts": "2026-05-02T06:11:32.252Z",
    "level": "success",
    "message": "Fetched 9 stock items (0 with HSN/SAC, 0 with GST rate)",
    "meta": {
      "company": "Tally"
    },
    "company": "Tally"
  },
  {
    "id": 1777702292229.976,
    "ts": "2026-05-02T06:11:32.229Z",
    "level": "info",
    "message": "Fetching stock items from Tally",
    "meta": {
      "company": "Tally"
    },
    "company": "Tally"
  },
  {
    "id": 1777702292211.0806,
    "ts": "2026-05-02T06:11:32.211Z",
    "level": "success",
    "message": "Fetched 68 ledgers",
    "meta": {
      "company": "Tally"
    },
    "company": "Tally"
  },
  {
    "id": 1777702292169.334,
    "ts": "2026-05-02T06:11:32.169Z",
    "level": "info",
    "message": "Fetching ledgers from Tally",
    "meta": {
      "company": "Tally"
    },
    "company": "Tally"
  },
  {
    "id": 1777702292150.7368,
    "ts": "2026-05-02T06:11:32.150Z",
    "level": "success",
    "message": "Fetched 1 godowns",
    "meta": {
      "company": "Tally"
    },
    "company": "Tally"
  },
  {
    "id": 1777702292135.239,
    "ts": "2026-05-02T06:11:32.135Z",
    "level": "info",
    "message": "Fetching godowns from Tally",
    "meta": {
      "company": "Tally"
    },
    "company": "Tally"
  },
  {
    "id": 1777702292114.3357,
    "ts": "2026-05-02T06:11:32.114Z",
    "level": "success",
    "message": "Fetched 3 cost centres",
    "meta": {
      "company": "Tally"
    },
    "company": "Tally"
  },
  {
    "id": 1777702292100.2412,
    "ts": "2026-05-02T06:11:32.100Z",
    "level": "info",
    "message": "Fetching cost centres from Tally",
    "meta": {
      "company": "Tally"
    },
    "company": "Tally"
  },
  {
    "id": 1777702292075.4478,
    "ts": "2026-05-02T06:11:32.075Z",
    "level": "success",
    "message": "Fetched 28 groups",
    "meta": {
      "company": "Tally"
    },
    "company": "Tally"
  },
  {
    "id": 1777702292051.345,
    "ts": "2026-05-02T06:11:32.051Z",
    "level": "info",
    "message": "Fetching groups from Tally",
    "meta": {
      "company": "Tally"
    },
    "company": "Tally"
  },
  {
    "id": 1777702292038.4436,
    "ts": "2026-05-02T06:11:32.038Z",
    "level": "info",
    "message": "⏱ Auto-sync timer fired (run #1) for \"Tally\" — every 15 min. Starting sync now…",
    "meta": {
      "type": "auto_sync_triggered",
      "company": "Tally",
      "interval": "15 min",
      "runNumber": 1
    },
    "company": "Tally"
  },
  {
    "id": 1777702291651.9453,
    "ts": "2026-05-02T06:11:31.651Z",
    "level": "info",
    "message": "Fetching ALL vouchers from Tally",
    "meta": {
      "company": "Tally",
      "fromDate": "2026-04-02",
      "toDate": "2026-05-02"
    },
    "company": "Tally"
  },
  {
    "id": 1777702291629.3325,
    "ts": "2026-05-02T06:11:31.629Z",
    "level": "success",
    "message": "Fetched 9 stock items (0 with HSN/SAC, 0 with GST rate)",
    "meta": {
      "company": "Tally"
    },
    "company": "Tally"
  },
  {
    "id": 1777702291606.8047,
    "ts": "2026-05-02T06:11:31.606Z",
    "level": "info",
    "message": "Fetching stock items from Tally",
    "meta": {
      "company": "Tally"
    },
    "company": "Tally"
  },
  {
    "id": 1777702291588.407,
    "ts": "2026-05-02T06:11:31.588Z",
    "level": "success",
    "message": "Fetched 68 ledgers",
    "meta": {
      "company": "Tally"
    },
    "company": "Tally"
  },
  {
    "id": 1777702291551.8328,
    "ts": "2026-05-02T06:11:31.551Z",
    "level": "info",
    "message": "Fetching ledgers from Tally",
    "meta": {
      "company": "Tally"
    },
    "company": "Tally"
  },
  {
    "id": 1777702291531.2175,
    "ts": "2026-05-02T06:11:31.531Z",
    "level": "success",
    "message": "Fetched 1 godowns",
    "meta": {
      "company": "Tally"
    },
    "company": "Tally"
  },
  {
    "id": 1777702291517.5127,
    "ts": "2026-05-02T06:11:31.517Z",
    "level": "info",
    "message": "Fetching godowns from Tally",
    "meta": {
      "company": "Tally"
    },
    "company": "Tally"
  },
  {
    "id": 1777702291496.2886,
    "ts": "2026-05-02T06:11:31.496Z",
    "level": "success",
    "message": "Fetched 3 cost centres",
    "meta": {
      "company": "Tally"
    },
    "company": "Tally"
  },
  {
    "id": 1777702291481.6755,
    "ts": "2026-05-02T06:11:31.481Z",
    "level": "info",
    "message": "Fetching cost centres from Tally",
    "meta": {
      "company": "Tally"
    },
    "company": "Tally"
  },
  {
    "id": 1777702291461.5942,
    "ts": "2026-05-02T06:11:31.461Z",
    "level": "success",
    "message": "Fetched 28 groups",
    "meta": {
      "company": "Tally"
    },
    "company": "Tally"
  },
  {
    "id": 1777702291436.669,
    "ts": "2026-05-02T06:11:31.436Z",
    "level": "info",
    "message": "Fetching groups from Tally",
    "meta": {
      "company": "Tally"
    },
    "company": "Tally"
  },
  {
    "id": 1777702291423.0305,
    "ts": "2026-05-02T06:11:31.423Z",
    "level": "info",
    "message": "⏱ Auto-sync timer fired (run #1) for \"Tally\" — every 15 min. Starting sync now…",
    "meta": {
      "type": "auto_sync_triggered",
      "company": "Tally",
      "interval": "15 min",
      "runNumber": 1
    },
    "company": "Tally"
  },
  {
    "id": 1777702291045.233,
    "ts": "2026-05-02T06:11:31.045Z",
    "level": "info",
    "message": "Fetching ALL vouchers from Tally",
    "meta": {
      "company": "Tally",
      "fromDate": "2026-04-02",
      "toDate": "2026-05-02"
    },
    "company": "Tally"
  },
  {
    "id": 1777702291023.6475,
    "ts": "2026-05-02T06:11:31.023Z",
    "level": "success",
    "message": "Fetched 9 stock items (0 with HSN/SAC, 0 with GST rate)",
    "meta": {
      "company": "Tally"
    },
    "company": "Tally"
  },
  {
    "id": 1777702291002.7874,
    "ts": "2026-05-02T06:11:31.002Z",
    "level": "info",
    "message": "Fetching stock items from Tally",
    "meta": {
      "company": "Tally"
    },
    "company": "Tally"
  },
  {
    "id": 1777702290983.885,
    "ts": "2026-05-02T06:11:30.983Z",
    "level": "success",
    "message": "Fetched 68 ledgers",
    "meta": {
      "company": "Tally"
    },
    "company": "Tally"
  },
  {
    "id": 1777702290944.4631,
    "ts": "2026-05-02T06:11:30.944Z",
    "level": "info",
    "message": "Fetching ledgers from Tally",
    "meta": {
      "company": "Tally"
    },
    "company": "Tally"
  },
  {
    "id": 1777702290921.2175,
    "ts": "2026-05-02T06:11:30.921Z",
    "level": "success",
    "message": "Fetched 1 godowns",
    "meta": {
      "company": "Tally"
    },
    "company": "Tally"
  },
  {
    "id": 1777702290907.5547,
    "ts": "2026-05-02T06:11:30.907Z",
    "level": "info",
    "message": "Fetching godowns from Tally",
    "meta": {
      "company": "Tally"
    },
    "company": "Tally"
  },
  {
    "id": 1777702290887.8413,
    "ts": "2026-05-02T06:11:30.887Z",
    "level": "success",
    "message": "Fetched 3 cost centres",
    "meta": {
      "company": "Tally"
    },
    "company": "Tally"
  },
  {
    "id": 1777702290871.6982,
    "ts": "2026-05-02T06:11:30.871Z",
    "level": "info",
    "message": "Fetching cost centres from Tally",
    "meta": {
      "company": "Tally"
    },
    "company": "Tally"
  },
  {
    "id": 1777702290850.2754,
    "ts": "2026-05-02T06:11:30.850Z",
    "level": "success",
    "message": "Fetched 28 groups",
    "meta": {
      "company": "Tally"
    },
    "company": "Tally"
  },
  {
    "id": 1777702290825.5527,
    "ts": "2026-05-02T06:11:30.825Z",
    "level": "info",
    "message": "Fetching groups from Tally",
    "meta": {
      "company": "Tally"
    },
    "company": "Tally"
  },
  {
    "id": 1777702290813.4658,
    "ts": "2026-05-02T06:11:30.813Z",
    "level": "info",
    "message": "⏱ Auto-sync timer fired (run #1) for \"Tally\" — every 15 min. Starting sync now…",
    "meta": {
      "type": "auto_sync_triggered",
      "company": "Tally",
      "interval": "15 min",
      "runNumber": 1
    },
    "company": "Tally"
  },
  {
    "id": 1777702290408.6309,
    "ts": "2026-05-02T06:11:30.408Z",
    "level": "info",
    "message": "Fetching ALL vouchers from Tally",
    "meta": {
      "company": "Tally",
      "fromDate": "2026-04-02",
      "toDate": "2026-05-02"
    },
    "company": "Tally"
  },
  {
    "id": 1777702290388.9858,
    "ts": "2026-05-02T06:11:30.388Z",
    "level": "success",
    "message": "Fetched 9 stock items (0 with HSN/SAC, 0 with GST rate)",
    "meta": {
      "company": "Tally"
    },
    "company": "Tally"
  },
  {
    "id": 1777702290365.1118,
    "ts": "2026-05-02T06:11:30.365Z",
    "level": "info",
    "message": "Fetching stock items from Tally",
    "meta": {
      "company": "Tally"
    },
    "company": "Tally"
  },
  {
    "id": 1777702290348.487,
    "ts": "2026-05-02T06:11:30.348Z",
    "level": "success",
    "message": "Fetched 68 ledgers",
    "meta": {
      "company": "Tally"
    },
    "company": "Tally"
  },
  {
    "id": 1777702290308.731,
    "ts": "2026-05-02T06:11:30.308Z",
    "level": "info",
    "message": "Fetching ledgers from Tally",
    "meta": {
      "company": "Tally"
    },
    "company": "Tally"
  },
  {
    "id": 1777702290289.377,
    "ts": "2026-05-02T06:11:30.289Z",
    "level": "success",
    "message": "Fetched 1 godowns",
    "meta": {
      "company": "Tally"
    },
    "company": "Tally"
  },
  {
    "id": 1777702290274.0195,
    "ts": "2026-05-02T06:11:30.274Z",
    "level": "info",
    "message": "Fetching godowns from Tally",
    "meta": {
      "company": "Tally"
    },
    "company": "Tally"
  },
  {
    "id": 1777702290254.3372,
    "ts": "2026-05-02T06:11:30.254Z",
    "level": "success",
    "message": "Fetched 3 cost centres",
    "meta": {
      "company": "Tally"
    },
    "company": "Tally"
  },
  {
    "id": 1777702290240.7969,
    "ts": "2026-05-02T06:11:30.240Z",
    "level": "info",
    "message": "Fetching cost centres from Tally",
    "meta": {
      "company": "Tally"
    },
    "company": "Tally"
  },
  {
    "id": 1777702290219.6775,
    "ts": "2026-05-02T06:11:30.219Z",
    "level": "success",
    "message": "Fetched 28 groups",
    "meta": {
      "company": "Tally"
    },
    "company": "Tally"
  },
  {
    "id": 1777702290196.9849,
    "ts": "2026-05-02T06:11:30.196Z",
    "level": "info",
    "message": "Fetching groups from Tally",
    "meta": {
      "company": "Tally"
    },
    "company": "Tally"
  },
  {
    "id": 1777702290183.6921,
    "ts": "2026-05-02T06:11:30.183Z",
    "level": "info",
    "message": "⏱ Auto-sync timer fired (run #1) for \"Tally\" — every 15 min. Starting sync now…",
    "meta": {
      "type": "auto_sync_triggered",
      "company": "Tally",
      "interval": "15 min",
      "runNumber": 1
    },
    "company": "Tally"
  },
  {
    "id": 1777702289792.4282,
    "ts": "2026-05-02T06:11:29.792Z",
    "level": "info",
    "message": "Fetching ALL vouchers from Tally",
    "meta": {
      "company": "Tally",
      "fromDate": "2026-04-02",
      "toDate": "2026-05-02"
    },
    "company": "Tally"
  },
  {
    "id": 1777702289772.0967,
    "ts": "2026-05-02T06:11:29.772Z",
    "level": "success",
    "message": "Fetched 9 stock items (0 with HSN/SAC, 0 with GST rate)",
    "meta": {
      "company": "Tally"
    },
    "company": "Tally"
  },
  {
    "id": 1777702289747.5286,
    "ts": "2026-05-02T06:11:29.747Z",
    "level": "info",
    "message": "Fetching stock items from Tally",
    "meta": {
      "company": "Tally"
    },
    "company": "Tally"
  },
  {
    "id": 1777702289734.3816,
    "ts": "2026-05-02T06:11:29.734Z",
    "level": "success",
    "message": "Fetched 68 ledgers",
    "meta": {
      "company": "Tally"
    },
    "company": "Tally"
  },
  {
    "id": 1777702289696.6294,
    "ts": "2026-05-02T06:11:29.696Z",
    "level": "info",
    "message": "Fetching ledgers from Tally",
    "meta": {
      "company": "Tally"
    },
    "company": "Tally"
  },
  {
    "id": 1777702289678.8481,
    "ts": "2026-05-02T06:11:29.678Z",
    "level": "success",
    "message": "Fetched 1 godowns",
    "meta": {
      "company": "Tally"
    },
    "company": "Tally"
  },
  {
    "id": 1777702289664.4946,
    "ts": "2026-05-02T06:11:29.664Z",
    "level": "info",
    "message": "Fetching godowns from Tally",
    "meta": {
      "company": "Tally"
    },
    "company": "Tally"
  },
  {
    "id": 1777702289643.9133,
    "ts": "2026-05-02T06:11:29.643Z",
    "level": "success",
    "message": "Fetched 3 cost centres",
    "meta": {
      "company": "Tally"
    },
    "company": "Tally"
  },
  {
    "id": 1777702289628.615,
    "ts": "2026-05-02T06:11:29.628Z",
    "level": "info",
    "message": "Fetching cost centres from Tally",
    "meta": {
      "company": "Tally"
    },
    "company": "Tally"
  },
  {
    "id": 1777702289601.983,
    "ts": "2026-05-02T06:11:29.601Z",
    "level": "success",
    "message": "Fetched 28 groups",
    "meta": {
      "company": "Tally"
    },
    "company": "Tally"
  },
  {
    "id": 1777702289568.7246,
    "ts": "2026-05-02T06:11:29.568Z",
    "level": "info",
    "message": "Fetching groups from Tally",
    "meta": {
      "company": "Tally"
    },
    "company": "Tally"
  },
  {
    "id": 1777702289556.866,
    "ts": "2026-05-02T06:11:29.556Z",
    "level": "info",
    "message": "⏱ Auto-sync timer fired (run #1) for \"Tally\" — every 15 min. Starting sync now…",
    "meta": {
      "type": "auto_sync_triggered",
      "company": "Tally",
      "interval": "15 min",
      "runNumber": 1
    },
    "company": "Tally"
  },
  {
    "id": 1777702289148.7393,
    "ts": "2026-05-02T06:11:29.148Z",
    "level": "info",
    "message": "Fetching ALL vouchers from Tally",
    "meta": {
      "company": "Tally",
      "fromDate": "2026-04-02",
      "toDate": "2026-05-02"
    },
    "company": "Tally"
  },
  {
    "id": 1777702289128.6873,
    "ts": "2026-05-02T06:11:29.128Z",
    "level": "success",
    "message": "Fetched 9 stock items (0 with HSN/SAC, 0 with GST rate)",
    "meta": {
      "company": "Tally"
    },
    "company": "Tally"
  },
  {
    "id": 1777702289104.6255,
    "ts": "2026-05-02T06:11:29.104Z",
    "level": "info",
    "message": "Fetching stock items from Tally",
    "meta": {
      "company": "Tally"
    },
    "company": "Tally"
  },
  {
    "id": 1777702289090.0044,
    "ts": "2026-05-02T06:11:29.090Z",
    "level": "success",
    "message": "Fetched 68 ledgers",
    "meta": {
      "company": "Tally"
    },
    "company": "Tally"
  },
  {
    "id": 1777702289051.9858,
    "ts": "2026-05-02T06:11:29.051Z",
    "level": "info",
    "message": "Fetching ledgers from Tally",
    "meta": {
      "company": "Tally"
    },
    "company": "Tally"
  },
  {
    "id": 1777702289033.581,
    "ts": "2026-05-02T06:11:29.033Z",
    "level": "success",
    "message": "Fetched 1 godowns",
    "meta": {
      "company": "Tally"
    },
    "company": "Tally"
  },
  {
    "id": 1777702289020.0925,
    "ts": "2026-05-02T06:11:29.020Z",
    "level": "info",
    "message": "Fetching godowns from Tally",
    "meta": {
      "company": "Tally"
    },
    "company": "Tally"
  },
  {
    "id": 1777702288999.422,
    "ts": "2026-05-02T06:11:28.999Z",
    "level": "success",
    "message": "Fetched 3 cost centres",
    "meta": {
      "company": "Tally"
    },
    "company": "Tally"
  },
  {
    "id": 1777702288985.2249,
    "ts": "2026-05-02T06:11:28.985Z",
    "level": "info",
    "message": "Fetching cost centres from Tally",
    "meta": {
      "company": "Tally"
    },
    "company": "Tally"
  },
  {
    "id": 1777702288967.0222,
    "ts": "2026-05-02T06:11:28.967Z",
    "level": "success",
    "message": "Fetched 28 groups",
    "meta": {
      "company": "Tally"
    },
    "company": "Tally"
  },
  {
    "id": 1777702288943.4587,
    "ts": "2026-05-02T06:11:28.943Z",
    "level": "info",
    "message": "Fetching groups from Tally",
    "meta": {
      "company": "Tally"
    },
    "company": "Tally"
  },
  {
    "id": 1777702288930.2412,
    "ts": "2026-05-02T06:11:28.930Z",
    "level": "info",
    "message": "⏱ Auto-sync timer fired (run #1) for \"Tally\" — every 15 min. Starting sync now…",
    "meta": {
      "type": "auto_sync_triggered",
      "company": "Tally",
      "interval": "15 min",
      "runNumber": 1
    },
    "company": "Tally"
  },
  {
    "id": 1777702288501.6116,
    "ts": "2026-05-02T06:11:28.501Z",
    "level": "info",
    "message": "Fetching ALL vouchers from Tally",
    "meta": {
      "company": "Tally",
      "fromDate": "2026-04-02",
      "toDate": "2026-05-02"
    },
    "company": "Tally"
  },
  {
    "id": 1777702288483.1506,
    "ts": "2026-05-02T06:11:28.483Z",
    "level": "success",
    "message": "Fetched 9 stock items (0 with HSN/SAC, 0 with GST rate)",
    "meta": {
      "company": "Tally"
    },
    "company": "Tally"
  },
  {
    "id": 1777702288466.182,
    "ts": "2026-05-02T06:11:28.466Z",
    "level": "info",
    "message": "Fetching stock items from Tally",
    "meta": {
      "company": "Tally"
    },
    "company": "Tally"
  },
  {
    "id": 1777702288453.8545,
    "ts": "2026-05-02T06:11:28.453Z",
    "level": "success",
    "message": "Fetched 68 ledgers",
    "meta": {
      "company": "Tally"
    },
    "company": "Tally"
  },
  {
    "id": 1777702288417.1255,
    "ts": "2026-05-02T06:11:28.417Z",
    "level": "info",
    "message": "Fetching ledgers from Tally",
    "meta": {
      "company": "Tally"
    },
    "company": "Tally"
  },
  {
    "id": 1777702288399.8435,
    "ts": "2026-05-02T06:11:28.399Z",
    "level": "success",
    "message": "Fetched 1 godowns",
    "meta": {
      "company": "Tally"
    },
    "company": "Tally"
  },
  {
    "id": 1777702288386.7559,
    "ts": "2026-05-02T06:11:28.386Z",
    "level": "info",
    "message": "Fetching godowns from Tally",
    "meta": {
      "company": "Tally"
    },
    "company": "Tally"
  },
  {
    "id": 1777702288370.2937,
    "ts": "2026-05-02T06:11:28.370Z",
    "level": "success",
    "message": "Fetched 3 cost centres",
    "meta": {
      "company": "Tally"
    },
    "company": "Tally"
  },
  {
    "id": 1777702288355.5337,
    "ts": "2026-05-02T06:11:28.355Z",
    "level": "info",
    "message": "Fetching cost centres from Tally",
    "meta": {
      "company": "Tally"
    },
    "company": "Tally"
  },
  {
    "id": 1777702288335.4905,
    "ts": "2026-05-02T06:11:28.335Z",
    "level": "success",
    "message": "Fetched 28 groups",
    "meta": {
      "company": "Tally"
    },
    "company": "Tally"
  },
  {
    "id": 1777702288312.8806,
    "ts": "2026-05-02T06:11:28.312Z",
    "level": "info",
    "message": "Fetching groups from Tally",
    "meta": {
      "company": "Tally"
    },
    "company": "Tally"
  },
  {
    "id": 1777702288299.7747,
    "ts": "2026-05-02T06:11:28.299Z",
    "level": "info",
    "message": "⏱ Auto-sync timer fired (run #1) for \"Tally\" — every 15 min. Starting sync now…",
    "meta": {
      "type": "auto_sync_triggered",
      "company": "Tally",
      "interval": "15 min",
      "runNumber": 1
    },
    "company": "Tally"
  },
  {
    "id": 1777702287894.9534,
    "ts": "2026-05-02T06:11:27.894Z",
    "level": "info",
    "message": "Fetching ALL vouchers from Tally",
    "meta": {
      "company": "Tally",
      "fromDate": "2026-04-02",
      "toDate": "2026-05-02"
    },
    "company": "Tally"
  },
  {
    "id": 1777702287874.7026,
    "ts": "2026-05-02T06:11:27.874Z",
    "level": "success",
    "message": "Fetched 9 stock items (0 with HSN/SAC, 0 with GST rate)",
    "meta": {
      "company": "Tally"
    },
    "company": "Tally"
  },
  {
    "id": 1777702287854.1565,
    "ts": "2026-05-02T06:11:27.854Z",
    "level": "info",
    "message": "Fetching stock items from Tally",
    "meta": {
      "company": "Tally"
    },
    "company": "Tally"
  },
  {
    "id": 1777702287839.5652,
    "ts": "2026-05-02T06:11:27.839Z",
    "level": "success",
    "message": "Fetched 68 ledgers",
    "meta": {
      "company": "Tally"
    },
    "company": "Tally"
  },
  {
    "id": 1777702287800.9226,
    "ts": "2026-05-02T06:11:27.800Z",
    "level": "info",
    "message": "Fetching ledgers from Tally",
    "meta": {
      "company": "Tally"
    },
    "company": "Tally"
  },
  {
    "id": 1777702287784.7717,
    "ts": "2026-05-02T06:11:27.784Z",
    "level": "success",
    "message": "Fetched 1 godowns",
    "meta": {
      "company": "Tally"
    },
    "company": "Tally"
  },
  {
    "id": 1777702287770.4834,
    "ts": "2026-05-02T06:11:27.770Z",
    "level": "info",
    "message": "Fetching godowns from Tally",
    "meta": {
      "company": "Tally"
    },
    "company": "Tally"
  },
  {
    "id": 1777702287752.666,
    "ts": "2026-05-02T06:11:27.752Z",
    "level": "success",
    "message": "Fetched 3 cost centres",
    "meta": {
      "company": "Tally"
    },
    "company": "Tally"
  },
  {
    "id": 1777702287738.1035,
    "ts": "2026-05-02T06:11:27.738Z",
    "level": "info",
    "message": "Fetching cost centres from Tally",
    "meta": {
      "company": "Tally"
    },
    "company": "Tally"
  },
  {
    "id": 1777702287716.9827,
    "ts": "2026-05-02T06:11:27.716Z",
    "level": "success",
    "message": "Fetched 28 groups",
    "meta": {
      "company": "Tally"
    },
    "company": "Tally"
  },
  {
    "id": 1777702287692.737,
    "ts": "2026-05-02T06:11:27.692Z",
    "level": "info",
    "message": "Fetching groups from Tally",
    "meta": {
      "company": "Tally"
    },
    "company": "Tally"
  },
  {
    "id": 1777702287682.8425,
    "ts": "2026-05-02T06:11:27.682Z",
    "level": "info",
    "message": "⏱ Auto-sync timer fired (run #1) for \"Tally\" — every 15 min. Starting sync now…",
    "meta": {
      "type": "auto_sync_triggered",
      "company": "Tally",
      "interval": "15 min",
      "runNumber": 1
    },
    "company": "Tally"
  },
  {
    "id": 1777702287270.002,
    "ts": "2026-05-02T06:11:27.270Z",
    "level": "info",
    "message": "Fetching ALL vouchers from Tally",
    "meta": {
      "company": "Tally",
      "fromDate": "2026-04-02",
      "toDate": "2026-05-02"
    },
    "company": "Tally"
  },
  {
    "id": 1777702287249.736,
    "ts": "2026-05-02T06:11:27.249Z",
    "level": "success",
    "message": "Fetched 9 stock items (0 with HSN/SAC, 0 with GST rate)",
    "meta": {
      "company": "Tally"
    },
    "company": "Tally"
  },
  {
    "id": 1777702287224.1677,
    "ts": "2026-05-02T06:11:27.224Z",
    "level": "info",
    "message": "Fetching stock items from Tally",
    "meta": {
      "company": "Tally"
    },
    "company": "Tally"
  },
  {
    "id": 1777702287209.9294,
    "ts": "2026-05-02T06:11:27.209Z",
    "level": "success",
    "message": "Fetched 68 ledgers",
    "meta": {
      "company": "Tally"
    },
    "company": "Tally"
  },
  {
    "id": 1777702287163.258,
    "ts": "2026-05-02T06:11:27.163Z",
    "level": "info",
    "message": "Fetching ledgers from Tally",
    "meta": {
      "company": "Tally"
    },
    "company": "Tally"
  },
  {
    "id": 1777702287146.4788,
    "ts": "2026-05-02T06:11:27.146Z",
    "level": "success",
    "message": "Fetched 1 godowns",
    "meta": {
      "company": "Tally"
    },
    "company": "Tally"
  },
  {
    "id": 1777702287129.4648,
    "ts": "2026-05-02T06:11:27.129Z",
    "level": "info",
    "message": "Fetching godowns from Tally",
    "meta": {
      "company": "Tally"
    },
    "company": "Tally"
  },
  {
    "id": 1777702287112.7717,
    "ts": "2026-05-02T06:11:27.112Z",
    "level": "success",
    "message": "Fetched 3 cost centres",
    "meta": {
      "company": "Tally"
    },
    "company": "Tally"
  },
  {
    "id": 1777702287097.2632,
    "ts": "2026-05-02T06:11:27.097Z",
    "level": "info",
    "message": "Fetching cost centres from Tally",
    "meta": {
      "company": "Tally"
    },
    "company": "Tally"
  },
  {
    "id": 1777702287076.181,
    "ts": "2026-05-02T06:11:27.076Z",
    "level": "success",
    "message": "Fetched 28 groups",
    "meta": {
      "company": "Tally"
    },
    "company": "Tally"
  },
  {
    "id": 1777702287051.918,
    "ts": "2026-05-02T06:11:27.051Z",
    "level": "info",
    "message": "Fetching groups from Tally",
    "meta": {
      "company": "Tally"
    },
    "company": "Tally"
  },
  {
    "id": 1777702287040.2253,
    "ts": "2026-05-02T06:11:27.040Z",
    "level": "info",
    "message": "⏱ Auto-sync timer fired (run #1) for \"Tally\" — every 15 min. Starting sync now…",
    "meta": {
      "type": "auto_sync_triggered",
      "company": "Tally",
      "interval": "15 min",
      "runNumber": 1
    },
    "company": "Tally"
  },
  {
    "id": 1777702286580.962,
    "ts": "2026-05-02T06:11:26.580Z",
    "level": "info",
    "message": "Fetching ALL vouchers from Tally",
    "meta": {
      "company": "Tally",
      "fromDate": "2026-04-02",
      "toDate": "2026-05-02"
    },
    "company": "Tally"
  },
  {
    "id": 1777702286560.4146,
    "ts": "2026-05-02T06:11:26.560Z",
    "level": "success",
    "message": "Fetched 9 stock items (0 with HSN/SAC, 0 with GST rate)",
    "meta": {
      "company": "Tally"
    },
    "company": "Tally"
  },
  {
    "id": 1777702286537.3674,
    "ts": "2026-05-02T06:11:26.537Z",
    "level": "info",
    "message": "Fetching stock items from Tally",
    "meta": {
      "company": "Tally"
    },
    "company": "Tally"
  },
  {
    "id": 1777702286523.0457,
    "ts": "2026-05-02T06:11:26.523Z",
    "level": "success",
    "message": "Fetched 68 ledgers",
    "meta": {
      "company": "Tally"
    },
    "company": "Tally"
  },
  {
    "id": 1777702286483.894,
    "ts": "2026-05-02T06:11:26.483Z",
    "level": "info",
    "message": "Fetching ledgers from Tally",
    "meta": {
      "company": "Tally"
    },
    "company": "Tally"
  },
  {
    "id": 1777702286466.5808,
    "ts": "2026-05-02T06:11:26.466Z",
    "level": "success",
    "message": "Fetched 1 godowns",
    "meta": {
      "company": "Tally"
    },
    "company": "Tally"
  },
  {
    "id": 1777702286450.667,
    "ts": "2026-05-02T06:11:26.450Z",
    "level": "info",
    "message": "Fetching godowns from Tally",
    "meta": {
      "company": "Tally"
    },
    "company": "Tally"
  },
  {
    "id": 1777702286432.7068,
    "ts": "2026-05-02T06:11:26.432Z",
    "level": "success",
    "message": "Fetched 3 cost centres",
    "meta": {
      "company": "Tally"
    },
    "company": "Tally"
  },
  {
    "id": 1777702286417.5256,
    "ts": "2026-05-02T06:11:26.417Z",
    "level": "info",
    "message": "Fetching cost centres from Tally",
    "meta": {
      "company": "Tally"
    },
    "company": "Tally"
  },
  {
    "id": 1777702286399.9734,
    "ts": "2026-05-02T06:11:26.399Z",
    "level": "success",
    "message": "Fetched 28 groups",
    "meta": {
      "company": "Tally"
    },
    "company": "Tally"
  },
  {
    "id": 1777702286376.733,
    "ts": "2026-05-02T06:11:26.376Z",
    "level": "info",
    "message": "Fetching groups from Tally",
    "meta": {
      "company": "Tally"
    },
    "company": "Tally"
  },
  {
    "id": 1777702286365.1042,
    "ts": "2026-05-02T06:11:26.365Z",
    "level": "info",
    "message": "⏱ Auto-sync timer fired (run #1) for \"Tally\" — every 15 min. Starting sync now…",
    "meta": {
      "type": "auto_sync_triggered",
      "company": "Tally",
      "interval": "15 min",
      "runNumber": 1
    },
    "company": "Tally"
  },
  {
    "id": 1777702285962.7278,
    "ts": "2026-05-02T06:11:25.962Z",
    "level": "info",
    "message": "Fetching ALL vouchers from Tally",
    "meta": {
      "company": "Tally",
      "fromDate": "2026-04-02",
      "toDate": "2026-05-02"
    },
    "company": "Tally"
  },
  {
    "id": 1777702285947.4404,
    "ts": "2026-05-02T06:11:25.947Z",
    "level": "success",
    "message": "Fetched 9 stock items (0 with HSN/SAC, 0 with GST rate)",
    "meta": {
      "company": "Tally"
    },
    "company": "Tally"
  },
  {
    "id": 1777702285929.9958,
    "ts": "2026-05-02T06:11:25.929Z",
    "level": "info",
    "message": "Fetching stock items from Tally",
    "meta": {
      "company": "Tally"
    },
    "company": "Tally"
  },
  {
    "id": 1777702285917.6538,
    "ts": "2026-05-02T06:11:25.917Z",
    "level": "success",
    "message": "Fetched 68 ledgers",
    "meta": {
      "company": "Tally"
    },
    "company": "Tally"
  },
  {
    "id": 1777702285882.4182,
    "ts": "2026-05-02T06:11:25.882Z",
    "level": "info",
    "message": "Fetching ledgers from Tally",
    "meta": {
      "company": "Tally"
    },
    "company": "Tally"
  },
  {
    "id": 1777702285867.7905,
    "ts": "2026-05-02T06:11:25.867Z",
    "level": "success",
    "message": "Fetched 1 godowns",
    "meta": {
      "company": "Tally"
    },
    "company": "Tally"
  },
  {
    "id": 1777702285852.1038,
    "ts": "2026-05-02T06:11:25.852Z",
    "level": "info",
    "message": "Fetching godowns from Tally",
    "meta": {
      "company": "Tally"
    },
    "company": "Tally"
  },
  {
    "id": 1777702285838.7568,
    "ts": "2026-05-02T06:11:25.838Z",
    "level": "success",
    "message": "Fetched 3 cost centres",
    "meta": {
      "company": "Tally"
    },
    "company": "Tally"
  },
  {
    "id": 1777702285823.697,
    "ts": "2026-05-02T06:11:25.824Z",
    "level": "info",
    "message": "Fetching cost centres from Tally",
    "meta": {
      "company": "Tally"
    },
    "company": "Tally"
  },
  {
    "id": 1777702285807.732,
    "ts": "2026-05-02T06:11:25.807Z",
    "level": "success",
    "message": "Fetched 28 groups",
    "meta": {
      "company": "Tally"
    },
    "company": "Tally"
  },
  {
    "id": 1777702285784.8003,
    "ts": "2026-05-02T06:11:25.784Z",
    "level": "info",
    "message": "Fetching groups from Tally",
    "meta": {
      "company": "Tally"
    },
    "company": "Tally"
  },
  {
    "id": 1777702285774.9285,
    "ts": "2026-05-02T06:11:25.774Z",
    "level": "info",
    "message": "⏱ Auto-sync timer fired (run #1) for \"Tally\" — every 15 min. Starting sync now…",
    "meta": {
      "type": "auto_sync_triggered",
      "company": "Tally",
      "interval": "15 min",
      "runNumber": 1
    },
    "company": "Tally"
  },
  {
    "id": 1777702285381.5876,
    "ts": "2026-05-02T06:11:25.381Z",
    "level": "info",
    "message": "Fetching ALL vouchers from Tally",
    "meta": {
      "company": "Tally",
      "fromDate": "2026-04-02",
      "toDate": "2026-05-02"
    },
    "company": "Tally"
  },
  {
    "id": 1777702285366.5942,
    "ts": "2026-05-02T06:11:25.366Z",
    "level": "success",
    "message": "Fetched 9 stock items (0 with HSN/SAC, 0 with GST rate)",
    "meta": {
      "company": "Tally"
    },
    "company": "Tally"
  },
  {
    "id": 1777702285347.8984,
    "ts": "2026-05-02T06:11:25.347Z",
    "level": "info",
    "message": "Fetching stock items from Tally",
    "meta": {
      "company": "Tally"
    },
    "company": "Tally"
  },
  {
    "id": 1777702285334.41,
    "ts": "2026-05-02T06:11:25.334Z",
    "level": "success",
    "message": "Fetched 68 ledgers",
    "meta": {
      "company": "Tally"
    },
    "company": "Tally"
  },
  {
    "id": 1777702285297.7964,
    "ts": "2026-05-02T06:11:25.297Z",
    "level": "info",
    "message": "Fetching ledgers from Tally",
    "meta": {
      "company": "Tally"
    },
    "company": "Tally"
  },
  {
    "id": 1777702285282.3008,
    "ts": "2026-05-02T06:11:25.282Z",
    "level": "success",
    "message": "Fetched 1 godowns",
    "meta": {
      "company": "Tally"
    },
    "company": "Tally"
  },
  {
    "id": 1777702285267.6377,
    "ts": "2026-05-02T06:11:25.267Z",
    "level": "info",
    "message": "Fetching godowns from Tally",
    "meta": {
      "company": "Tally"
    },
    "company": "Tally"
  },
  {
    "id": 1777702285250.1882,
    "ts": "2026-05-02T06:11:25.250Z",
    "level": "success",
    "message": "Fetched 3 cost centres",
    "meta": {
      "company": "Tally"
    },
    "company": "Tally"
  },
  {
    "id": 1777702285236.2625,
    "ts": "2026-05-02T06:11:25.236Z",
    "level": "info",
    "message": "Fetching cost centres from Tally",
    "meta": {
      "company": "Tally"
    },
    "company": "Tally"
  },
  {
    "id": 1777702285218.8967,
    "ts": "2026-05-02T06:11:25.218Z",
    "level": "success",
    "message": "Fetched 28 groups",
    "meta": {
      "company": "Tally"
    },
    "company": "Tally"
  },
  {
    "id": 1777702285195.8408,
    "ts": "2026-05-02T06:11:25.195Z",
    "level": "info",
    "message": "Fetching groups from Tally",
    "meta": {
      "company": "Tally"
    },
    "company": "Tally"
  },
  {
    "id": 1777702285184.4595,
    "ts": "2026-05-02T06:11:25.184Z",
    "level": "info",
    "message": "⏱ Auto-sync timer fired (run #1) for \"Tally\" — every 15 min. Starting sync now…",
    "meta": {
      "type": "auto_sync_triggered",
      "company": "Tally",
      "interval": "15 min",
      "runNumber": 1
    },
    "company": "Tally"
  },
  {
    "id": 1777702284787.5598,
    "ts": "2026-05-02T06:11:24.787Z",
    "level": "info",
    "message": "Fetching ALL vouchers from Tally",
    "meta": {
      "company": "Tally",
      "fromDate": "2026-04-02",
      "toDate": "2026-05-02"
    },
    "company": "Tally"
  },
  {
    "id": 1777702284769.8389,
    "ts": "2026-05-02T06:11:24.769Z",
    "level": "success",
    "message": "Fetched 9 stock items (0 with HSN/SAC, 0 with GST rate)",
    "meta": {
      "company": "Tally"
    },
    "company": "Tally"
  },
  {
    "id": 1777702284749.1567,
    "ts": "2026-05-02T06:11:24.749Z",
    "level": "info",
    "message": "Fetching stock items from Tally",
    "meta": {
      "company": "Tally"
    },
    "company": "Tally"
  },
  {
    "id": 1777702284737.4573,
    "ts": "2026-05-02T06:11:24.737Z",
    "level": "success",
    "message": "Fetched 68 ledgers",
    "meta": {
      "company": "Tally"
    },
    "company": "Tally"
  },
  {
    "id": 1777702284700.4517,
    "ts": "2026-05-02T06:11:24.700Z",
    "level": "info",
    "message": "Fetching ledgers from Tally",
    "meta": {
      "company": "Tally"
    },
    "company": "Tally"
  },
  {
    "id": 1777702284682.723,
    "ts": "2026-05-02T06:11:24.682Z",
    "level": "success",
    "message": "Fetched 1 godowns",
    "meta": {
      "company": "Tally"
    },
    "company": "Tally"
  },
  {
    "id": 1777702284668.9253,
    "ts": "2026-05-02T06:11:24.668Z",
    "level": "info",
    "message": "Fetching godowns from Tally",
    "meta": {
      "company": "Tally"
    },
    "company": "Tally"
  },
  {
    "id": 1777702284653.332,
    "ts": "2026-05-02T06:11:24.653Z",
    "level": "success",
    "message": "Fetched 3 cost centres",
    "meta": {
      "company": "Tally"
    },
    "company": "Tally"
  },
  {
    "id": 1777702284640.6326,
    "ts": "2026-05-02T06:11:24.640Z",
    "level": "info",
    "message": "Fetching cost centres from Tally",
    "meta": {
      "company": "Tally"
    },
    "company": "Tally"
  },
  {
    "id": 1777702284620.8943,
    "ts": "2026-05-02T06:11:24.620Z",
    "level": "success",
    "message": "Fetched 28 groups",
    "meta": {
      "company": "Tally"
    },
    "company": "Tally"
  },
  {
    "id": 1777702284600.6272,
    "ts": "2026-05-02T06:11:24.600Z",
    "level": "info",
    "message": "Fetching groups from Tally",
    "meta": {
      "company": "Tally"
    },
    "company": "Tally"
  },
  {
    "id": 1777702284589.001,
    "ts": "2026-05-02T06:11:24.589Z",
    "level": "info",
    "message": "⏱ Auto-sync timer fired (run #1) for \"Tally\" — every 15 min. Starting sync now…",
    "meta": {
      "type": "auto_sync_triggered",
      "company": "Tally",
      "interval": "15 min",
      "runNumber": 1
    },
    "company": "Tally"
  },
  {
    "id": 1777702284158.017,
    "ts": "2026-05-02T06:11:24.158Z",
    "level": "info",
    "message": "Fetching ALL vouchers from Tally",
    "meta": {
      "company": "Tally",
      "fromDate": "2026-04-02",
      "toDate": "2026-05-02"
    },
    "company": "Tally"
  },
  {
    "id": 1777702284145.2341,
    "ts": "2026-05-02T06:11:24.145Z",
    "level": "success",
    "message": "Fetched 9 stock items (0 with HSN/SAC, 0 with GST rate)",
    "meta": {
      "company": "Tally"
    },
    "company": "Tally"
  },
  {
    "id": 1777702284128.7273,
    "ts": "2026-05-02T06:11:24.128Z",
    "level": "info",
    "message": "Fetching stock items from Tally",
    "meta": {
      "company": "Tally"
    },
    "company": "Tally"
  },
  {
    "id": 1777702284118.822,
    "ts": "2026-05-02T06:11:24.118Z",
    "level": "success",
    "message": "Fetched 68 ledgers",
    "meta": {
      "company": "Tally"
    },
    "company": "Tally"
  },
  {
    "id": 1777702284080.2795,
    "ts": "2026-05-02T06:11:24.080Z",
    "level": "info",
    "message": "Fetching ledgers from Tally",
    "meta": {
      "company": "Tally"
    },
    "company": "Tally"
  },
  {
    "id": 1777702284065.2644,
    "ts": "2026-05-02T06:11:24.065Z",
    "level": "success",
    "message": "Fetched 1 godowns",
    "meta": {
      "company": "Tally"
    },
    "company": "Tally"
  },
  {
    "id": 1777702284051.4841,
    "ts": "2026-05-02T06:11:24.051Z",
    "level": "info",
    "message": "Fetching godowns from Tally",
    "meta": {
      "company": "Tally"
    },
    "company": "Tally"
  },
  {
    "id": 1777702284035.7043,
    "ts": "2026-05-02T06:11:24.035Z",
    "level": "success",
    "message": "Fetched 3 cost centres",
    "meta": {
      "company": "Tally"
    },
    "company": "Tally"
  },
  {
    "id": 1777702284021.1226,
    "ts": "2026-05-02T06:11:24.021Z",
    "level": "info",
    "message": "Fetching cost centres from Tally",
    "meta": {
      "company": "Tally"
    },
    "company": "Tally"
  },
  {
    "id": 1777702284003.5063,
    "ts": "2026-05-02T06:11:24.003Z",
    "level": "success",
    "message": "Fetched 28 groups",
    "meta": {
      "company": "Tally"
    },
    "company": "Tally"
  },
  {
    "id": 1777702283981.908,
    "ts": "2026-05-02T06:11:23.981Z",
    "level": "info",
    "message": "Fetching groups from Tally",
    "meta": {
      "company": "Tally"
    },
    "company": "Tally"
  },
  {
    "id": 1777702283972.4502,
    "ts": "2026-05-02T06:11:23.972Z",
    "level": "info",
    "message": "⏱ Auto-sync timer fired (run #1) for \"Tally\" — every 15 min. Starting sync now…",
    "meta": {
      "type": "auto_sync_triggered",
      "company": "Tally",
      "interval": "15 min",
      "runNumber": 1
    },
    "company": "Tally"
  },
  {
    "id": 1777702283573.9094,
    "ts": "2026-05-02T06:11:23.573Z",
    "level": "info",
    "message": "Fetching ALL vouchers from Tally",
    "meta": {
      "company": "Tally",
      "fromDate": "2026-04-02",
      "toDate": "2026-05-02"
    },
    "company": "Tally"
  },
  {
    "id": 1777702283560.7476,
    "ts": "2026-05-02T06:11:23.560Z",
    "level": "success",
    "message": "Fetched 9 stock items (0 with HSN/SAC, 0 with GST rate)",
    "meta": {
      "company": "Tally"
    },
    "company": "Tally"
  },
  {
    "id": 1777702283540.1672,
    "ts": "2026-05-02T06:11:23.540Z",
    "level": "info",
    "message": "Fetching stock items from Tally",
    "meta": {
      "company": "Tally"
    },
    "company": "Tally"
  },
  {
    "id": 1777702283528.3542,
    "ts": "2026-05-02T06:11:23.528Z",
    "level": "success",
    "message": "Fetched 68 ledgers",
    "meta": {
      "company": "Tally"
    },
    "company": "Tally"
  },
  {
    "id": 1777702283490.7766,
    "ts": "2026-05-02T06:11:23.490Z",
    "level": "info",
    "message": "Fetching ledgers from Tally",
    "meta": {
      "company": "Tally"
    },
    "company": "Tally"
  },
  {
    "id": 1777702283475.9329,
    "ts": "2026-05-02T06:11:23.475Z",
    "level": "success",
    "message": "Fetched 1 godowns",
    "meta": {
      "company": "Tally"
    },
    "company": "Tally"
  },
  {
    "id": 1777702283463.2876,
    "ts": "2026-05-02T06:11:23.463Z",
    "level": "info",
    "message": "Fetching godowns from Tally",
    "meta": {
      "company": "Tally"
    },
    "company": "Tally"
  },
  {
    "id": 1777702283450.9604,
    "ts": "2026-05-02T06:11:23.450Z",
    "level": "success",
    "message": "Fetched 3 cost centres",
    "meta": {
      "company": "Tally"
    },
    "company": "Tally"
  },
  {
    "id": 1777702283437.2764,
    "ts": "2026-05-02T06:11:23.437Z",
    "level": "info",
    "message": "Fetching cost centres from Tally",
    "meta": {
      "company": "Tally"
    },
    "company": "Tally"
  },
  {
    "id": 1777702283422.1426,
    "ts": "2026-05-02T06:11:23.422Z",
    "level": "success",
    "message": "Fetched 28 groups",
    "meta": {
      "company": "Tally"
    },
    "company": "Tally"
  },
  {
    "id": 1777702283401.182,
    "ts": "2026-05-02T06:11:23.401Z",
    "level": "info",
    "message": "Fetching groups from Tally",
    "meta": {
      "company": "Tally"
    },
    "company": "Tally"
  },
  {
    "id": 1777702283391.541,
    "ts": "2026-05-02T06:11:23.391Z",
    "level": "info",
    "message": "⏱ Auto-sync timer fired (run #1) for \"Tally\" — every 15 min. Starting sync now…",
    "meta": {
      "type": "auto_sync_triggered",
      "company": "Tally",
      "interval": "15 min",
      "runNumber": 1
    },
    "company": "Tally"
  },
  {
    "id": 1777702282993.5125,
    "ts": "2026-05-02T06:11:22.993Z",
    "level": "info",
    "message": "Fetching ALL vouchers from Tally",
    "meta": {
      "company": "Tally",
      "fromDate": "2026-04-02",
      "toDate": "2026-05-02"
    },
    "company": "Tally"
  },
  {
    "id": 1777702282981.4211,
    "ts": "2026-05-02T06:11:22.981Z",
    "level": "success",
    "message": "Fetched 9 stock items (0 with HSN/SAC, 0 with GST rate)",
    "meta": {
      "company": "Tally"
    },
    "company": "Tally"
  },
  {
    "id": 1777702282961.7595,
    "ts": "2026-05-02T06:11:22.961Z",
    "level": "info",
    "message": "Fetching stock items from Tally",
    "meta": {
      "company": "Tally"
    },
    "company": "Tally"
  },
  {
    "id": 1777702282949.5227,
    "ts": "2026-05-02T06:11:22.949Z",
    "level": "success",
    "message": "Fetched 68 ledgers",
    "meta": {
      "company": "Tally"
    },
    "company": "Tally"
  },
  {
    "id": 1777702282914.284,
    "ts": "2026-05-02T06:11:22.914Z",
    "level": "info",
    "message": "Fetching ledgers from Tally",
    "meta": {
      "company": "Tally"
    },
    "company": "Tally"
  },
  {
    "id": 1777702282903.5955,
    "ts": "2026-05-02T06:11:22.903Z",
    "level": "success",
    "message": "Fetched 1 godowns",
    "meta": {
      "company": "Tally"
    },
    "company": "Tally"
  },
  {
    "id": 1777702282890.814,
    "ts": "2026-05-02T06:11:22.890Z",
    "level": "info",
    "message": "Fetching godowns from Tally",
    "meta": {
      "company": "Tally"
    },
    "company": "Tally"
  },
  {
    "id": 1777702282877.2793,
    "ts": "2026-05-02T06:11:22.877Z",
    "level": "success",
    "message": "Fetched 3 cost centres",
    "meta": {
      "company": "Tally"
    },
    "company": "Tally"
  },
  {
    "id": 1777702282865.3394,
    "ts": "2026-05-02T06:11:22.865Z",
    "level": "info",
    "message": "Fetching cost centres from Tally",
    "meta": {
      "company": "Tally"
    },
    "company": "Tally"
  },
  {
    "id": 1777702282850.851,
    "ts": "2026-05-02T06:11:22.850Z",
    "level": "success",
    "message": "Fetched 28 groups",
    "meta": {
      "company": "Tally"
    },
    "company": "Tally"
  },
  {
    "id": 1777702282829.5222,
    "ts": "2026-05-02T06:11:22.829Z",
    "level": "info",
    "message": "Fetching groups from Tally",
    "meta": {
      "company": "Tally"
    },
    "company": "Tally"
  },
  {
    "id": 1777702282820.8157,
    "ts": "2026-05-02T06:11:22.820Z",
    "level": "info",
    "message": "⏱ Auto-sync timer fired (run #1) for \"Tally\" — every 15 min. Starting sync now…",
    "meta": {
      "type": "auto_sync_triggered",
      "company": "Tally",
      "interval": "15 min",
      "runNumber": 1
    },
    "company": "Tally"
  },
  {
    "id": 1777702282410.4666,
    "ts": "2026-05-02T06:11:22.410Z",
    "level": "info",
    "message": "Fetching ALL vouchers from Tally",
    "meta": {
      "company": "Tally",
      "fromDate": "2026-04-02",
      "toDate": "2026-05-02"
    },
    "company": "Tally"
  },
  {
    "id": 1777702282396.2327,
    "ts": "2026-05-02T06:11:22.396Z",
    "level": "success",
    "message": "Fetched 9 stock items (0 with HSN/SAC, 0 with GST rate)",
    "meta": {
      "company": "Tally"
    },
    "company": "Tally"
  }
]